sample,pcoa1,pcoa2,kingdom,phylum,batch
sample:24A1-A2-A3POS,-0.0437305815183173,-0.1174718284762461,Protozoa,Evosea,batch_05_OE25-1-ALL
sample:24S3POS,0.0375500760421941,-0.1029455653206406,Protozoa,Evosea,batch_05_OE25-1-ALL
sample:25S1-S2POS,-0.0274568264783336,-0.126880637527766,Protozoa,Evosea,batch_05_OE25-1-ALL
sample:68A1-A2-A3POS,-0.0283327404247591,-0.1229102804321566,Protozoa,Evosea,batch_05_OE25-1-ALL
sample:68S1-S2-S3POS,-0.0397318994821863,-0.1291164958712555,Protozoa,Evosea,batch_05_OE25-1-ALL
sample:ACNeff1POS,-0.1223317210655299,-0.1765251169187773,Protozoa,Discosea,batch_05_OE25-1-ALL
sample:ACNeff234POS,-0.1107967783130237,-0.1702348480511463,Protozoa,Discosea,batch_05_OE25-1-ALL
sample:ACNeffE25-123POS,-0.102935246203349,-0.1704742540534934,Protozoa,Discosea,batch_05_OE25-1-ALL
sample:I5POS_20240925024318,-0.1639247551850119,-0.2651934935069783,Animalia,Arthropoda,batch_03_OE23-POS
sample:I8POS,-0.1060636724844232,-0.1087166354545304,Animalia,Mollusca,batch_03_OE23-POS
sample:I8POS_20240925010944,-0.1342547261629278,-0.137601099311199,Animalia,Mollusca,batch_03_OE23-POS
sample:I9POS,-0.1145822389590989,-0.0930132599487267,Animalia,Arthropoda,batch_03_OE23-POS
sample:LHKa1POS,0.2566326849697231,-0.0092065748686005,Bacteria,Pseudomonadota,batch_05_OE25-1-ALL
sample:LHKa2POS,0.2616291716914418,-0.007089193365706,Bacteria,Pseudomonadota,batch_05_OE25-1-ALL
sample:LHKa3POS,0.2474370266845586,-0.0102325697978394,Bacteria,Pseudomonadota,batch_05_OE25-1-ALL
sample:Lu03POS_20240924172144,-0.1397931980870624,-0.2256822249844352,Animalia,Arthropoda,batch_03_OE23-POS
sample:Lu04POS_20240924110720,-0.1424765444514876,-0.1937325312408545,Animalia,Arthropoda,batch_03_OE23-POS
sample:Lu05POS,-0.1054591557010817,-0.0465842173715854,Animalia,Arthropoda,batch_03_OE23-POS
sample:Lu07POS_20240924182408,-0.1534071799199259,-0.2404333994231092,Animalia,Arthropoda,batch_03_OE23-POS
sample:Lu08POS,-0.1068411296633105,-0.0378473592967244,Animalia,Arthropoda,batch_03_OE23-POS
sample:Lu11POS,-0.0733404275030527,-0.1363145333231821,Animalia,Arthropoda,batch_03_OE23-POS
sample:Lu12POS,-0.0647119181977301,-0.1179320285275579,Animalia,Arthropoda,batch_03_OE23-POS
sample:Lu13POS,-0.1222786408359199,-0.1845064400324632,Animalia,Arthropoda,batch_03_OE23-POS
sample:Lu16POS,-0.1119522474461611,-0.1740852913131726,Animalia,Arthropoda,batch_03_OE23-POS
sample:Lu18POS,-0.0970480490378917,-0.1197877966731545,Plantae,Streptophyta,batch_03_OE23-POS
sample:N-clarki-1POS,-0.0105474656111241,-0.091591766100609,Protozoa,Heterolobosea,batch_05_OE25-1-ALL
sample:N1POS,-0.0104007392480477,-0.0466110043908413,Animalia,Nematoda,batch_03_OE23-POS
sample:N2POS,-0.0761679184672255,-0.1296958044916425,Animalia,Nematoda,batch_03_OE23-POS
sample:N2POS_20240925051918,-0.1083279431736985,-0.1348020060168824,Animalia,Nematoda,batch_03_OE23-POS
sample:N3POS,-0.1007889896473415,-0.0968310937409755,Animalia,Nematoda,batch_03_OE23-POS
sample:NClarki2POS,-0.0329542024324615,-0.0857173570836586,Protozoa,Heterolobosea,batch_05_OE25-1-ALL
sample:Nkorea-1POS,-0.0434003957719431,-0.0997432098103731,Protozoa,Heterolobosea,batch_05_OE25-1-ALL
sample:Nkorea2POS,0.0353700092208256,-0.0957879323128774,Protozoa,Heterolobosea,batch_05_OE25-1-ALL
sample:OE11-3-E4-A1POS,-0.0802745184944081,-0.0259462591593574,Bacteria,Actinomycetota,batch_01_OE11-3-POS
sample:OE11-3-E4-A4POS,-0.0819659089164171,-0.0217442688882062,Archaea,Methanobacteriota,batch_01_OE11-3-POS
sample:OE11-3-E4-B5POS,-0.0634888286248504,-0.0114067322214595,Bacteria,Actinomycetota,batch_01_OE11-3-POS
sample:OE11-3-E4-F6POS,-0.14354551045705,-0.1495717622335035,Fungi,Mucoromycota,batch_01_OE11-3-POS
sample:OE11-3-E4-P18POS,-0.1232063848513167,-0.0759163195128284,Plantae,Streptophyta,batch_01_OE11-3-POS
sample:OE11-3-E4-P27POS,-0.1103334362458667,-0.0629343966674317,Plantae,Streptophyta,batch_01_OE11-3-POS
sample:OE11-E4-A7POS,-0.1048293680578622,-0.0184820476944928,Archaea,Methanobacteriota,batch_01_OE11-3-POS
sample:OE11-E4-B3POS,-0.088418626046058,-0.0163428527165004,Archaea,Methanobacteriota,batch_01_OE11-3-POS
sample:OE11-E4-B4POS,-0.1004549447506428,-0.0463802072655964,Bacteria,Actinomycetota,batch_01_OE11-3-POS
sample:OE11-E4-F15POS,-0.1412431696410179,-0.1670395509176796,Fungi,Basidiomycota,batch_01_OE11-3-POS
sample:OE11-E4-F2POS,-0.1032090479817807,-0.0598287418426566,Fungi,Ascomycota,batch_01_OE11-3-POS
sample:OE11-E4-F47POS,-0.1451215565937264,-0.156493961650483,Fungi,Mucoromycota,batch_01_OE11-3-POS
sample:OE11-E4-P11POS,-0.1145726257521994,-0.056534935174567,Plantae,Streptophyta,batch_01_OE11-3-POS
sample:OE11-E4-P14POS,-0.1344666467730342,-0.108208164500725,Plantae,Streptophyta,batch_01_OE11-3-POS
sample:OE11-E4-P26POS,-0.0945007141622303,-0.0346907990489141,Plantae,Streptophyta,batch_01_OE11-3-POS
sample:OE21-4-11POS,0.229357312772569,0.0056819833480141,Bacteria,Bacillota,batch_02_OE21-4-POS
sample:OE21-4-19POS,0.168487562423802,0.0323978740253514,Bacteria,Bacillota,batch_02_OE21-4-POS
sample:OE21-4-28POS,0.2141594311803482,0.0046317343271689,Bacteria,Bacillota,batch_02_OE21-4-POS
sample:OE21-4-31POS,0.2391958576503094,0.0180556956820163,Bacteria,Bacillota,batch_02_OE21-4-POS
sample:OE21-4-34POS,0.2156554034510358,0.0027826341042767,Bacteria,Bacillota,batch_02_OE21-4-POS
sample:OE21-4-A10POS,0.1872652193265263,0.0227388625299933,Archaea,Methanobacteriota,batch_02_OE21-4-POS
sample:OE21-4-A12POS,0.2481610820362745,0.023039136721349,Archaea,Methanobacteriota,batch_02_OE21-4-POS
sample:OE21-4-A1POS,0.2234579898527831,0.0175719959831235,Archaea,Thermoproteota,batch_02_OE21-4-POS
sample:OE21-4-A1POS_20240618215255,-0.0538627737092187,-0.0396884984681242,Archaea,Thermoproteota,batch_02_OE21-4-POS
sample:OE21-4-A3POS,0.1481763118491158,0.0121571862456894,Archaea,Thermoproteota,batch_02_OE21-4-POS
sample:OE21-4-A5POS,0.1360661275005941,0.0087546528271474,Archaea,Methanobacteriota,batch_02_OE21-4-POS
sample:OE21-4-A6POS,0.1850639111134281,-0.0032723988727912,Archaea,Methanobacteriota,batch_02_OE21-4-POS
sample:OE21-4-A9POS,0.1886670930087084,-0.0154829676140448,Archaea,Methanobacteriota,batch_02_OE21-4-POS
sample:OE21-4-B9POS,0.0930650751182477,-0.0726456670944479,Bacteria,Actinomycetota,batch_02_OE21-4-POS
sample:OE21-4-E6C13POS,-0.0688086624188467,-6.735442756947296e-05,Bacteria,Actinomycetota,batch_02_OE21-4-POS
sample:OE21-4-E6C21POS,-0.0525756155212181,0.0050187974829791,Bacteria,Actinomycetota,batch_02_OE21-4-POS
sample:OE21-4-E6C4POS,-0.0821515503129737,-0.0011479899817264,Bacteria,Actinomycetota,batch_02_OE21-4-POS
sample:OE21-4-E6C6POS,-0.0628538530704632,0.0024780286677155,Bacteria,Actinomycetota,batch_02_OE21-4-POS
sample:OE21-4-E8F38POS,-0.1739444200265659,-0.3560106308711079,Fungi,Ascomycota,batch_02_OE21-4-POS
sample:OE21-4-E8F41POS,-0.1723120438911856,-0.3151502548241283,Fungi,Ascomycota,batch_02_OE21-4-POS
sample:OE21-4-E8F42POS,-0.1598600241576232,-0.30550542287439,Fungi,Ascomycota,batch_02_OE21-4-POS
sample:OE21-4-E8F44POS,-0.1526263203817858,-0.3041542917272289,Fungi,Ascomycota,batch_02_OE21-4-POS
sample:OE21-4-E8F45POS,-0.1631636361070205,-0.2839796089091077,Fungi,Ascomycota,batch_02_OE21-4-POS
sample:OE21-4-E8F51POS,-0.1546498167488573,-0.3093199242333634,Fungi,Ascomycota,batch_02_OE21-4-POS
sample:OE21-4-E8F56POS,-0.1784844095786832,-0.3417293170180613,Fungi,Ascomycota,batch_02_OE21-4-POS
sample:OE21-4-F10POS,-0.0157033660157774,-0.0220375990234455,Fungi,Basidiomycota,batch_02_OE21-4-POS
sample:OE21-4-F12POS,-0.1179738120922474,-0.2691893835884502,Fungi,Basidiomycota,batch_02_OE21-4-POS
sample:OE21-4-F29POS,0.2586397973620831,0.0380908518437781,Fungi,Ascomycota,batch_02_OE21-4-POS
sample:OE21-4-F3POS,-0.0631479173807787,-0.2749802011505964,Fungi,Ascomycota,batch_02_OE21-4-POS
sample:OE21-4-F5POS,-0.0080345742167761,-0.1354087361572538,Fungi,Basidiomycota,batch_02_OE21-4-POS
sample:OE21-4-F7POS,-0.1347351914126053,-0.3373575331555483,Fungi,Basidiomycota,batch_02_OE21-4-POS
sample:OE21-4-F8POS,-0.0213083435224974,-0.2606059121516759,Fungi,Basidiomycota,batch_02_OE21-4-POS
sample:OE21-4-F9POS,-0.1128027741177853,-0.3210441212302521,Fungi,Basidiomycota,batch_02_OE21-4-POS
sample:OE21-4-P1POS,-0.0327543721731801,-0.1805569122979631,Plantae,Streptophyta,batch_02_OE21-4-POS
sample:OE21-4-P2POS,-0.1191330138195214,-0.2843659826419307,Plantae,Streptophyta,batch_02_OE21-4-POS
sample:OE21-4-P4POS,-0.0885620081200118,-0.2684558927705074,Plantae,Streptophyta,batch_02_OE21-4-POS
sample:OE21-4-P5POS,-0.067684240066102,-0.2867889527913916,Plantae,Streptophyta,batch_02_OE21-4-POS
sample:OE21-4-P6POS,-0.0748014165720559,-0.2417462116701456,Plantae,Streptophyta,batch_02_OE21-4-POS
sample:OE21-4-P7POS,-0.0306677417084574,-0.2328177962761062,Plantae,Streptophyta,batch_02_OE21-4-POS
sample:OE21-4-P9POS,-0.0756214264021044,-0.2500992788739021,Plantae,Streptophyta,batch_02_OE21-4-POS
sample:OE25102891POS,-0.2167180854944448,0.2590401018645813,Bacteria,Actinomycetota,batch_04_OE26-1POS
sample:OE25AC1BU-2POS,-0.1687698900914607,0.1320219142172312,Protozoa,Discosea,batch_04_OE26-1POS
sample:OE25AC1BU1POS,-0.1622557506680421,0.1163992447756416,Protozoa,Discosea,batch_04_OE26-1POS
sample:OE25AC1BU3POS,-0.1773588937390348,0.1523875887820716,Protozoa,Discosea,batch_04_OE26-1POS
sample:OE25AGS-3POS,-0.179737944623202,0.1568955153894841,Protozoa,Discosea,batch_04_OE26-1POS
sample:OE25CaferRCC970POS,-0.1287581713294127,0.0608599150439502,Protozoa,Bicosoecida,batch_04_OE26-1POS
sample:OE25DSM1988POS,-0.2478375367276337,0.3293248916799634,Fungi,Ascomycota,batch_04_OE26-1POS
sample:OE25ECOLI1POS,-0.1319293282892402,0.0177126306636153,Bacteria,Pseudomonadota,batch_04_OE26-1POS
sample:OE25ECOLI2POS,-0.1320758408010339,0.0183076118112164,Bacteria,Pseudomonadota,batch_04_OE26-1POS
sample:OE25ECOLI3POS,-0.1330612081734917,0.0188586508241245,Bacteria,Pseudomonadota,batch_04_OE26-1POS
sample:OE25F11POS,-0.263923839955127,0.3946338676104763,Fungi,Basidiomycota,batch_04_OE26-1POS
sample:OE25F13POS,-0.2801876696566778,0.4361556863335034,Fungi,Ascomycota,batch_04_OE26-1POS
sample:OE25F15POS,-0.2777950141502299,0.4297704123256874,Fungi,Basidiomycota,batch_04_OE26-1POS
sample:OE25F1POS,-0.1451411393948042,0.0786232468834838,Fungi,Ascomycota,batch_04_OE26-1POS
sample:OE25F2POS,-0.1647575482206077,0.1269917785630023,Fungi,Ascomycota,batch_04_OE26-1POS
sample:OE25F30POS,-0.1418732581743527,0.0886878439954595,Fungi,Ascomycota,batch_04_OE26-1POS
sample:OE25F31POS,-0.1688746365898425,0.1264342668221556,Fungi,Mortierellomycota,batch_04_OE26-1POS
sample:OE25F32POS,-0.2599109662272466,0.3813305936141593,Fungi,Mucoromycota,batch_04_OE26-1POS
sample:OE25F34POS,-0.2174809360304578,0.2577479258080672,Fungi,Ascomycota,batch_04_OE26-1POS
sample:OE25F36POS,-0.3014235640156327,0.4720123865232585,Fungi,Ascomycota,batch_04_OE26-1POS
sample:OE25F37POS,-0.1268398601652319,0.0614667626450739,Fungi,Ascomycota,batch_04_OE26-1POS
sample:OE25F3POS,-0.258664574340606,0.3838991665310007,Fungi,Ascomycota,batch_04_OE26-1POS
sample:OE25F40POS,-0.2070733589587285,0.2466436675306249,Fungi,Ascomycota,batch_04_OE26-1POS
sample:OE25F41POS,-0.2998363811926186,0.471142450767603,Fungi,Ascomycota,batch_04_OE26-1POS
sample:OE25F42POS,-0.2683107384310648,0.3798790655765724,Fungi,Ascomycota,batch_04_OE26-1POS
sample:OE25F45POS,-0.2931851900531761,0.4536475724879756,Fungi,Ascomycota,batch_04_OE26-1POS
sample:OE25F47POS,-0.2899421407352202,0.4527464094091251,Fungi,Mucoromycota,batch_04_OE26-1POS
sample:OE25F48POS,-0.2024691717459724,0.2158171414964145,Fungi,Ascomycota,batch_04_OE26-1POS
sample:OE25F4POS,-0.1766495415596312,0.1694648583731029,Fungi,Basidiomycota,batch_04_OE26-1POS
sample:OE25F52POS,-0.1926472818543818,0.1877988343295104,Fungi,Ascomycota,batch_04_OE26-1POS
sample:OE25F53POS,-0.3087196806662845,0.4917042918334941,Fungi,Ascomycota,batch_04_OE26-1POS
sample:OE25F55POS,-0.2799096222067338,0.4181887005510274,Fungi,Mucoromycota,batch_04_OE26-1POS
sample:OE25F57POS,-0.2612836573071752,0.3795121458733271,Fungi,Mucoromycota,batch_04_OE26-1POS
sample:OE25F61POS,-0.2453519959447086,0.3369612511358686,Fungi,Ascomycota,batch_04_OE26-1POS
sample:OE25F6POS,-0.2147844368753639,0.2576208801045731,Fungi,Mucoromycota,batch_04_OE26-1POS
sample:OE25FSNELMIPOS,-0.1094036022101289,0.0062232865490963,Archaea,Methanobacteriota,batch_04_OE26-1POS
sample:OE25HVOLCANIPOS,-0.1174783004640886,0.0114368571572783,Archaea,Methanobacteriota,batch_04_OE26-1POS
sample:OE25MFERIDUSPOS,-0.1258129979132409,0.0095044400442659,Archaea,Methanobacteriota,batch_04_OE26-1POS
sample:OE25MJAMPOS,-0.1211006043997879,0.0085996864728932,Archaea,Methanobacteriota,batch_04_OE26-1POS
sample:OE25MKANDELERIPOS,-0.1191981068736025,0.0068323635858498,Archaea,Methanobacteriota,batch_04_OE26-1POS
sample:OE25MMURBA-POS,-0.1229298343331849,0.0076799049942182,Archaea,Methanobacteriota,batch_04_OE26-1POS
sample:OE25MOKINAWAPOS,-0.120134372697341,0.005889285207589,Archaea,Methanobacteriota,batch_04_OE26-1POS
sample:OE25MSTAMSIIPOS,-0.114716892332032,0.0049941555830089,Archaea,Methanobacteriota,batch_04_OE26-1POS
sample:OE25NG1POS,-0.1123827003318385,0.0110816977863399,Protozoa,Heterolobosea,batch_04_OE26-1POS
sample:OE25Rhogo-1POS,-0.1302516052735642,0.0200163760434252,Protozoa,Cercozoa,batch_04_OE26-1POS
sample:P-ALGOPOS,0.4429181514671339,0.0789470305385161,Bacteria,Bacillota,batch_06_ALL-25-2
sample:P12075-1POS,0.5242724612298774,0.0998138347339795,Bacteria,Bacillota,batch_06_ALL-25-2
sample:P12075-2POS,0.5130849479497683,0.0985609316909525,Bacteria,Bacillota,batch_06_ALL-25-2
sample:P12075-3POS,0.5209376047677805,0.0973108234282651,Bacteria,Bacillota,batch_06_ALL-25-2
sample:P12075-4POS,0.5268808070693478,0.0920503461460804,Bacteria,Bacillota,batch_06_ALL-25-2
sample:P12082POS,0.4755069380006057,0.0761935957406433,Bacteria,Bacillota,batch_06_ALL-25-2
sample:P12103-FTPOS,0.500798535061048,0.0937477079918855,Bacteria,Bacillota,batch_06_ALL-25-2
sample:P12233-1POS,0.412270878263401,0.0618981130954672,Bacteria,Bacillota,batch_05_OE25-1-ALL
sample:P12233-2POS,0.5283726409475397,0.0935654387852198,Bacteria,Bacillota,batch_06_ALL-25-2
sample:P12233-3POS,0.5033962887493643,0.083778332173744,Bacteria,Bacillota,batch_06_ALL-25-2
sample:P12233-4POS,0.5228926795414608,0.089304645401966,Bacteria,Bacillota,batch_06_ALL-25-2
sample:P12265-1POS,0.4845267475661176,0.0844111397658079,Bacteria,Bacillota,batch_06_ALL-25-2
sample:P12265-2POS,0.4850355294310207,0.087807358578693,Bacteria,Bacillota,batch_06_ALL-25-2
sample:P12265-3POS,0.4575720771424024,0.0797130281225291,Bacteria,Bacillota,batch_06_ALL-25-2
sample:P12265-4POS,0.5063834878606145,0.0950244841457823,Bacteria,Bacillota,batch_06_ALL-25-2
sample:P13602POS,0.4845941104465696,0.0853892314867437,Bacteria,Bacillota,batch_06_ALL-25-2
sample:P34POS,-0.0965429860194848,-0.0059584149961383,Bacteria,Cyanobacteriota,batch_03_OE23-POS
sample:P37POS,-0.1164268674744705,-0.0889170917381648,Plantae,Streptophyta,batch_03_OE23-POS
sample:P46POS,-0.1088826929661842,-0.0983338355325326,Plantae,Chlorophyta,batch_03_OE23-POS
sample:P49POS,-0.100759472538201,-0.026244500546001,Plantae,Chlorophyta,batch_03_OE23-POS
sample:P55POS,-0.1332083115833548,-0.2006142964553263,Plantae,Chlorophyta,batch_03_OE23-POS
sample:P56POS_20240924144544,-0.1040724251883906,-0.0844544805304821,Plantae,Chlorophyta,batch_03_OE23-POS
sample:P58POS_20240924151656,-0.1190022369243148,-0.0898290593347359,Plantae,Chlorophyta,batch_03_OE23-POS
sample:UV120-FIRSTPOS,0.2004943832550202,-0.0283916305466671,Bacteria,Actinomycetota,batch_06_ALL-25-2
sample:UV231-1POS,0.4935644606861628,0.0852410088119012,Bacteria,Bacillota,batch_06_ALL-25-2
sample:UV231-2POS,0.4856638243896679,0.0860175213277028,Bacteria,Bacillota,batch_06_ALL-25-2
sample:UV231-3POS,0.4915147293963197,0.0870973707182931,Bacteria,Bacillota,batch_06_ALL-25-2
sample:UV231-4POS,0.4919318770238761,0.081447909953843,Bacteria,Bacillota,batch_06_ALL-25-2
sample:UV238POS,0.371570587247471,0.0636869312628478,Bacteria,Actinomycetota,batch_06_ALL-25-2
sample:UV264POS,0.0901074481516924,-0.0409490588865571,Bacteria,Pseudomonadota,batch_06_ALL-25-2
sample:UV287-1POS,0.4574742321014937,0.0869647977075026,Bacteria,Actinomycetota,batch_06_ALL-25-2
sample:UV287-2POS,0.45699002782813,0.089411192819323,Bacteria,Actinomycetota,batch_06_ALL-25-2
sample:UV287-3POS,0.4281362714813806,0.0887331581452374,Bacteria,Actinomycetota,batch_06_ALL-25-2
sample:UV287-4POS,0.433217554978822,0.0737471649436411,Bacteria,Actinomycetota,batch_06_ALL-25-2
sample:UV331POS,0.1955883809886606,0.0079102008898629,Bacteria,Pseudomonadota,batch_06_ALL-25-2
