feature_id,batch,component,propagated_label,family_size,annotated_members,agreement,round,phylum,kingdom
NEG_101,ALL-25-2-NEG,1142,FA,2,1,1.0,1,Ascomycota,Fungi
NEG_1716,ALL-25-2-NEG,38,GlcCer,2,1,1.0,1,Streptophyta,Plantae
NEG_2054,ALL-25-2-NEG,4630,PG,2,1,1.0,1,Streptophyta,Plantae
NEG_4263,OE26-1-NEG,483,Glycerophospholipid,6,1,1.0,1,Heterolobosea,Protozoa
NEG_4384,OE26-1-NEG,483,Glycerophospholipid,6,1,1.0,1,Heterolobosea,Protozoa
NEG_4452,OE26-1-NEG,483,Glycerophospholipid,6,1,1.0,1,Heterolobosea,Protozoa
NEG_5162,OE26-1-NEG,483,Glycerophospholipid,6,1,1.0,1,Heterolobosea,Protozoa
NEG_5244,OE26-1-NEG,483,Glycerophospholipid,6,1,1.0,1,Heterolobosea,Protozoa
NEG_6229,OE26-1-NEG,611,Glycerophospholipid,4,2,1.0,1,Heterolobosea,Protozoa
NEG_6264,OE26-1-NEG,611,Glycerophospholipid,4,2,1.0,1,Heterolobosea,Protozoa
NEG_6599,OE23-NEG,4964,Glycerophospholipid,2,1,1.0,1,Arthropoda,Animalia
NEG_6872,OE26-1-NEG,3685,Glycerophospholipid,2,1,1.0,1,Heterolobosea,Protozoa
NEG_10738,ALL-25-2-NEG,299,cPA,4,1,1.0,1,Actinomycetota,Bacteria
NEG_81893,ALL-25-2-NEG,299,cPA,4,1,1.0,1,Streptophyta,Plantae
NEG_88476,ALL-25-2-NEG,299,cPA,4,1,1.0,1,Ascomycota,Fungi
NEG_8484,OE26-1-NEG,5288,Glycerophospholipid,2,1,1.0,1,Heterolobosea,Protozoa
NEG_8758,ALL-25-2-NEG,275,Glycerophospholipid,3,1,1.0,1,Streptophyta,Plantae
NEG_15049,ALL-25-2-NEG,275,Glycerophospholipid,3,1,1.0,1,Ascomycota,Fungi
NEG_12894,ALL-25-2-NEG,1336,LPI,3,1,1.0,1,Ascomycota,Fungi
NEG_25661,ALL-25-2-NEG,1336,LPI,3,1,1.0,1,Pseudomonadota,Bacteria
NEG_55201,OE25-1-NEG,322,Glycerophospholipid,2,1,1.0,1,Evosea,Protozoa
NEG_15238,OE23-NEG,11130,FA,2,1,1.0,1,Arthropoda,Animalia
NEG_33683,ALL-25-2-NEG,6019,GlcCer,2,1,1.0,1,Ascomycota,Fungi
NEG_25675,ALL-25-2-NEG,461,Glycerophospholipid,4,2,0.5,1,Ascomycota,Fungi
NEG_81977,ALL-25-2-NEG,461,Glycerophospholipid,4,2,0.5,1,Actinomycetota,Bacteria
NEG_17342,OE26-1-NEG,11276,Glycerophospholipid,2,1,1.0,1,Heterolobosea,Protozoa
NEG_19303,OE25-1-NEG,5,PG,2,1,1.0,1,Evosea,Protozoa
NEG_84270,OE25-1-NEG,622,PE,3,2,1.0,1,Evosea,Protozoa
NEG_21156,OE23-NEG,2703,PE,2,1,1.0,1,Arthropoda,Animalia
NEG_24959,OE26-1-NEG,4585,Glycerophospholipid,2,1,1.0,1,Heterolobosea,Protozoa
NEG_23709,ALL-25-2-NEG,470,Glycerophospholipid,2,1,1.0,1,Ascomycota,Fungi
NEG_26699,OE26-1-NEG,10586,PI,2,1,1.0,1,Heterolobosea,Protozoa
NEG_26329,OE23-NEG,6490,LPC,2,1,1.0,1,Arthropoda,Animalia
NEG_30151,OE23-NEG,11414,OAHFA,2,1,1.0,1,Arthropoda,Animalia
NEG_26519,OE23-NEG,371,OAHFA,7,4,1.0,1,Arthropoda,Animalia
NEG_30237,OE23-NEG,371,OAHFA,7,4,1.0,1,Arthropoda,Animalia
NEG_30238,OE23-NEG,371,OAHFA,7,4,1.0,1,Arthropoda,Animalia
NEG_30294,OE23-NEG,200,LPC,2,1,1.0,1,Arthropoda,Animalia
NEG_32565,OE23-NEG,408,Glycerophospholipid,2,1,1.0,1,Mollusca,Animalia
NEG_33520,OE23-NEG,1154,Cer,2,1,1.0,1,Arthropoda,Animalia
NEG_35983,OE23-NEG,630,SM,3,2,1.0,1,Mollusca,Animalia
NEG_37774,OE26-1-NEG,358,GlcCer,6,2,1.0,1,Heterolobosea,Protozoa
NEG_37917,OE26-1-NEG,358,GlcCer,6,2,1.0,1,Heterolobosea,Protozoa
NEG_38088,OE26-1-NEG,358,GlcCer,6,2,1.0,1,Heterolobosea,Protozoa
NEG_38243,OE26-1-NEG,358,GlcCer,6,2,1.0,1,Heterolobosea,Protozoa
NEG_41596,OE25-1-NEG,129,Glycerophospholipid,4,3,1.0,1,Evosea,Protozoa
NEG_41017,OE26-1-NEG,1559,Glycerophospholipid,3,1,1.0,1,Heterolobosea,Protozoa
NEG_50435,OE26-1-NEG,1559,Glycerophospholipid,3,1,1.0,1,Heterolobosea,Protozoa
NEG_42323,OE23-NEG,14149,Cer,2,1,1.0,1,Arthropoda,Animalia
NEG_42534,OE23-NEG,14415,Cer,2,1,1.0,1,Arthropoda,Animalia
NEG_48301,OE26-1-NEG,2647,PA,2,1,1.0,1,Heterolobosea,Protozoa
NEG_48885,OE23-NEG,4827,Glycerophospholipid,2,1,1.0,1,Mollusca,Animalia
NEG_66076,OE23-NEG,15284,Glycerophospholipid,4,2,0.5,1,Arthropoda,Animalia
NEG_72056,OE23-NEG,15284,Glycerophospholipid,4,2,0.5,1,Arthropoda,Animalia
NEG_60222,OE25-1-NEG,196,PC,5,1,1.0,1,Evosea,Protozoa
NEG_60413,OE25-1-NEG,196,PC,5,1,1.0,1,Evosea,Protozoa
NEG_60637,OE25-1-NEG,196,PC,5,1,1.0,1,Evosea,Protozoa
NEG_60638,OE25-1-NEG,196,PC,5,1,1.0,1,Evosea,Protozoa
NEG_71827,OE23-NEG,2992,MGDG,2,1,1.0,1,Nematoda,Animalia
NEG_69047,OE23-NEG,7,SM,3,1,1.0,1,Ascomycota,Fungi
NEG_72783,OE23-NEG,7,SM,3,1,1.0,1,Mollusca,Animalia
NEG_77315,ALL-25-2-NEG,157,PE,2,1,1.0,1,Streptophyta,Plantae
NEG_75574,OE25-1-NEG,141,PI,2,1,1.0,1,Evosea,Protozoa
NEG_90101,OE23-NEG,5110,PA,2,1,1.0,1,Arthropoda,Animalia
NEG_95951,OE23-NEG,52,DGDG,3,1,1.0,1,Chlorophyta,Plantae
NEG_100424,OE23-NEG,52,DGDG,3,1,1.0,1,Chlorophyta,Plantae
NEG_105698,OE23-NEG,626,PS,28,1,1.0,1,Nematoda,Animalia
NEG_105756,OE23-NEG,626,PS,28,1,1.0,1,Nematoda,Animalia
NEG_106061,OE23-NEG,626,PS,28,1,1.0,1,Nematoda,Animalia
NEG_106446,OE23-NEG,626,PS,28,1,1.0,1,Nematoda,Animalia
NEG_106492,OE23-NEG,626,PS,28,1,1.0,1,Nematoda,Animalia
NEG_106532,OE23-NEG,626,PS,28,1,1.0,1,Nematoda,Animalia
NEG_106747,OE23-NEG,626,PS,28,1,1.0,1,Nematoda,Animalia
NEG_106776,OE23-NEG,626,PS,28,1,1.0,1,Nematoda,Animalia
NEG_106777,OE23-NEG,626,PS,28,1,1.0,1,Nematoda,Animalia
NEG_106931,OE23-NEG,626,PS,28,1,1.0,1,Nematoda,Animalia
NEG_107078,OE23-NEG,626,PS,28,1,1.0,1,Nematoda,Animalia
NEG_107079,OE23-NEG,626,PS,28,1,1.0,1,Nematoda,Animalia
NEG_107131,OE23-NEG,626,PS,28,1,1.0,1,Nematoda,Animalia
NEG_107163,OE23-NEG,626,PS,28,1,1.0,1,Nematoda,Animalia
NEG_107265,OE23-NEG,626,PS,28,1,1.0,1,Nematoda,Animalia
NEG_107282,OE23-NEG,626,PS,28,1,1.0,1,Nematoda,Animalia
NEG_107324,OE23-NEG,626,PS,28,1,1.0,1,Nematoda,Animalia
NEG_107487,OE23-NEG,626,PS,28,1,1.0,1,Nematoda,Animalia
NEG_107552,OE23-NEG,626,PS,28,1,1.0,1,Nematoda,Animalia
NEG_107553,OE23-NEG,626,PS,28,1,1.0,1,Nematoda,Animalia
NEG_107598,OE23-NEG,626,PS,28,1,1.0,1,Nematoda,Animalia
NEG_107696,OE23-NEG,626,PS,28,1,1.0,1,Nematoda,Animalia
NEG_107697,OE23-NEG,626,PS,28,1,1.0,1,Nematoda,Animalia
NEG_107698,OE23-NEG,626,PS,28,1,1.0,1,Nematoda,Animalia
NEG_107816,OE23-NEG,626,PS,28,1,1.0,1,Nematoda,Animalia
NEG_108251,OE23-NEG,626,PS,28,1,1.0,1,Nematoda,Animalia
NEG_108520,OE23-NEG,626,PS,28,1,1.0,1,Nematoda,Animalia
NEG_113888,OE23-NEG,178,CL,6,1,1.0,1,Arthropoda,Animalia
NEG_113996,OE23-NEG,178,CL,6,1,1.0,1,Arthropoda,Animalia
NEG_114027,OE23-NEG,178,CL,6,1,1.0,1,Arthropoda,Animalia
NEG_115158,OE23-NEG,178,CL,6,1,1.0,1,Arthropoda,Animalia
NEG_116155,OE23-NEG,178,CL,6,1,1.0,1,Arthropoda,Animalia
