sample,true_phylum,true_group,Bacteria,Archaea,Fungi,Plantae,Animalia,Protozoa,correct_group_pct,dominant_group,dominant_correct
sample:24A1-A2-A3POS,Evosea,Protozoa,5.78,0.0,5.2,2.17,3.75,83.1,83.1,Protozoa,1
sample:24S3POS,Evosea,Protozoa,10.8,0.0,6.77,2.97,2.06,77.4,77.4,Protozoa,1
sample:25S1-S2POS,Evosea,Protozoa,5.24,0.0,4.1,2.25,1.71,86.7,86.7,Protozoa,1
sample:68A1-A2-A3POS,Evosea,Protozoa,4.39,0.0,2.47,2.12,1.97,89.05,89.05,Protozoa,1
sample:68S1-S2-S3POS,Evosea,Protozoa,5.83,0.0,5.83,3.4,1.18,83.76,83.76,Protozoa,1
sample:ACNeff1POS,Discosea,Protozoa,1.34,0.0,20.08,2.51,5.13,70.94,70.94,Protozoa,1
sample:ACNeff234POS,Discosea,Protozoa,1.61,0.0,22.63,2.16,10.75,62.85,62.85,Protozoa,1
sample:ACNeffE25-123POS,Discosea,Protozoa,6.54,0.0,12.87,1.79,5.26,73.54,73.54,Protozoa,1
sample:I5POS_20240925024318,Arthropoda,Animalia,2.81,0.0,25.87,26.2,29.64,15.48,29.64,Animalia,1
sample:I8POS,Mollusca,Animalia,2.0,0.0,40.59,8.91,37.13,11.37,37.13,Fungi,0
sample:I8POS_20240925010944,Mollusca,Animalia,3.07,0.0,16.69,12.06,55.42,12.77,55.42,Animalia,1
sample:I9POS,Arthropoda,Animalia,0.75,0.0,34.21,17.9,35.03,12.11,35.03,Animalia,1
sample:LHKa1POS,Pseudomonadota,Bacteria,82.23,0.0,1.06,1.98,2.19,12.55,82.23,Bacteria,1
sample:LHKa2POS,Pseudomonadota,Bacteria,85.98,0.0,1.29,1.52,1.85,9.36,85.98,Bacteria,1
sample:LHKa3POS,Pseudomonadota,Bacteria,82.15,0.0,0.3,2.06,1.82,13.67,82.15,Bacteria,1
sample:Lu03POS_20240924172144,Arthropoda,Animalia,2.98,0.0,32.25,4.93,45.6,14.23,45.6,Animalia,1
sample:Lu04POS_20240924110720,Arthropoda,Animalia,4.18,0.0,19.5,7.57,51.28,17.47,51.28,Animalia,1
sample:Lu05POS,Arthropoda,Animalia,0.53,0.0,3.33,0.6,94.49,1.05,94.49,Animalia,1
sample:Lu07POS_20240924182408,Arthropoda,Animalia,6.51,0.0,21.55,16.21,29.58,26.15,29.58,Animalia,1
sample:Lu08POS,Arthropoda,Animalia,14.82,0.0,23.86,7.12,40.56,13.64,40.56,Animalia,1
sample:Lu11POS,Arthropoda,Animalia,9.7,0.0,26.71,5.5,52.7,5.39,52.7,Animalia,1
sample:Lu12POS,Arthropoda,Animalia,15.85,0.0,19.73,7.69,49.28,7.45,49.28,Animalia,1
sample:Lu13POS,Arthropoda,Animalia,5.82,0.0,28.46,20.99,42.08,2.65,42.08,Animalia,1
sample:Lu16POS,Arthropoda,Animalia,7.37,0.0,36.92,6.35,39.03,10.33,39.03,Animalia,1
sample:Lu18POS,Streptophyta,Plantae,1.16,0.0,34.55,52.64,8.83,2.82,52.64,Plantae,1
sample:N-clarki-1POS,Heterolobosea,Protozoa,4.07,0.0,1.84,0.48,2.35,91.25,91.25,Protozoa,1
sample:N1POS,Nematoda,Animalia,37.63,0.0,11.12,2.05,38.23,10.97,38.23,Animalia,1
sample:N2POS,Nematoda,Animalia,21.02,0.0,11.7,17.79,19.35,30.15,19.35,Protozoa,0
sample:N2POS_20240925051918,Nematoda,Animalia,16.64,0.0,24.6,2.98,10.64,45.15,10.64,Protozoa,0
sample:N3POS,Nematoda,Animalia,31.99,0.0,18.72,0.66,32.87,15.76,32.87,Animalia,1
sample:NClarki2POS,Heterolobosea,Protozoa,13.29,0.0,7.12,1.12,4.86,73.61,73.61,Protozoa,1
sample:Nkorea-1POS,Heterolobosea,Protozoa,3.74,0.0,4.02,0.17,0.38,91.69,91.69,Protozoa,1
sample:Nkorea2POS,Heterolobosea,Protozoa,12.88,0.0,5.14,1.25,0.74,79.99,79.99,Protozoa,1
sample:OE11-3-E4-A1POS,Actinomycetota,Bacteria,33.75,0.0,25.64,12.8,25.76,2.05,33.75,Bacteria,1
sample:OE11-3-E4-A4POS,Methanobacteriota,Archaea,0.0,0.0,0.0,0.0,0.0,0.0,0.0,Bacteria,0
sample:OE11-3-E4-B5POS,Actinomycetota,Bacteria,89.34,0.0,0.7,7.58,1.43,0.95,89.34,Bacteria,1
sample:OE11-3-E4-F6POS,Mucoromycota,Fungi,7.07,0.0,52.17,27.76,3.4,9.6,52.17,Fungi,1
sample:OE11-3-E4-P18POS,Streptophyta,Plantae,3.05,0.2,21.91,58.9,2.36,13.57,58.9,Plantae,1
sample:OE11-3-E4-P27POS,Streptophyta,Plantae,3.35,0.0,7.66,75.15,11.91,1.92,75.15,Plantae,1
sample:OE11-E4-A7POS,Methanobacteriota,Archaea,0.0,0.0,0.0,0.0,0.0,0.0,0.0,Bacteria,0
sample:OE11-E4-B3POS,Methanobacteriota,Archaea,0.0,0.0,0.0,0.0,0.0,0.0,0.0,Bacteria,0
sample:OE11-E4-B4POS,Actinomycetota,Bacteria,51.02,0.0,2.79,16.88,17.87,11.44,51.02,Bacteria,1
sample:OE11-E4-F15POS,Basidiomycota,Fungi,4.69,0.0,65.62,10.13,4.41,15.15,65.62,Fungi,1
sample:OE11-E4-F2POS,Ascomycota,Fungi,7.66,0.09,64.18,13.53,3.73,10.81,64.18,Fungi,1
sample:OE11-E4-F47POS,Mucoromycota,Fungi,5.14,0.0,60.68,18.36,3.78,12.05,60.68,Fungi,1
sample:OE11-E4-P11POS,Streptophyta,Plantae,3.67,0.0,8.92,84.8,2.28,0.34,84.8,Plantae,1
sample:OE11-E4-P14POS,Streptophyta,Plantae,2.41,0.0,21.44,72.21,1.95,1.99,72.21,Plantae,1
sample:OE11-E4-P26POS,Streptophyta,Plantae,19.03,0.0,25.94,48.13,6.59,0.31,48.13,Plantae,1
sample:OE21-4-11POS,Bacillota,Bacteria,92.97,0.0,2.16,2.1,1.67,1.1,92.97,Bacteria,1
sample:OE21-4-19POS,Bacillota,Bacteria,85.35,0.0,9.28,1.44,2.34,1.59,85.35,Bacteria,1
sample:OE21-4-28POS,Bacillota,Bacteria,88.9,0.0,4.78,1.83,3.71,0.78,88.9,Bacteria,1
sample:OE21-4-31POS,Bacillota,Bacteria,93.34,0.0,0.68,1.73,3.16,1.1,93.34,Bacteria,1
sample:OE21-4-34POS,Bacillota,Bacteria,92.14,0.0,1.34,1.86,3.03,1.64,92.14,Bacteria,1
sample:OE21-4-A10POS,Methanobacteriota,Archaea,0.0,100.0,0.0,0.0,0.0,0.0,100.0,Archaea,1
sample:OE21-4-A12POS,Methanobacteriota,Archaea,0.0,100.0,0.0,0.0,0.0,0.0,100.0,Archaea,1
sample:OE21-4-A1POS,Thermoproteota,Archaea,0.0,100.0,0.0,0.0,0.0,0.0,100.0,Archaea,1
sample:OE21-4-A1POS_20240618215255,Thermoproteota,Archaea,0.0,100.0,0.0,0.0,0.0,0.0,100.0,Archaea,1
sample:OE21-4-A3POS,Thermoproteota,Archaea,0.0,100.0,0.0,0.0,0.0,0.0,100.0,Archaea,1
sample:OE21-4-A5POS,Methanobacteriota,Archaea,0.0,100.0,0.0,0.0,0.0,0.0,100.0,Archaea,1
sample:OE21-4-A6POS,Methanobacteriota,Archaea,0.0,100.0,0.0,0.0,0.0,0.0,100.0,Archaea,1
sample:OE21-4-A9POS,Methanobacteriota,Archaea,0.0,100.0,0.0,0.0,0.0,0.0,100.0,Archaea,1
sample:OE21-4-B9POS,Actinomycetota,Bacteria,18.8,0.06,26.61,19.14,30.12,5.26,18.8,Animalia,0
sample:OE21-4-E6C13POS,Actinomycetota,Bacteria,66.39,0.0,16.24,0.0,0.0,17.37,66.39,Bacteria,1
sample:OE21-4-E6C21POS,Actinomycetota,Bacteria,0.69,0.0,87.03,2.84,6.61,2.83,0.69,Fungi,0
sample:OE21-4-E6C4POS,Actinomycetota,Bacteria,25.41,0.0,10.21,0.0,0.0,64.39,25.41,Protozoa,0
sample:OE21-4-E6C6POS,Actinomycetota,Bacteria,14.21,0.0,60.97,6.92,0.0,17.9,14.21,Fungi,0
sample:OE21-4-E8F38POS,Ascomycota,Fungi,1.01,0.0,58.77,21.01,11.63,7.59,58.77,Fungi,1
sample:OE21-4-E8F41POS,Ascomycota,Fungi,1.27,0.0,58.75,27.49,6.85,5.64,58.75,Fungi,1
sample:OE21-4-E8F42POS,Ascomycota,Fungi,1.27,0.0,71.37,10.59,2.23,14.55,71.37,Fungi,1
sample:OE21-4-E8F44POS,Ascomycota,Fungi,14.84,0.0,67.27,7.46,7.18,3.25,67.27,Fungi,1
sample:OE21-4-E8F45POS,Ascomycota,Fungi,3.35,0.0,67.09,12.88,12.71,3.97,67.09,Fungi,1
sample:OE21-4-E8F51POS,Ascomycota,Fungi,2.49,0.0,54.75,9.91,14.96,17.88,54.75,Fungi,1
sample:OE21-4-E8F56POS,Ascomycota,Fungi,0.6,0.0,53.49,11.47,14.15,20.28,53.49,Fungi,1
sample:OE21-4-F10POS,Basidiomycota,Fungi,0.46,0.0,92.92,0.88,4.89,0.85,92.92,Fungi,1
sample:OE21-4-F12POS,Basidiomycota,Fungi,1.69,0.0,74.67,11.75,3.59,8.3,74.67,Fungi,1
sample:OE21-4-F29POS,Ascomycota,Fungi,51.04,0.0,22.25,14.8,7.53,4.37,22.25,Bacteria,0
sample:OE21-4-F3POS,Ascomycota,Fungi,2.67,0.0,13.33,75.2,6.44,2.36,13.33,Plantae,0
sample:OE21-4-F5POS,Basidiomycota,Fungi,4.45,0.0,60.72,12.47,15.49,6.87,60.72,Fungi,1
sample:OE21-4-F7POS,Basidiomycota,Fungi,2.52,0.01,75.0,8.85,7.39,6.24,75.0,Fungi,1
sample:OE21-4-F8POS,Basidiomycota,Fungi,2.12,0.0,74.68,4.3,3.96,14.93,74.68,Fungi,1
sample:OE21-4-F9POS,Basidiomycota,Fungi,12.0,0.0,63.52,13.0,4.45,7.04,63.52,Fungi,1
sample:OE21-4-P1POS,Streptophyta,Plantae,2.63,0.0,12.76,74.27,5.29,5.04,74.27,Plantae,1
sample:OE21-4-P2POS,Streptophyta,Plantae,0.9,0.0,16.57,71.69,4.71,6.13,71.69,Plantae,1
sample:OE21-4-P4POS,Streptophyta,Plantae,1.79,0.01,10.44,75.65,7.94,4.18,75.65,Plantae,1
sample:OE21-4-P5POS,Streptophyta,Plantae,3.51,0.01,22.06,62.63,7.12,4.67,62.63,Plantae,1
sample:OE21-4-P6POS,Streptophyta,Plantae,1.86,0.0,22.99,68.48,4.14,2.53,68.48,Plantae,1
sample:OE21-4-P7POS,Streptophyta,Plantae,3.42,0.0,18.24,70.46,4.31,3.56,70.46,Plantae,1
sample:OE21-4-P9POS,Streptophyta,Plantae,1.8,0.0,14.29,74.85,1.54,7.51,74.85,Plantae,1
sample:OE25102891POS,Actinomycetota,Bacteria,13.88,0.0,78.02,5.87,0.04,2.2,13.88,Fungi,0
sample:OE25AC1BU-2POS,Discosea,Protozoa,1.25,0.0,13.88,0.0,0.0,84.87,84.87,Protozoa,1
sample:OE25AC1BU1POS,Discosea,Protozoa,0.48,0.0,0.0,0.0,0.0,99.52,99.52,Protozoa,1
sample:OE25AC1BU3POS,Discosea,Protozoa,0.48,0.0,28.22,0.0,1.13,70.17,70.17,Protozoa,1
sample:OE25AGS-3POS,Discosea,Protozoa,4.19,0.0,2.99,1.66,0.0,91.16,91.16,Protozoa,1
sample:OE25DSM1988POS,Ascomycota,Fungi,0.67,0.0,88.95,10.25,0.0,0.13,88.95,Fungi,1
sample:OE25ECOLI1POS,Pseudomonadota,Bacteria,96.42,0.0,0.0,3.58,0.0,0.0,96.42,Bacteria,1
sample:OE25ECOLI2POS,Pseudomonadota,Bacteria,95.91,0.0,0.0,3.88,0.0,0.22,95.91,Bacteria,1
sample:OE25ECOLI3POS,Pseudomonadota,Bacteria,97.6,0.0,0.0,2.4,0.0,0.0,97.6,Bacteria,1
sample:OE25F11POS,Basidiomycota,Fungi,0.0,0.0,20.84,69.63,9.53,0.0,20.84,Plantae,0
sample:OE25F13POS,Ascomycota,Fungi,35.77,0.0,3.35,60.88,0.01,0.0,3.35,Plantae,0
sample:OE25F15POS,Basidiomycota,Fungi,0.83,0.0,82.43,16.73,0.01,0.01,82.43,Fungi,1
sample:OE25F1POS,Ascomycota,Fungi,0.0,0.0,98.18,1.82,0.0,0.0,98.18,Fungi,1
sample:OE25F2POS,Ascomycota,Fungi,14.84,0.0,60.5,14.93,0.79,8.95,60.5,Fungi,1
sample:OE25F30POS,Ascomycota,Fungi,0.0,0.0,84.21,15.79,0.0,0.0,84.21,Fungi,1
sample:OE25F32POS,Mucoromycota,Fungi,24.96,0.0,53.94,9.83,11.16,0.11,53.94,Fungi,1
sample:OE25F34POS,Ascomycota,Fungi,3.73,0.0,89.4,4.56,0.01,2.29,89.4,Fungi,1
sample:OE25F36POS,Ascomycota,Fungi,0.0,0.0,83.26,14.28,0.0,2.46,83.26,Fungi,1
sample:OE25F37POS,Ascomycota,Fungi,0.0,0.0,40.94,58.93,0.09,0.04,40.94,Plantae,0
sample:OE25F3POS,Ascomycota,Fungi,16.74,0.0,55.66,27.6,0.0,0.0,55.66,Fungi,1
sample:OE25F40POS,Ascomycota,Fungi,0.0,0.0,92.29,7.71,0.0,0.0,92.29,Fungi,1
sample:OE25F41POS,Ascomycota,Fungi,1.23,0.0,93.07,3.76,0.0,1.94,93.07,Fungi,1
sample:OE25F42POS,Ascomycota,Fungi,0.0,0.0,78.61,21.05,0.35,0.0,78.61,Fungi,1
sample:OE25F45POS,Ascomycota,Fungi,0.15,0.0,95.25,4.24,0.01,0.34,95.25,Fungi,1
sample:OE25F47POS,Mucoromycota,Fungi,3.77,0.0,95.76,0.37,0.0,0.1,95.76,Fungi,1
sample:OE25F48POS,Ascomycota,Fungi,0.25,0.0,81.87,2.13,0.21,15.53,81.87,Fungi,1
sample:OE25F4POS,Basidiomycota,Fungi,0.0,0.0,94.72,5.28,0.0,0.0,94.72,Fungi,1
sample:OE25F52POS,Ascomycota,Fungi,67.15,0.0,31.08,1.74,0.04,0.0,31.08,Bacteria,0
sample:OE25F53POS,Ascomycota,Fungi,3.01,0.0,89.6,6.17,0.0,1.22,89.6,Fungi,1
sample:OE25F55POS,Mucoromycota,Fungi,6.07,0.0,86.6,0.03,1.36,5.93,86.6,Fungi,1
sample:OE25F57POS,Mucoromycota,Fungi,38.85,0.0,55.84,0.51,1.09,3.71,55.84,Fungi,1
sample:OE25F61POS,Ascomycota,Fungi,0.0,0.0,100.0,0.0,0.0,0.0,100.0,Fungi,1
sample:OE25F6POS,Mucoromycota,Fungi,21.85,4.85,73.3,0.0,0.0,0.0,73.3,Fungi,1
sample:OE25FSNELMIPOS,Methanobacteriota,Archaea,0.0,0.0,0.0,0.0,0.0,0.0,0.0,Bacteria,0
sample:OE25HVOLCANIPOS,Methanobacteriota,Archaea,0.0,100.0,0.0,0.0,0.0,0.0,100.0,Archaea,1
sample:OE25MFERIDUSPOS,Methanobacteriota,Archaea,0.0,100.0,0.0,0.0,0.0,0.0,100.0,Archaea,1
sample:OE25MJAMPOS,Methanobacteriota,Archaea,0.0,100.0,0.0,0.0,0.0,0.0,100.0,Archaea,1
sample:OE25MKANDELERIPOS,Methanobacteriota,Archaea,0.0,0.0,0.0,0.0,0.0,0.0,0.0,Bacteria,0
sample:OE25MMURBA-POS,Methanobacteriota,Archaea,0.0,0.0,0.0,0.0,0.0,0.0,0.0,Bacteria,0
sample:OE25MOKINAWAPOS,Methanobacteriota,Archaea,0.0,0.0,0.0,0.0,0.0,0.0,0.0,Bacteria,0
sample:OE25MSTAMSIIPOS,Methanobacteriota,Archaea,0.0,0.0,0.0,0.0,0.0,0.0,0.0,Bacteria,0
sample:OE25NG1POS,Heterolobosea,Protozoa,67.23,0.0,0.0,32.77,0.0,0.0,0.0,Bacteria,0
sample:P-ALGOPOS,Bacillota,Bacteria,56.88,0.0,3.99,3.07,16.4,19.67,56.88,Bacteria,1
sample:P12075-1POS,Bacillota,Bacteria,90.46,0.0,1.2,1.01,3.24,4.09,90.46,Bacteria,1
sample:P12075-2POS,Bacillota,Bacteria,90.54,0.0,0.51,0.49,4.55,3.91,90.54,Bacteria,1
sample:P12075-3POS,Bacillota,Bacteria,78.79,0.0,8.21,1.62,5.38,5.99,78.79,Bacteria,1
sample:P12075-4POS,Bacillota,Bacteria,91.62,0.0,2.05,2.31,1.97,2.05,91.62,Bacteria,1
sample:P12082POS,Bacillota,Bacteria,78.86,0.0,2.81,3.33,9.63,5.38,78.86,Bacteria,1
sample:P12103-FTPOS,Bacillota,Bacteria,81.59,0.0,2.88,1.99,8.09,5.45,81.59,Bacteria,1
sample:P12233-1POS,Bacillota,Bacteria,98.31,0.0,0.13,0.34,0.35,0.87,98.31,Bacteria,1
sample:P12233-2POS,Bacillota,Bacteria,93.57,0.0,0.51,0.86,1.21,3.85,93.57,Bacteria,1
sample:P12233-3POS,Bacillota,Bacteria,90.87,0.0,0.94,2.39,2.77,3.04,90.87,Bacteria,1
sample:P12233-4POS,Bacillota,Bacteria,93.88,0.0,0.43,1.97,1.5,2.22,93.88,Bacteria,1
sample:P12265-1POS,Bacillota,Bacteria,90.05,0.0,3.49,2.53,1.68,2.26,90.05,Bacteria,1
sample:P12265-2POS,Bacillota,Bacteria,89.67,0.0,3.48,2.03,1.12,3.7,89.67,Bacteria,1
sample:P12265-3POS,Bacillota,Bacteria,90.09,0.0,0.94,3.19,2.83,2.95,90.09,Bacteria,1
sample:P12265-4POS,Bacillota,Bacteria,88.58,0.0,4.85,1.94,1.83,2.79,88.58,Bacteria,1
sample:P13602POS,Bacillota,Bacteria,73.27,0.0,10.31,1.42,8.23,6.77,73.27,Bacteria,1
sample:P37POS,Streptophyta,Plantae,9.93,0.0,8.81,62.44,17.0,1.81,62.44,Plantae,1
sample:P46POS,Chlorophyta,Plantae,7.83,0.0,9.4,72.82,4.55,5.4,72.82,Plantae,1
sample:P49POS,Chlorophyta,Plantae,8.95,0.0,41.08,38.4,1.46,10.12,38.4,Fungi,0
sample:P55POS,Chlorophyta,Plantae,3.16,0.0,4.34,88.31,2.14,2.05,88.31,Plantae,1
sample:P56POS_20240924144544,Chlorophyta,Plantae,1.38,0.0,4.73,88.72,3.62,1.54,88.72,Plantae,1
sample:P58POS_20240924151656,Chlorophyta,Plantae,0.52,0.0,6.13,90.36,0.48,2.51,90.36,Plantae,1
sample:UV120-FIRSTPOS,Actinomycetota,Bacteria,27.31,0.0,15.84,6.0,37.91,12.94,27.31,Animalia,0
sample:UV231-1POS,Bacillota,Bacteria,87.13,0.0,0.96,7.3,1.69,2.92,87.13,Bacteria,1
sample:UV231-2POS,Bacillota,Bacteria,85.81,0.0,1.01,6.59,3.67,2.93,85.81,Bacteria,1
sample:UV231-3POS,Bacillota,Bacteria,81.38,0.0,0.94,9.56,4.89,3.23,81.38,Bacteria,1
sample:UV231-4POS,Bacillota,Bacteria,82.53,0.0,2.51,8.53,2.72,3.71,82.53,Bacteria,1
sample:UV238POS,Actinomycetota,Bacteria,79.74,0.0,1.35,2.89,10.03,6.0,79.74,Bacteria,1
sample:UV264POS,Pseudomonadota,Bacteria,27.67,0.0,3.24,22.54,11.68,34.87,27.67,Protozoa,0
sample:UV287-1POS,Actinomycetota,Bacteria,85.54,0.0,3.32,2.35,4.63,4.15,85.54,Bacteria,1
sample:UV287-2POS,Actinomycetota,Bacteria,64.63,0.0,1.48,1.22,29.84,2.82,64.63,Bacteria,1
sample:UV287-3POS,Actinomycetota,Bacteria,80.76,0.0,1.02,0.96,10.59,6.67,80.76,Bacteria,1
sample:UV287-4POS,Actinomycetota,Bacteria,18.68,0.0,1.26,3.82,71.0,5.25,18.68,Animalia,0
sample:UV331POS,Pseudomonadota,Bacteria,32.66,0.0,0.99,13.47,20.64,32.24,32.66,Bacteria,1
