feature_id,consensus_mz,phylum,kingdom
A15_10008,426.261239,Pseudomonadota,Bacteria
A15_100210,527.403251,Bacillota,Bacteria
A15_100228,770.531298,Basidiomycota,Fungi
A15_100418,760.511479,Bacillota,Bacteria
A15_100477,681.493409,Bacillota,Bacteria
A15_100526,786.563988,Ascomycota,Fungi
A15_100966,659.48484,Basidiomycota,Fungi
A15_100976,497.360607,Bacillota,Bacteria
A15_100999,694.502045,Pseudomonadota,Bacteria
A15_101197,678.468423,Bacillota,Bacteria
A15_1013,377.194277,Pseudomonadota,Bacteria
A15_101384,692.539713,Mucoromycota,Fungi
A15_101400,700.534984,Basidiomycota,Fungi
A15_101517,608.431332,Pseudomonadota,Bacteria
A15_101815,441.372255,Bacillota,Bacteria
A15_101827,613.38634,Pseudomonadota,Bacteria
A15_101972,798.562666,Basidiomycota,Fungi
A15_10209,365.135469,Bacillota,Bacteria
A15_10218,752.513983,Methanobacteriota,Archaea
A15_102231,786.566299,Ascomycota,Fungi
A15_102532,663.478443,Bacillota,Bacteria
A15_102568,723.498897,Bacillota,Bacteria
A15_102749,500.445932,Bacillota,Bacteria
A15_102766,750.525678,Basidiomycota,Fungi
A15_102943,659.484757,Basidiomycota,Fungi
A15_103027,718.500579,Pseudomonadota,Bacteria
A15_103061,728.485131,Bacillota,Bacteria
A15_10327,230.247565,Bacillota,Bacteria
A15_103477,577.481618,Basidiomycota,Fungi
A15_103592,539.407283,Bacillota,Bacteria
A15_103918,692.539878,Mucoromycota,Fungi
A15_104104,637.466913,Pseudomonadota,Bacteria
A15_104329,575.466426,Basidiomycota,Fungi
A15_10440,437.373229,Bacillota,Bacteria
A15_104405,748.511345,Pseudomonadota,Bacteria
A15_104598,678.469399,Bacillota,Bacteria
A15_105034,766.525636,Bacillota,Bacteria
A15_105118,595.414892,Bacillota,Bacteria
A15_105296,577.48168,Basidiomycota,Fungi
A15_10568,672.409337,Basidiomycota,Fungi
A15_105800,617.474792,Basidiomycota,Fungi
A15_105895,728.587918,Bacillota,Bacteria
A15_106019,582.416302,Pseudomonadota,Bacteria
A15_106349,613.424231,Pseudomonadota,Bacteria
A15_106352,539.407103,Bacillota,Bacteria
A15_106354,748.512175,Pseudomonadota,Bacteria
A15_106388,771.534921,Bacillota,Bacteria
A15_106401,465.408981,Bacillota,Bacteria
A15_106482,338.341228,Bacillota,Bacteria
A15_106592,577.481751,Basidiomycota,Fungi
A15_107062,617.474739,Basidiomycota,Fungi
A15_107389,666.471859,Pseudomonadota,Bacteria
A15_107466,786.564295,Ascomycota,Fungi
A15_107529,728.588395,Bacillota,Bacteria
A15_107730,770.531262,Streptophyta,Viridiplantae
A15_107734,830.589431,Ascomycota,Fungi
A15_10782,499.314354,Bacillota,Bacteria
A15_107972,338.341181,Bacillota,Bacteria
A15_108060,728.588429,Bacillota,Bacteria
A15_108179,673.500851,Basidiomycota,Fungi
A15_108468,617.474618,Basidiomycota,Fungi
A15_108479,748.512086,Pseudomonadota,Bacteria
A15_108589,467.263761,Chlorophyta,Viridiplantae
A15_108788,663.478234,Bacillota,Bacteria
A15_109084,760.550516,Basidiomycota,Fungi
A15_109090,728.485321,Bacillota,Bacteria
A15_109223,577.481796,Basidiomycota,Fungi
A15_1094,295.226458,Pseudomonadota,Bacteria
A15_109419,338.341212,Bacillota,Bacteria
A15_10949,492.329836,Basidiomycota,Fungi
A15_10970,708.488086,Methanobacteriota,Archaea
A15_109734,668.544597,Basidiomycota,Fungi
A15_109929,817.577308,Ascomycota,Fungi
A15_109955,517.343991,Bacillota,Bacteria
A15_11014,532.383237,Methanobacteriota,Archaea
A15_110248,770.531152,Actinomycetota,Bacteria
A15_11045,290.268502,Bacillota,Bacteria
A15_110611,798.56298,Basidiomycota,Fungi
A15_110685,704.484349,Pseudomonadota,Bacteria
A15_11073,704.513695,Methanobacteriota,Archaea
A15_110919,623.446266,Bacillota,Bacteria
A15_111100,771.535443,Bacillota,Bacteria
A15_111682,653.439421,Bacillota,Bacteria
A15_111806,711.48129,Bacillota,Bacteria
A15_111953,693.449838,Bacillota,Bacteria
A15_111954,768.517161,Basidiomycota,Fungi
A15_112008,798.563192,Basidiomycota,Fungi
A15_112100,693.449486,Bacillota,Bacteria
A15_112124,682.464395,Bacillota,Bacteria
A15_112320,840.568565,Actinomycetota,Bacteria
A15_112397,500.446001,Bacillota,Bacteria
A15_112654,666.471801,Pseudomonadota,Bacteria
A15_112788,671.427979,Pseudomonadota,Bacteria
A15_11279,616.462054,Methanobacteriota,Archaea
A15_112849,817.577099,Ascomycota,Fungi
A15_112856,521.455895,Actinomycetota,Bacteria
A15_112952,668.544249,Basidiomycota,Fungi
A15_11298,471.272355,Bacillota,Bacteria
A15_113093,803.588779,Ascomycota,Fungi
A15_113194,840.568068,Actinomycetota,Bacteria
A15_113372,695.459389,Mucoromycota,Fungi
A15_113564,549.410838,Bacillota,Bacteria
A15_113658,667.45459,Bacillota,Bacteria
A15_113794,425.361267,Methanobacteriota,Archaea
A15_114084,645.469289,Bacillota,Bacteria
A15_114202,728.509724,Bacillota,Bacteria
A15_114223,483.41957,Bacillota,Bacteria
A15_114455,712.486638,Mucoromycota,Fungi
A15_114528,338.341254,Bacillota,Bacteria
A15_114644,661.462886,Bacillota,Bacteria
A15_114719,465.409177,Bacillota,Bacteria
A15_11523,485.193383,Mollusca,Animalia
A15_115769,673.500478,Basidiomycota,Fungi
A15_115829,505.402391,Bacillota,Bacteria
A15_115980,521.455915,Actinomycetota,Bacteria
A15_116091,483.419614,Bacillota,Bacteria
A15_116196,667.454206,Bacillota,Bacteria
A15_116216,714.505428,Bacillota,Bacteria
A15_11632,299.257689,Bacillota,Bacteria
A15_117202,564.498086,Basidiomycota,Fungi
A15_117328,694.556585,Mucoromycota,Fungi
A15_117364,661.462793,Bacillota,Bacteria
A15_117583,714.506679,Bacillota,Bacteria
A15_117663,521.455887,Actinomycetota,Bacteria
A15_118043,376.378063,Actinomycetota,Bacteria
A15_118198,689.436537,Bacillota,Bacteria
A15_118243,840.597751,Chlorophyta,Viridiplantae
A15_118297,746.531567,Pseudomonadota,Bacteria
A15_118351,491.426796,Bacillota,Bacteria
A15_11845,660.488057,Methanobacteriota,Archaea
A15_118691,521.455921,Actinomycetota,Bacteria
A15_118782,495.440337,Bacillota,Bacteria
A15_11915,387.215762,Pseudomonadota,Bacteria
A15_119291,376.378069,Actinomycetota,Bacteria
A15_119376,645.469213,Bacillota,Bacteria
A15_119443,650.476311,Heterolobosea,Protists
A15_11958,426.261116,Pseudomonadota,Bacteria
A15_11967,300.289266,Bacillota,Bacteria
A15_119689,820.523688,Basidiomycota,Fungi
A15_120005,599.465562,Basidiomycota,Fungi
A15_120026,814.543462,Actinomycetota,Bacteria
A15_120082,679.452304,Bacillota,Bacteria
A15_120157,447.346173,Bacillota,Bacteria
A15_12032,304.299292,Basidiomycota,Fungi
A15_12035,625.265253,Pseudomonadota,Bacteria
A15_120377,645.469251,Bacillota,Bacteria
A15_12043,636.398845,Actinomycetota,Bacteria
A15_120530,672.462679,Bacillota,Bacteria
A15_120559,714.505597,Bacillota,Bacteria
A15_120582,539.465925,Actinomycetota,Bacteria
A15_12065,326.304457,Methanobacteriota,Archaea
A15_120895,505.402104,Bacillota,Bacteria
A15_121059,495.440286,Bacillota,Bacteria
A15_121094,465.408892,Bacillota,Bacteria
A15_121131,507.440371,Bacillota,Bacteria
A15_121224,600.498462,Basidiomycota,Fungi
A15_121387,672.463768,Bacillota,Bacteria
A15_121545,645.469026,Bacillota,Bacteria
A15_12165,488.357601,Methanobacteriota,Archaea
A15_121988,694.501333,Bacillota,Bacteria
A15_12217,477.280073,Ascomycota,Fungi
A15_122260,651.536077,Ascomycota,Fungi
A15_122289,704.48659,Pseudomonadota,Bacteria
A15_122529,734.530728,Pseudomonadota,Bacteria
A15_12258,290.268525,Bacillota,Bacteria
A15_123320,521.456097,Actinomycetota,Bacteria
A15_123412,524.416409,Bacillota,Bacteria
A15_123449,803.597723,Ascomycota,Fungi
A15_123487,814.541938,Actinomycetota,Bacteria
A15_123498,629.476162,Ascomycota,Fungi
A15_123722,651.535999,Ascomycota,Fungi
A15_123753,523.412432,Bacillota,Bacteria
A15_123777,454.424861,Bacillota,Bacteria
A15_124540,803.597686,Ascomycota,Fungi
A15_124565,801.582217,Ascomycota,Fungi
A15_124647,498.430387,Bacillota,Bacteria
A15_124726,734.530606,Pseudomonadota,Bacteria
A15_124941,599.501771,Basidiomycota,Fungi
A15_124965,704.487391,Pseudomonadota,Bacteria
A15_12512,532.383113,Methanobacteriota,Archaea
A15_125160,645.523767,Bacillota,Bacteria
A15_125449,758.496244,Ascomycota,Fungi
A15_125655,285.241779,Bacillota,Bacteria
A15_125749,533.455619,Bacillota,Bacteria
A15_125799,645.468362,Bacillota,Bacteria
A15_125900,801.582816,Ascomycota,Fungi
A15_125908,804.479274,Bacillota,Bacteria
A15_125928,535.471433,Actinomycetota,Bacteria
A15_125935,653.546288,Ascomycota,Fungi
A15_126163,599.501609,Basidiomycota,Fungi
A15_126176,454.424735,Bacillota,Bacteria
A15_12619,311.257378,Pseudomonadota,Bacteria
A15_126322,599.50188,Basidiomycota,Fungi
A15_126467,645.524099,Bacillota,Bacteria
A15_126562,746.494849,Bacillota,Bacteria
A15_126660,698.475898,Basidiomycota,Fungi
A15_126709,602.515302,Basidiomycota,Fungi
A15_127012,648.459523,Bacillota,Bacteria
A15_127172,636.459796,Bacillota,Bacteria
A15_127417,758.496662,Ascomycota,Fungi
A15_127920,748.511546,Streptophyta,Viridiplantae
A15_127952,712.514395,Bacillota,Bacteria
A15_127961,670.561162,Basidiomycota,Fungi
A15_127976,599.502235,Basidiomycota,Fungi
A15_127984,759.533644,Bacillota,Bacteria
A15_128188,709.480113,Bacillota,Bacteria
A15_128244,645.524293,Bacillota,Bacteria
A15_128339,740.522962,Basidiomycota,Fungi
A15_128399,818.493599,Bacillota,Bacteria
A15_128423,698.474867,Basidiomycota,Fungi
A15_12843,302.304948,Bacillota,Bacteria
A15_128554,436.357163,Bacillota,Bacteria
A15_128581,819.591074,Pseudomonadota,Bacteria
A15_1286,377.194038,Pseudomonadota,Bacteria
A15_128755,633.510708,Mucoromycota,Fungi
A15_128835,650.47701,Pseudomonadota,Bacteria
A15_128844,605.475576,Actinomycetota,Bacteria
A15_128946,828.553513,Actinomycetota,Bacteria
A15_128987,535.47148,Actinomycetota,Bacteria
A15_129005,748.511448,Streptophyta,Viridiplantae
A15_129285,599.502924,Basidiomycota,Fungi
A15_129449,521.456038,Bacillota,Bacteria
A15_129484,495.440251,Bacillota,Bacteria
A15_12958,285.241881,Pseudomonadota,Bacteria
A15_129598,677.474992,Bacillota,Bacteria
A15_129744,460.414136,Bacillota,Bacteria
A15_129767,436.357141,Bacillota,Bacteria
A15_129842,731.422582,Bacillota,Bacteria
A15_129944,822.562525,Ascomycota,Fungi
A15_130088,709.485407,Bacillota,Bacteria
A15_130192,726.528236,Bacillota,Bacteria
A15_13032,672.40904,Basidiomycota,Fungi
A15_130372,605.475709,Streptophyta,Viridiplantae
A15_130383,509.457622,Bacillota,Bacteria
A15_130384,681.469324,Bacillota,Bacteria
A15_130385,703.451381,Bacillota,Bacteria
A15_130387,722.496027,Bacillota,Bacteria
A15_130388,725.434113,Bacillota,Bacteria
A15_130392,602.515377,Basidiomycota,Fungi
A15_130421,801.581599,Ascomycota,Fungi
A15_130445,650.477026,Pseudomonadota,Bacteria
A15_130455,710.495774,Bacillota,Bacteria
A15_130488,803.597041,Ascomycota,Fungi
A15_130561,645.523951,Bacillota,Bacteria
A15_130594,285.241758,Bacillota,Bacteria
A15_130635,523.47149,Bacillota,Bacteria
A15_130637,693.46928,Bacillota,Bacteria
A15_130638,715.452014,Bacillota,Bacteria
A15_130709,748.511337,Streptophyta,Viridiplantae
A15_130746,521.455954,Bacillota,Bacteria
A15_130816,698.498212,Bacillota,Bacteria
A15_130903,711.499778,Bacillota,Bacteria
A15_130935,772.548545,Bacillota,Bacteria
A15_130952,828.554051,Actinomycetota,Bacteria
A15_130975,581.398446,Bacillota,Bacteria
A15_131094,726.52811,Bacillota,Bacteria
A15_131188,746.498223,Bacillota,Bacteria
A15_131397,810.603369,Ascomycota,Fungi
A15_131413,740.522031,Bacillota,Bacteria
A15_131431,702.506767,Actinomycetota,Bacteria
A15_131433,509.457682,Bacillota,Bacteria
A15_131560,661.463106,Bacillota,Bacteria
A15_131698,736.57145,Actinomycetota,Bacteria
A15_131761,454.424507,Bacillota,Bacteria
A15_131890,605.475968,Streptophyta,Viridiplantae
A15_132038,801.581631,Ascomycota,Fungi
A15_132433,676.490832,Pseudomonadota,Bacteria
A15_132459,803.596715,Ascomycota,Fungi
A15_132702,736.513635,Bacillota,Bacteria
A15_132742,718.560523,Basidiomycota,Fungi
A15_132809,717.467842,Bacillota,Bacteria
A15_132991,523.471707,Bacillota,Bacteria
A15_133023,739.526557,Bacillota,Bacteria
A15_133049,602.515393,Basidiomycota,Fungi
A15_133116,677.475095,Bacillota,Bacteria
A15_133149,725.514312,Bacillota,Bacteria
A15_133203,780.542492,Basidiomycota,Fungi
A15_133291,712.514114,Bacillota,Bacteria
A15_133499,648.459489,Bacillota,Bacteria
A15_133513,828.553913,Actinomycetota,Bacteria
A15_13366,303.3083,Bacillota,Bacteria
A15_133886,678.50734,Pseudomonadota,Bacteria
A15_133954,694.501433,Bacillota,Bacteria
A15_133981,535.471546,Bacillota,Bacteria
A15_134053,409.382436,Bacillota,Bacteria
A15_134058,718.560495,Basidiomycota,Fungi
A15_134059,736.513633,Bacillota,Bacteria
A15_134089,724.513768,Bacillota,Bacteria
A15_134090,561.487228,Actinomycetota,Bacteria
A15_134145,710.496821,Bacillota,Bacteria
A15_134193,661.463236,Bacillota,Bacteria
A15_134202,801.581575,Ascomycota,Fungi
A15_134230,285.241811,Bacillota,Bacteria
A15_134646,828.552806,Actinomycetota,Bacteria
A15_134747,810.602167,Ascomycota,Fungi
A15_134776,602.51545,Basidiomycota,Fungi
A15_134820,717.52405,Pseudomonadota,Bacteria
A15_13487,440.276554,Bacillota,Bacteria
A15_134912,712.513942,Bacillota,Bacteria
A15_135044,796.535282,Bacillota,Bacteria
A15_135180,504.476519,Basidiomycota,Fungi
A15_135303,746.500171,Bacillota,Bacteria
A15_135472,725.560063,Basidiomycota,Fungi
A15_135486,765.536242,Bacillota,Bacteria
A15_135591,704.523351,Pseudomonadota,Bacteria
A15_135695,670.559866,Basidiomycota,Fungi
A15_135723,521.456065,Bacillota,Bacteria
A15_135969,535.471623,Actinomycetota,Bacteria
A15_136020,678.507285,Pseudomonadota,Bacteria
A15_136021,561.48727,Basidiomycota,Fungi
A15_136326,523.471785,Bacillota,Bacteria
A15_136453,719.461518,Basidiomycota,Fungi
A15_136468,810.603558,Ascomycota,Fungi
A15_136488,605.475683,Streptophyta,Viridiplantae
A15_136490,662.474907,Bacillota,Bacteria
A15_136544,650.47658,Pseudomonadota,Bacteria
A15_136547,729.467912,Bacillota,Bacteria
A15_136623,549.486907,Actinomycetota,Bacteria
A15_136650,697.479249,Basidiomycota,Fungi
A15_136672,657.505847,Ascomycota,Fungi
A15_136990,695.485665,Bacillota,Bacteria
A15_13713,426.26131,Pseudomonadota,Bacteria
A15_137176,712.514414,Bacillota,Bacteria
A15_137341,760.550672,Bacillota,Bacteria
A15_137389,704.523432,Pseudomonadota,Bacteria
A15_137394,535.471581,Bacillota,Bacteria
A15_137683,803.596539,Ascomycota,Fungi
A15_13782,304.299269,Basidiomycota,Fungi
A15_137865,597.429899,Bacillota,Bacteria
A15_13788,299.257619,Bacillota,Bacteria
A15_137944,549.486755,Actinomycetota,Bacteria
A15_13798,356.278375,Methanobacteriota,Archaea
A15_137986,662.475054,Bacillota,Bacteria
A15_137995,677.476177,Bacillota,Bacteria
A15_138026,670.559648,Basidiomycota,Fungi
A15_138107,678.507889,Pseudomonadota,Bacteria
A15_138143,599.502669,Basidiomycota,Fungi
A15_138185,746.499326,Bacillota,Bacteria
A15_138196,700.492366,Bacillota,Bacteria
A15_138335,675.541312,Bacillota,Bacteria
A15_138414,765.536636,Bacillota,Bacteria
A15_138427,724.511851,Bacillota,Bacteria
A15_138444,648.459356,Bacillota,Bacteria
A15_138580,521.456034,Bacillota,Bacteria
A15_138584,504.476631,Basidiomycota,Fungi
A15_138605,547.471739,Pseudomonadota,Bacteria
A15_138667,818.492734,Bacillota,Bacteria
A15_138675,829.555432,Discosea,Protists
A15_138691,768.552763,Ascomycota,Fungi
A15_138772,772.549092,Pseudomonadota,Bacteria
A15_138842,696.49476,Bacillota,Bacteria
A15_13886,365.135508,Bacillota,Bacteria
A15_1389,293.21061,Bacillota,Bacteria
A15_139053,700.491167,Bacillota,Bacteria
A15_139174,700.490853,Bacillota,Bacteria
A15_139311,549.486793,Actinomycetota,Bacteria
A15_13944,503.332239,Ascomycota,Fungi
A15_13954,240.268091,Bacillota,Bacteria
A15_139541,636.459204,Bacillota,Bacteria
A15_139573,442.33095,Bacillota,Bacteria
A15_139596,733.439952,Bacillota,Bacteria
A15_139611,738.588394,Actinomycetota,Bacteria
A15_139645,285.241739,Bacillota,Bacteria
A15_139668,556.471999,Bacillota,Bacteria
A15_139756,657.506199,Ascomycota,Fungi
A15_139845,662.475045,Bacillota,Bacteria
A15_139856,599.502651,Basidiomycota,Fungi
A15_139960,717.46792,Bacillota,Bacteria
A15_140044,739.524145,Bacillota,Bacteria
A15_140045,650.475677,Bacillota,Bacteria
A15_140050,739.450211,Bacillota,Bacteria
A15_140194,670.559417,Basidiomycota,Fungi
A15_140224,561.487247,Bacillota,Bacteria
A15_140277,714.505962,Basidiomycota,Fungi
A15_140514,523.471745,Bacillota,Bacteria
A15_140580,746.49943,Bacillota,Bacteria
A15_140689,766.535614,Ascomycota,Fungi
A15_140716,783.528912,Basidiomycota,Fungi
A15_140781,803.596621,Ascomycota,Fungi
A15_140939,780.575203,Bacillota,Bacteria
A15_141035,548.503158,Basidiomycota,Fungi
A15_141132,684.456634,Bacillota,Bacteria
A15_141208,631.490794,Ascomycota,Fungi
A15_14121,467.240463,Pseudomonadota,Bacteria
A15_141266,636.459356,Bacillota,Bacteria
A15_141332,699.517296,Bacillota,Bacteria
A15_141378,587.441814,Bacillota,Bacteria
A15_141459,442.330765,Bacillota,Bacteria
A15_14163,697.430504,Bacillota,Bacteria
A15_141700,521.455989,Bacillota,Bacteria
A15_141711,652.549541,Basidiomycota,Fungi
A15_141745,724.511952,Pseudomonadota,Bacteria
A15_141756,599.502413,Basidiomycota,Fungi
A15_141842,586.437458,Bacillota,Bacteria
A15_141882,773.516011,Bacillota,Bacteria
A15_141910,814.543644,Actinomycetota,Bacteria
A15_142007,549.486813,Actinomycetota,Bacteria
A15_142166,803.596764,Ascomycota,Fungi
A15_142538,599.502623,Basidiomycota,Fungi
A15_142630,734.5354,Pseudomonadota,Bacteria
A15_142718,523.471671,Bacillota,Bacteria
A15_142764,721.5033,Bacillota,Bacteria
A15_142780,722.498899,Bacillota,Bacteria
A15_142798,652.549958,Basidiomycota,Fungi
A15_142874,762.564957,Pseudomonadota,Bacteria
A15_142968,561.487248,Basidiomycota,Fungi
A15_143257,762.526716,Bacillota,Bacteria
A15_143264,548.50314,Basidiomycota,Fungi
A15_143305,650.475264,Bacillota,Bacteria
A15_143414,586.437426,Bacillota,Bacteria
A15_143508,773.516274,Bacillota,Bacteria
A15_143605,636.459644,Pseudomonadota,Bacteria
A15_14367,617.383966,Bacillota,Bacteria
A15_143720,803.596699,Ascomycota,Fungi
A15_143776,804.609244,Pseudomonadota,Bacteria
A15_14382,675.418379,Basidiomycota,Fungi
A15_143857,723.539488,Bacillota,Bacteria
A15_143941,600.520029,Bacillota,Bacteria
A15_144114,762.526866,Bacillota,Bacteria
A15_144295,652.54986,Basidiomycota,Fungi
A15_144337,654.566317,Basidiomycota,Fungi
A15_144421,561.487448,Pseudomonadota,Bacteria
A15_144628,816.551219,Discosea,Protists
A15_144632,776.578263,Pseudomonadota,Bacteria
A15_144677,762.526353,Bacillota,Bacteria
A15_144690,650.475425,Bacillota,Bacteria
A15_144702,801.582644,Ascomycota,Fungi
A15_144730,730.538745,Actinomycetota,Bacteria
A15_144776,548.503178,Basidiomycota,Fungi
A15_144784,692.522343,Actinomycetota,Bacteria
A15_14492,337.272943,Basidiomycota,Fungi
A15_144922,521.456073,Bacillota,Bacteria
A15_144949,754.537486,Actinomycetota,Bacteria
A15_144998,599.502654,Basidiomycota,Fungi
A15_145036,586.437408,Bacillota,Bacteria
A15_145248,468.440687,Bacillota,Bacteria
A15_145407,409.382345,Bacillota,Bacteria
A15_14542,542.323122,Ascomycota,Fungi
A15_145424,662.474531,Bacillota,Bacteria
A15_145442,677.55565,Bacillota,Bacteria
A15_145467,714.506137,Basidiomycota,Fungi
A15_145642,773.545613,Actinomycetota,Bacteria
A15_145799,750.526629,Pseudomonadota,Bacteria
A15_145865,801.577091,Basidiomycota,Fungi
A15_14591,303.308334,Bacillota,Bacteria
A15_145991,777.466898,Pseudomonadota,Bacteria
A15_146013,762.526892,Bacillota,Bacteria
A15_146081,552.499193,Bacillota,Bacteria
A15_146108,311.257435,Pseudomonadota,Bacteria
A15_146142,719.464763,Bacillota,Bacteria
A15_146186,774.566105,Pseudomonadota,Bacteria
A15_146196,692.522077,Actinomycetota,Bacteria
A15_146244,803.596538,Ascomycota,Fungi
A15_146249,783.571522,Basidiomycota,Fungi
A15_146317,561.487198,Pseudomonadota,Bacteria
A15_14633,302.304975,Bacillota,Bacteria
A15_146373,723.541442,Bacillota,Bacteria
A15_146418,599.502613,Basidiomycota,Fungi
A15_146545,721.50334,Bacillota,Bacteria
A15_146565,712.513248,Pseudomonadota,Bacteria
A15_146618,786.578264,Basidiomycota,Fungi
A15_146631,548.503003,Basidiomycota,Fungi
A15_146641,518.492215,Basidiomycota,Fungi
A15_146650,804.609876,Pseudomonadota,Bacteria
A15_146780,536.474749,Bacillota,Bacteria
A15_14689,478.292488,Basidiomycota,Fungi
A15_146927,535.471405,Bacillota,Bacteria
A15_146960,662.474713,Pseudomonadota,Bacteria
A15_147107,600.520137,Bacillota,Bacteria
A15_147295,650.475499,Bacillota,Bacteria
A15_147379,766.550105,Pseudomonadota,Bacteria
A15_14748,440.27654,Bacillota,Bacteria
A15_147484,311.257446,Pseudomonadota,Bacteria
A15_147489,741.489494,Actinomycetota,Bacteria
A15_147559,832.507988,Bacillota,Bacteria
A15_14760,573.358013,Bacillota,Bacteria
A15_147603,690.503453,Pseudomonadota,Bacteria
A15_147646,756.553685,Bacillota,Bacteria
A15_147652,762.527102,Bacillota,Bacteria
A15_147748,782.566951,Basidiomycota,Fungi
A15_147762,714.506336,Basidiomycota,Fungi
A15_147807,732.518322,Bacillota,Bacteria
A15_147964,561.487173,Pseudomonadota,Bacteria
A15_148052,801.582828,Ascomycota,Fungi
A15_148101,535.471386,Bacillota,Bacteria
A15_148111,774.527443,Basidiomycota,Fungi
A15_148243,523.471515,Bacillota,Bacteria
A15_148360,659.520604,Basidiomycota,Fungi
A15_148412,755.56018,Actinomycetota,Bacteria
A15_148446,536.474278,Bacillota,Bacteria
A15_148457,676.490317,Bacillota,Bacteria
A15_148530,664.489373,Bacillota,Bacteria
A15_148852,530.492477,Basidiomycota,Fungi
A15_148895,692.521051,Actinomycetota,Bacteria
A15_148926,755.556556,Actinomycetota,Bacteria
A15_148934,311.25744,Pseudomonadota,Bacteria
A15_149031,746.500548,Bacillota,Bacteria
A15_149061,782.56703,Basidiomycota,Fungi
A15_149082,566.513148,Basidiomycota,Fungi
A15_149115,756.554978,Bacillota,Bacteria
A15_149119,526.48256,Bacillota,Bacteria
A15_149283,714.506283,Basidiomycota,Fungi
A15_149297,828.553086,Actinomycetota,Bacteria
A15_149301,781.550202,Mucoromycota,Fungi
A15_149341,749.517449,Pseudomonadota,Bacteria
A15_149360,723.514798,Bacillota,Bacteria
A15_149371,712.489942,Bacillota,Bacteria
A15_149487,690.504044,Pseudomonadota,Bacteria
A15_149495,721.503283,Pseudomonadota,Bacteria
A15_149594,726.527814,Bacillota,Bacteria
A15_149595,743.484014,Pseudomonadota,Bacteria
A15_149678,549.48702,Pseudomonadota,Bacteria
A15_149733,518.492695,Basidiomycota,Fungi
A15_149768,745.500199,Bacillota,Bacteria
A15_149774,700.526353,Bacillota,Bacteria
A15_149858,311.257435,Pseudomonadota,Bacteria
A15_149869,575.503018,Pseudomonadota,Bacteria
A15_149899,586.437553,Bacillota,Bacteria
A15_149917,762.527298,Bacillota,Bacteria
A15_149946,709.500772,Bacillota,Bacteria
A15_149948,731.483248,Bacillota,Bacteria
A15_150137,678.506717,Actinomycetota,Bacteria
A15_150175,774.565966,Pseudomonadota,Bacteria
A15_150337,523.471587,Bacillota,Bacteria
A15_150483,676.490453,Bacillota,Bacteria
A15_150512,755.559756,Actinomycetota,Bacteria
A15_150539,764.543789,Pseudomonadota,Bacteria
A15_150541,688.491037,Streptophyta,Viridiplantae
A15_150569,692.520944,Actinomycetota,Bacteria
A15_150575,738.528527,Pseudomonadota,Bacteria
A15_150587,726.529534,Bacillota,Bacteria
A15_15060,365.135502,Bacillota,Bacteria
A15_150603,664.489426,Bacillota,Bacteria
A15_150684,747.516222,Pseudomonadota,Bacteria
A15_150711,756.554933,Bacillota,Bacteria
A15_150916,755.556177,Actinomycetota,Bacteria
A15_150930,657.506289,Basidiomycota,Fungi
A15_15101,556.28997,Bacillota,Bacteria
A15_151072,563.50289,Actinomycetota,Bacteria
A15_151106,586.437287,Bacillota,Bacteria
A15_151172,654.565973,Basidiomycota,Fungi
A15_15121,325.27307,Pseudomonadota,Bacteria
A15_151257,549.487102,Pseudomonadota,Bacteria
A15_1513,309.205258,Pseudomonadota,Bacteria
A15_151331,740.531298,Pseudomonadota,Bacteria
A15_151392,518.492655,Basidiomycota,Fungi
A15_151450,697.478853,Bacillota,Bacteria
A15_151533,540.497715,Bacillota,Bacteria
A15_151654,311.25746,Pseudomonadota,Bacteria
A15_151670,775.531828,Pseudomonadota,Bacteria
A15_151730,601.518392,Basidiomycota,Fungi
A15_151731,826.597102,Ascomycota,Fungi
A15_151768,575.503192,Pseudomonadota,Bacteria
A15_151821,678.506595,Actinomycetota,Bacteria
A15_151993,776.569156,Pseudomonadota,Bacteria
A15_152284,535.471516,Bacillota,Bacteria
A15_152325,702.50596,Bacillota,Bacteria
A15_152326,749.517588,Pseudomonadota,Bacteria
A15_152414,738.528509,Pseudomonadota,Bacteria
A15_152520,724.488396,Pseudomonadota,Bacteria
A15_152540,518.492691,Basidiomycota,Fungi
A15_152676,676.490626,Bacillota,Bacteria
A15_152697,830.565765,Discosea,Protists
A15_152777,820.588977,Basidiomycota,Fungi
A15_152948,526.482755,Bacillota,Bacteria
A15_153010,551.50277,Bacillota,Bacteria
A15_153021,696.495777,Bacillota,Bacteria
A15_153034,549.487079,Pseudomonadota,Bacteria
A15_153085,774.528358,Pseudomonadota,Bacteria
A15_153086,805.554422,Ascomycota,Fungi
A15_153411,776.578597,Pseudomonadota,Bacteria
A15_153528,678.506574,Actinomycetota,Bacteria
A15_153569,676.490703,Bacillota,Bacteria
A15_153620,697.479045,Bacillota,Bacteria
A15_153652,775.531573,Pseudomonadota,Bacteria
A15_153686,727.533603,Bacillota,Bacteria
A15_153885,793.572191,Pseudomonadota,Bacteria
A15_154002,690.505881,Bacillota,Bacteria
A15_154007,657.506212,Basidiomycota,Fungi
A15_154079,783.531278,Bacillota,Bacteria
A15_154109,563.502832,Actinomycetota,Bacteria
A15_154117,746.493036,Bacillota,Bacteria
A15_154126,549.487126,Pseudomonadota,Bacteria
A15_154166,535.471559,Bacillota,Bacteria
A15_154218,551.502883,Bacillota,Bacteria
A15_154232,699.516737,Bacillota,Bacteria
A15_154252,601.518473,Basidiomycota,Fungi
A15_154265,805.555107,Ascomycota,Fungi
A15_154470,575.503005,Streptophyta,Viridiplantae
A15_154603,747.516684,Pseudomonadota,Bacteria
A15_154997,743.484211,Pseudomonadota,Bacteria
A15_155222,676.490756,Bacillota,Bacteria
A15_155233,774.528053,Pseudomonadota,Bacteria
A15_155301,764.544042,Pseudomonadota,Bacteria
A15_155319,724.571599,Ascomycota,Fungi
A15_155333,727.533274,Bacillota,Bacteria
A15_155517,706.537843,Actinomycetota,Bacteria
A15_155591,662.475348,Pseudomonadota,Bacteria
A15_155622,563.502869,Actinomycetota,Bacteria
A15_155686,777.584558,Pseudomonadota,Bacteria
A15_15584,543.326187,Ascomycota,Fungi
A15_155850,706.583779,Arthropoda,Animalia
A15_155859,551.502842,Bacillota,Bacteria
A15_15586,477.280159,Ascomycota,Fungi
A15_155864,740.545906,Bacillota,Bacteria
A15_155891,744.554107,Basidiomycota,Fungi
A15_156012,311.257574,Actinomycetota,Bacteria
A15_156093,601.518404,Basidiomycota,Fungi
A15_156246,751.572391,Arthropoda,Animalia
A15_156278,523.471582,Bacillota,Bacteria
A15_156285,820.58799,Basidiomycota,Fungi
A15_156348,770.568537,Basidiomycota,Fungi
A15_156425,686.474383,Bacillota,Bacteria
A15_156467,706.537868,Actinomycetota,Bacteria
A15_15662,240.268119,Bacillota,Bacteria
A15_156620,716.520778,Basidiomycota,Fungi
A15_156668,575.502785,Streptophyta,Viridiplantae
A15_156699,741.548388,Bacillota,Bacteria
A15_15675,478.292217,Basidiomycota,Fungi
A15_156846,536.503663,Basidiomycota,Fungi
A15_156875,706.583826,Arthropoda,Animalia
A15_156890,796.583396,Actinomycetota,Bacteria
A15_157001,565.519854,Actinomycetota,Bacteria
A15_157063,664.490028,Bacillota,Bacteria
A15_157147,698.512764,Bacillota,Bacteria
A15_157242,736.51588,Bacillota,Bacteria
A15_157393,792.57425,Pseudomonadota,Bacteria
A15_157472,740.544085,Bacillota,Bacteria
A15_157509,706.537756,Actinomycetota,Bacteria
A15_157552,776.581249,Pseudomonadota,Bacteria
A15_157630,551.502818,Bacillota,Bacteria
A15_157680,742.534499,Basidiomycota,Fungi
A15_157719,716.520774,Basidiomycota,Fungi
A15_157916,840.653406,Ascomycota,Fungi
A15_157973,751.571426,Arthropoda,Animalia
A15_157996,692.518056,Actinomycetota,Bacteria
A15_158120,575.502771,Streptophyta,Viridiplantae
A15_158178,806.560173,Discosea,Protists
A15_158191,696.496793,Bacillota,Bacteria
A15_158261,549.48717,Bacillota,Bacteria
A15_158367,704.578594,Bacillota,Bacteria
A15_158377,724.569932,Ascomycota,Fungi
A15_158406,748.513032,Pseudomonadota,Bacteria
A15_158408,700.489529,Bacillota,Bacteria
A15_158451,662.475475,Pseudomonadota,Bacteria
A15_158543,664.490152,Pseudomonadota,Bacteria
A15_158677,690.506077,Bacillota,Bacteria
A15_158681,745.498421,Bacillota,Bacteria
A15_158690,775.530981,Pseudomonadota,Bacteria
A15_158696,724.488195,Pseudomonadota,Bacteria
A15_158730,777.583468,Pseudomonadota,Bacteria
A15_158878,563.502581,Actinomycetota,Bacteria
A15_158892,784.511527,Ascomycota,Fungi
A15_158894,738.646329,Bacillota,Bacteria
A15_159001,550.490576,Bacillota,Bacteria
A15_159026,783.531132,Bacillota,Bacteria
A15_159051,513.536619,Bacillota,Bacteria
A15_159054,531.54716,Bacillota,Bacteria
A15_159058,739.649316,Bacillota,Bacteria
A15_159134,706.537576,Actinomycetota,Bacteria
A15_159189,676.490677,Bacillota,Bacteria
A15_159308,551.502825,Bacillota,Bacteria
A15_159345,742.536811,Basidiomycota,Fungi
A15_159417,796.583862,Actinomycetota,Bacteria
A15_159485,774.527888,Pseudomonadota,Bacteria
A15_159548,777.581682,Pseudomonadota,Bacteria
A15_159628,778.58893,Heterolobosea,Protists
A15_159963,549.487168,Bacillota,Bacteria
A15_160092,575.502699,Streptophyta,Viridiplantae
A15_160154,840.653562,Ascomycota,Fungi
A15_160222,712.489524,Bacillota,Bacteria
A15_160289,706.537471,Actinomycetota,Bacteria
A15_160313,750.525324,Bacillota,Bacteria
A15_160343,690.506084,Bacillota,Bacteria
A15_160352,777.584457,Pseudomonadota,Bacteria
A15_160430,523.471662,Bacillota,Bacteria
A15_160440,728.52229,Bacillota,Bacteria
A15_160510,719.53351,Pseudomonadota,Bacteria
A15_160633,563.50268,Pseudomonadota,Bacteria
A15_160639,752.543589,Pseudomonadota,Bacteria
A15_160647,751.531203,Actinomycetota,Bacteria
A15_160654,313.273092,Pseudomonadota,Bacteria
A15_160756,663.453074,Bacillota,Bacteria
A15_160801,742.537751,Basidiomycota,Fungi
A15_160871,565.519988,Actinomycetota,Bacteria
A15_160960,513.536544,Bacillota,Bacteria
A15_161044,503.886512,Arthropoda,Animalia
A15_16105,337.272959,Basidiomycota,Fungi
A15_161055,774.527727,Pseudomonadota,Bacteria
A15_161096,750.559442,Bacillota,Bacteria
A15_161104,692.51873,Actinomycetota,Bacteria
A15_161136,531.547106,Bacillota,Bacteria
A15_161235,540.497922,Bacillota,Bacteria
A15_161352,726.461361,Bacillota,Bacteria
A15_161413,680.479685,Bacillota,Bacteria
A15_161483,762.528579,Pseudomonadota,Bacteria
A15_161501,589.518795,Pseudomonadota,Bacteria
A15_161508,764.573272,Bacillota,Bacteria
A15_161513,766.559962,Pseudomonadota,Bacteria
A15_161514,767.562088,Pseudomonadota,Bacteria
A15_161544,654.566078,Basidiomycota,Fungi
A15_161574,828.620912,Ascomycota,Fungi
A15_161610,560.502398,Basidiomycota,Fungi
A15_161710,779.562225,Pseudomonadota,Bacteria
A15_161717,742.537845,Basidiomycota,Fungi
A15_161730,504.477268,Bacillota,Bacteria
A15_161832,796.584019,Actinomycetota,Bacteria
A15_161875,739.534296,Actinomycetota,Bacteria
A15_161906,551.502942,Actinomycetota,Bacteria
A15_161914,764.534515,Pseudomonadota,Bacteria
A15_161920,678.506268,Bacillota,Bacteria
A15_161925,778.560712,Pseudomonadota,Bacteria
A15_161927,685.4348,Bacillota,Bacteria
A15_161929,701.408666,Bacillota,Bacteria
A15_161935,690.50606,Streptophyta,Viridiplantae
A15_161944,749.532767,Pseudomonadota,Bacteria
A15_161947,513.536528,Bacillota,Bacteria
A15_161965,563.502761,Pseudomonadota,Bacteria
A15_162023,712.489095,Bacillota,Bacteria
A15_162102,784.513668,Pseudomonadota,Bacteria
A15_162108,575.5028,Pseudomonadota,Bacteria
A15_162157,707.490298,Bacillota,Bacteria
A15_162257,537.487368,Bacillota,Bacteria
A15_162289,518.493134,Bacillota,Bacteria
A15_162311,586.518445,Bacillota,Bacteria
A15_162366,776.552614,Actinomycetota,Bacteria
A15_162425,663.453056,Streptophyta,Viridiplantae
A15_162457,531.547203,Bacillota,Bacteria
A15_162468,781.577591,Pseudomonadota,Bacteria
A15_162507,751.531721,Actinomycetota,Bacteria
A15_162544,719.533177,Pseudomonadota,Bacteria
A15_16257,542.32235,Ascomycota,Fungi
A15_162590,607.390292,Bacillota,Bacteria
A15_162652,774.564326,Pseudomonadota,Bacteria
A15_162692,750.526036,Bacillota,Bacteria
A15_162822,738.503792,Pseudomonadota,Bacteria
A15_162823,764.573259,Bacillota,Bacteria
A15_162881,680.479675,Bacillota,Bacteria
A15_163010,738.646444,Bacillota,Bacteria
A15_163030,781.555707,Pseudomonadota,Bacteria
A15_163061,706.537663,Actinomycetota,Bacteria
A15_163091,783.531546,Bacillota,Bacteria
A15_163126,762.527801,Pseudomonadota,Bacteria
A15_163163,726.46133,Bacillota,Bacteria
A15_163216,750.558957,Bacillota,Bacteria
A15_16330,573.358029,Bacillota,Bacteria
A15_163326,746.568833,Pseudomonadota,Bacteria
A15_163387,678.505842,Bacillota,Bacteria
A15_163413,549.487247,Streptophyta,Viridiplantae
A15_163475,683.4888,Bacillota,Bacteria
A15_163494,681.482887,Bacillota,Bacteria
A15_163504,681.578016,Basidiomycota,Fungi
A15_163515,589.518821,Pseudomonadota,Bacteria
A15_163531,692.520676,Bacillota,Bacteria
A15_163538,694.49527,Bacillota,Bacteria
A15_163559,751.531736,Actinomycetota,Bacteria
A15_163569,822.540959,Basidiomycota,Fungi
A15_163643,707.490264,Bacillota,Bacteria
A15_163659,565.519526,Bacillota,Bacteria
A15_163680,712.489205,Bacillota,Bacteria
A15_163699,703.469603,Bacillota,Bacteria
A15_163703,776.582681,Pseudomonadota,Bacteria
A15_16374,462.258477,Bacillota,Bacteria
A15_163780,761.579449,Heterolobosea,Protists
A15_163819,736.541746,Bacillota,Bacteria
A15_163827,804.610778,Pseudomonadota,Bacteria
A15_163867,764.573264,Bacillota,Bacteria
A15_163871,591.439576,Pseudomonadota,Bacteria
A15_163877,575.502731,Pseudomonadota,Bacteria
A15_163928,809.582224,Discosea,Protists
A15_163941,777.583605,Pseudomonadota,Bacteria
A15_163952,680.47951,Bacillota,Bacteria
A15_163988,796.584336,Actinomycetota,Bacteria
A15_164062,663.453045,Bacillota,Bacteria
A15_164095,607.390171,Bacillota,Bacteria
A15_164171,736.571582,Ascomycota,Fungi
A15_164175,771.57253,Ascomycota,Fungi
A15_164236,738.504105,Pseudomonadota,Bacteria
A15_164369,683.488756,Bacillota,Bacteria
A15_164430,726.461301,Bacillota,Bacteria
A15_16448,617.384061,Bacillota,Bacteria
A15_164517,577.517913,Pseudomonadota,Bacteria
A15_16456,452.276822,Basidiomycota,Fungi
A15_164616,694.495711,Bacillota,Bacteria
A15_164671,678.506029,Bacillota,Bacteria
A15_164709,285.24187,Bacillota,Bacteria
A15_164715,781.555526,Pseudomonadota,Bacteria
A15_164879,796.584417,Actinomycetota,Bacteria
A15_164898,701.40849,Bacillota,Bacteria
A15_164913,591.533981,Actinomycetota,Bacteria
A15_1650,579.361533,Bacillota,Bacteria
A15_165133,762.527916,Pseudomonadota,Bacteria
A15_165135,714.505937,Bacillota,Bacteria
A15_165136,787.594894,Pseudomonadota,Bacteria
A15_165160,803.594974,Pseudomonadota,Bacteria
A15_165176,681.482869,Bacillota,Bacteria
A15_165218,591.439456,Pseudomonadota,Bacteria
A15_165270,663.453054,Bacillota,Bacteria
A15_165292,523.471705,Bacillota,Bacteria
A15_165428,579.534076,Actinomycetota,Bacteria
A15_165458,764.521029,Ascomycota,Fungi
A15_165464,725.550515,Pseudomonadota,Bacteria
A15_165468,607.390144,Bacillota,Bacteria
A15_165477,680.479477,Bacillota,Bacteria
A15_165481,779.582572,Ascomycota,Fungi
A15_165643,531.547165,Bacillota,Bacteria
A15_165648,766.559841,Pseudomonadota,Bacteria
A15_165726,589.518651,Pseudomonadota,Bacteria
A15_165742,705.52559,Bacillota,Bacteria
A15_165767,746.569168,Pseudomonadota,Bacteria
A15_165770,704.521468,Bacillota,Bacteria
A15_165810,761.579492,Heterolobosea,Protists
A15_165816,692.521324,Bacillota,Bacteria
A15_165852,513.536568,Bacillota,Bacteria
A15_165891,694.495716,Bacillota,Bacteria
A15_165921,758.593402,Basidiomycota,Fungi
A15_165951,796.584188,Actinomycetota,Bacteria
A15_165986,578.515603,Mucoromycota,Fungi
A15_166068,726.461464,Bacillota,Bacteria
A15_166172,762.561038,Actinomycetota,Bacteria
A15_166286,788.542394,Pseudomonadota,Bacteria
A15_166295,285.241804,Bacillota,Bacteria
A15_166343,767.579881,Methanobacteriota,Archaea
A15_166359,579.533978,Actinomycetota,Bacteria
A15_166422,591.439292,Pseudomonadota,Bacteria
A15_166487,683.489022,Bacillota,Bacteria
A15_166604,339.288709,Actinomycetota,Bacteria
A15_166640,694.562321,Ascomycota,Fungi
A15_166674,518.493246,Bacillota,Bacteria
A15_166681,724.567437,Bacillota,Bacteria
A15_16672,704.512227,Methanobacteriota,Archaea
A15_166747,820.674827,Ascomycota,Fungi
A15_166748,762.527711,Pseudomonadota,Bacteria
A15_166803,743.577097,Basidiomycota,Fungi
A15_166840,663.453074,Bacillota,Bacteria
A15_166877,531.546987,Bacillota,Bacteria
A15_166893,694.495704,Bacillota,Bacteria
A15_166898,726.505388,Pseudomonadota,Bacteria
A15_167191,592.531733,Ascomycota,Fungi
A15_167196,787.595077,Pseudomonadota,Bacteria
A15_167233,738.504328,Pseudomonadota,Bacteria
A15_16724,318.299513,Basidiomycota,Fungi
A15_16728,478.292062,Basidiomycota,Fungi
A15_167345,513.536822,Bacillota,Bacteria
A15_167381,591.533843,Actinomycetota,Bacteria
A15_167546,751.546792,Actinomycetota,Bacteria
A15_167648,766.558945,Streptophyta,Viridiplantae
A15_167662,758.593568,Basidiomycota,Fungi
A15_167691,578.51524,Mucoromycota,Fungi
A15_167893,591.439318,Pseudomonadota,Bacteria
A15_167915,518.49322,Bacillota,Bacteria
A15_167934,703.470042,Bacillota,Bacteria
A15_168117,607.390277,Bacillota,Bacteria
A15_168174,767.579857,Methanobacteriota,Archaea
A15_168176,700.526525,Bacillota,Bacteria
A15_168188,794.567054,Discosea,Protists
A15_168226,603.534243,Basidiomycota,Fungi
A15_168232,771.572449,Ascomycota,Fungi
A15_168275,764.520999,Ascomycota,Fungi
A15_168300,764.559877,Methanobacteriota,Archaea
A15_168347,551.503008,Bacillota,Bacteria
A15_168373,810.599725,Pseudomonadota,Bacteria
A15_168387,686.201451,Bacillota,Bacteria
A15_168402,714.505758,Bacillota,Bacteria
A15_168515,589.518197,Pseudomonadota,Bacteria
A15_168545,790.572028,Basidiomycota,Fungi
A15_168549,574.518907,Ascomycota,Fungi
A15_168552,680.479515,Bacillota,Bacteria
A15_168553,683.488857,Bacillota,Bacteria
A15_168562,765.525501,Methanobacteriota,Archaea
A15_168746,582.509089,Actinomycetota,Bacteria
A15_168766,562.518638,Ascomycota,Fungi
A15_168773,693.524859,Bacillota,Bacteria
A15_168852,726.505394,Pseudomonadota,Bacteria
A15_168908,663.453235,Bacillota,Bacteria
A15_168995,707.490365,Methanobacteriota,Archaea
A15_169030,787.595688,Pseudomonadota,Bacteria
A15_169058,698.511064,Bacillota,Bacteria
A15_169094,701.53103,Bacillota,Bacteria
A15_169124,778.554527,Pseudomonadota,Bacteria
A15_169125,721.506107,Bacillota,Bacteria
A15_169160,591.439234,Pseudomonadota,Bacteria
A15_169193,692.521214,Bacillota,Bacteria
A15_169273,758.593821,Basidiomycota,Fungi
A15_169302,694.495646,Bacillota,Bacteria
A15_169665,728.521923,Bacillota,Bacteria
A15_169671,561.487517,Basidiomycota,Fungi
A15_169767,699.516996,Bacillota,Bacteria
A15_169782,746.568158,Actinomycetota,Bacteria
A15_169921,683.489238,Bacillota,Bacteria
A15_170004,823.510806,Bacillota,Bacteria
A15_170006,764.520917,Ascomycota,Fungi
A15_170014,694.56214,Ascomycota,Fungi
A15_170048,810.600044,Pseudomonadota,Bacteria
A15_170051,680.479597,Bacillota,Bacteria
A15_170137,601.480147,Actinomycetota,Bacteria
A15_170216,781.497606,Bacillota,Bacteria
A15_170217,693.524874,Bacillota,Bacteria
A15_170240,686.201437,Bacillota,Bacteria
A15_170243,663.45325,Bacillota,Bacteria
A15_170249,820.674836,Ascomycota,Fungi
A15_170255,596.525857,Actinomycetota,Bacteria
A15_170286,582.509058,Actinomycetota,Bacteria
A15_170332,607.390457,Bacillota,Bacteria
A15_170435,794.56718,Discosea,Protists
A15_170542,644.54579,Actinomycetota,Bacteria
A15_170556,700.526495,Bacillota,Bacteria
A15_170598,591.439302,Pseudomonadota,Bacteria
A15_170646,603.534777,Pseudomonadota,Bacteria
A15_170668,740.558146,Bacillota,Bacteria
A15_170748,751.546838,Actinomycetota,Bacteria
A15_170785,663.496288,Actinomycetota,Bacteria
A15_170787,795.571937,Pseudomonadota,Bacteria
A15_170820,743.576805,Basidiomycota,Fungi
A15_170868,768.589899,Actinomycetota,Bacteria
A15_170910,785.586884,Actinomycetota,Bacteria
A15_170967,701.531228,Bacillota,Bacteria
A15_170983,790.571536,Basidiomycota,Fungi
A15_171073,572.524525,Actinomycetota,Bacteria
A15_171131,726.506306,Pseudomonadota,Bacteria
A15_17115,325.273037,Pseudomonadota,Bacteria
A15_171247,766.577801,Bacillota,Bacteria
A15_171284,766.576285,Bacillota,Bacteria
A15_171545,714.505795,Bacillota,Bacteria
A15_171571,810.600025,Pseudomonadota,Bacteria
A15_171736,705.484769,Bacillota,Bacteria
A15_17179,240.268128,Bacillota,Bacteria
A15_171880,575.522102,Ascomycota,Fungi
A15_171888,686.201324,Actinomycetota,Bacteria
A15_171905,700.526662,Bacillota,Bacteria
A15_171925,684.202148,Actinomycetota,Bacteria
A15_171977,567.497317,Actinomycetota,Bacteria
A15_172017,570.508878,Bacillota,Bacteria
A15_172034,750.559416,Actinomycetota,Bacteria
A15_172064,828.619979,Ascomycota,Fungi
A15_172188,790.561429,Pseudomonadota,Bacteria
A15_172304,601.479855,Basidiomycota,Fungi
A15_172416,764.543562,Pseudomonadota,Bacteria
A15_172434,766.5762,Bacillota,Bacteria
A15_172435,768.589785,Actinomycetota,Bacteria
A15_172469,577.518183,Actinomycetota,Bacteria
A15_172481,690.506093,Pseudomonadota,Bacteria
A15_172530,561.487944,Basidiomycota,Fungi
A15_172531,582.509156,Actinomycetota,Bacteria
A15_172564,751.546694,Actinomycetota,Bacteria
A15_172607,795.571502,Pseudomonadota,Bacteria
A15_172905,608.524007,Bacillota,Bacteria
A15_173038,605.549556,Actinomycetota,Bacteria
A15_173057,790.57118,Basidiomycota,Fungi
A15_173067,728.522227,Bacillota,Bacteria
A15_173188,810.6005,Pseudomonadota,Bacteria
A15_173196,777.547389,Pseudomonadota,Bacteria
A15_173261,537.487943,Actinomycetota,Bacteria
A15_173329,584.524604,Actinomycetota,Bacteria
A15_173419,802.607838,Ascomycota,Fungi
A15_173465,706.536507,Bacillota,Bacteria
A15_173488,577.518143,Actinomycetota,Bacteria
A15_173577,745.556521,Pseudomonadota,Bacteria
A15_173657,700.52695,Bacillota,Bacteria
A15_173680,763.673046,Bacillota,Bacteria
A15_173757,629.55174,Ascomycota,Fungi
A15_173774,795.571414,Pseudomonadota,Bacteria
A15_173813,761.587019,Pseudomonadota,Bacteria
A15_173898,603.533814,Pseudomonadota,Bacteria
A15_173992,760.581811,Pseudomonadota,Bacteria
A15_17406,497.287013,Pseudomonadota,Bacteria
A15_174208,719.540825,Pseudomonadota,Bacteria
A15_174271,762.591572,Pseudomonadota,Bacteria
A15_174334,764.54347,Pseudomonadota,Bacteria
A15_174376,633.50654,Actinomycetota,Bacteria
A15_17438,572.435341,Methanobacteriota,Archaea
A15_174404,582.509191,Actinomycetota,Bacteria
A15_174444,698.512322,Bacillota,Bacteria
A15_174537,795.571572,Pseudomonadota,Bacteria
A15_174616,701.531446,Bacillota,Bacteria
A15_174709,589.518131,Pseudomonadota,Bacteria
A15_174775,801.616753,Actinomycetota,Bacteria
A15_174786,596.525476,Basidiomycota,Fungi
A15_17479,616.462154,Methanobacteriota,Archaea
A15_174846,768.576171,Pseudomonadota,Bacteria
A15_174893,706.53715,Bacillota,Bacteria
A15_174950,605.549261,Actinomycetota,Bacteria
A15_175002,772.54904,Bacillota,Bacteria
A15_175028,537.488285,Bacillota,Bacteria
A15_175032,798.564447,Bacillota,Bacteria
A15_175067,776.581432,Pseudomonadota,Bacteria
A15_175174,790.571157,Basidiomycota,Fungi
A15_175221,762.592424,Pseudomonadota,Bacteria
A15_175269,561.487873,Basidiomycota,Fungi
A15_175379,560.470965,Pseudomonadota,Bacteria
A15_17538,452.276808,Basidiomycota,Fungi
A15_175392,579.533876,Pseudomonadota,Bacteria
A15_175418,686.201344,Actinomycetota,Bacteria
A15_175507,758.568793,Pseudomonadota,Bacteria
A15_175517,745.556726,Pseudomonadota,Bacteria
A15_175576,812.54491,Pseudomonadota,Bacteria
A15_175580,719.540695,Pseudomonadota,Bacteria
A15_175607,728.521497,Bacillota,Bacteria
A15_175624,734.568487,Actinomycetota,Bacteria
A15_175634,692.521196,Pseudomonadota,Bacteria
A15_175638,563.502626,Pseudomonadota,Bacteria
A15_175641,704.521715,Streptophyta,Viridiplantae
A15_175683,705.484608,Bacillota,Bacteria
A15_175760,824.556816,Basidiomycota,Fungi
A15_175786,707.54014,Bacillota,Bacteria
A15_175831,726.5085,Pseudomonadota,Bacteria
A15_175976,605.54935,Actinomycetota,Bacteria
A15_176003,740.520618,Pseudomonadota,Bacteria
A15_176053,734.616864,Arthropoda,Animalia
A15_176091,628.550888,Actinomycetota,Bacteria
A15_176092,762.592423,Pseudomonadota,Bacteria
A15_176216,507.405438,Bacillota,Bacteria
A15_176245,596.525467,Basidiomycota,Fungi
A15_176250,769.518873,Actinomycetota,Bacteria
A15_176352,756.553003,Actinomycetota,Bacteria
A15_176437,761.579817,Pseudomonadota,Bacteria
A15_176446,764.543184,Pseudomonadota,Bacteria
A15_176483,790.571782,Basidiomycota,Fungi
A15_176491,686.201281,Actinomycetota,Bacteria
A15_176721,766.535469,Pseudomonadota,Bacteria
A15_176777,719.54002,Pseudomonadota,Bacteria
A15_176809,633.5064,Actinomycetota,Bacteria
A15_17683,528.409612,Methanobacteriota,Archaea
A15_176891,704.52197,Pseudomonadota,Bacteria
A15_176909,537.48837,Bacillota,Bacteria
A15_177304,767.563395,Actinomycetota,Bacteria
A15_177308,745.556578,Pseudomonadota,Bacteria
A15_177310,563.502357,Actinomycetota,Bacteria
A15_177315,786.529896,Pseudomonadota,Bacteria
A15_177384,740.520686,Pseudomonadota,Bacteria
A15_177405,801.621491,Actinomycetota,Bacteria
A15_177412,734.568371,Actinomycetota,Bacteria
A15_177421,744.588146,Actinomycetota,Bacteria
A15_177493,706.536472,Bacillota,Bacteria
A15_177515,679.617404,Bacillota,Bacteria
A15_177523,596.525713,Basidiomycota,Fungi
A15_177586,573.48794,Bacillota,Bacteria
A15_177589,719.540643,Pseudomonadota,Bacteria
A15_177600,628.551206,Actinomycetota,Bacteria
A15_177679,786.600614,Pseudomonadota,Bacteria
A15_177688,756.552713,Actinomycetota,Bacteria
A15_17772,318.299521,Basidiomycota,Fungi
A15_177746,718.537532,Pseudomonadota,Bacteria
A15_177775,779.563693,Actinomycetota,Bacteria
A15_1778,535.335718,Bacillota,Bacteria
A15_177812,742.537624,Bacillota,Bacteria
A15_177933,577.518257,Pseudomonadota,Bacteria
A15_178075,792.625796,Ascomycota,Fungi
A15_178144,732.662878,Bacillota,Bacteria
A15_178157,787.599077,Pseudomonadota,Bacteria
A15_178179,801.621022,Actinomycetota,Bacteria
A15_178233,812.544606,Pseudomonadota,Bacteria
A15_178363,766.535427,Pseudomonadota,Bacteria
A15_178364,824.556294,Basidiomycota,Fungi
A15_178496,734.56817,Actinomycetota,Bacteria
A15_178510,712.529598,Bacillota,Bacteria
A15_178523,762.592505,Pseudomonadota,Bacteria
A15_178537,803.595468,Pseudomonadota,Bacteria
A15_178591,744.588237,Actinomycetota,Bacteria
A15_178620,749.591204,Streptophyta,Viridiplantae
A15_178708,685.435115,Bacillota,Bacteria
A15_178752,748.59093,Actinomycetota,Bacteria
A15_178857,786.600476,Pseudomonadota,Bacteria
A15_178925,754.535249,Actinomycetota,Bacteria
A15_178961,745.55642,Pseudomonadota,Bacteria
A15_178977,756.552669,Actinomycetota,Bacteria
A15_178991,779.563721,Streptophyta,Viridiplantae
A15_179010,787.602661,Ascomycota,Fungi
A15_179105,798.639137,Ascomycota,Fungi
A15_179152,780.633319,Pseudomonadota,Bacteria
A15_179157,577.51834,Pseudomonadota,Bacteria
A15_179190,758.568669,Pseudomonadota,Bacteria
A15_179307,744.552797,Basidiomycota,Fungi
A15_17931,484.383212,Methanobacteriota,Archaea
A15_179362,785.587514,Ascomycota,Fungi
A15_179410,705.525223,Bacillota,Bacteria
A15_179480,681.48304,Bacillota,Bacteria
A15_179535,748.590326,Actinomycetota,Bacteria
A15_179641,762.592588,Pseudomonadota,Bacteria
A15_179645,740.521242,Pseudomonadota,Bacteria
A15_179691,740.580391,Basidiomycota,Fungi
A15_179719,748.585855,Actinomycetota,Bacteria
A15_179732,753.613661,Bacillota,Bacteria
A15_179764,734.568078,Actinomycetota,Bacteria
A15_179793,704.522009,Pseudomonadota,Bacteria
A15_179807,656.581762,Ascomycota,Fungi
A15_179976,546.523841,Ascomycota,Fungi
A15_180025,779.563493,Actinomycetota,Bacteria
A15_180102,744.588169,Actinomycetota,Bacteria
A15_180111,744.552716,Basidiomycota,Fungi
A15_180140,610.539789,Actinomycetota,Bacteria
A15_180174,570.508601,Bacillota,Bacteria
A15_180212,798.640501,Ascomycota,Fungi
A15_180240,663.572236,Actinomycetota,Bacteria
A15_180251,563.502124,Actinomycetota,Bacteria
A15_180314,742.537599,Bacillota,Bacteria
A15_180315,787.597341,Pseudomonadota,Bacteria
A15_180323,575.46511,Bacillota,Bacteria
A15_180352,563.46531,Bacillota,Bacteria
A15_180354,766.535735,Pseudomonadota,Bacteria
A15_180393,745.55646,Pseudomonadota,Bacteria
A15_180424,749.588732,Actinomycetota,Bacteria
A15_180439,787.602711,Ascomycota,Fungi
A15_180458,758.568799,Pseudomonadota,Bacteria
A15_180472,705.524994,Bacillota,Bacteria
A15_180532,706.537165,Bacillota,Bacteria
A15_180582,579.533898,Pseudomonadota,Bacteria
A15_180603,680.522692,Actinomycetota,Bacteria
A15_180620,299.257665,Bacillota,Bacteria
A15_180628,799.602579,Actinomycetota,Bacteria
A15_180648,558.509525,Bacillota,Bacteria
A15_180660,551.502855,Actinomycetota,Bacteria
A15_18072,523.347055,Basidiomycota,Fungi
A15_180728,718.537611,Basidiomycota,Fungi
A15_180783,785.587646,Ascomycota,Fungi
A15_180889,748.585942,Actinomycetota,Bacteria
A15_180950,780.633471,Pseudomonadota,Bacteria
A15_181006,808.666393,Ascomycota,Fungi
A15_181061,723.509047,Bacillota,Bacteria
A15_181173,734.568069,Actinomycetota,Bacteria
A15_181201,548.540006,Ascomycota,Fungi
A15_181244,740.521438,Pseudomonadota,Bacteria
A15_18126,622.376832,Basidiomycota,Fungi
A15_181280,681.483048,Bacillota,Bacteria
A15_181283,589.480246,Bacillota,Bacteria
A15_181383,656.582207,Ascomycota,Fungi
A15_181405,577.518333,Ascomycota,Fungi
A15_18141,340.283837,Basidiomycota,Fungi
A15_181482,758.568874,Pseudomonadota,Bacteria
A15_181484,759.57188,Pseudomonadota,Bacteria
A15_181514,745.556314,Pseudomonadota,Bacteria
A15_181630,752.558424,Pseudomonadota,Bacteria
A15_181631,744.552909,Pseudomonadota,Bacteria
A15_181730,748.584036,Actinomycetota,Bacteria
A15_181731,563.46516,Bacillota,Bacteria
A15_181768,800.617536,Pseudomonadota,Bacteria
A15_181838,766.535749,Pseudomonadota,Bacteria
A15_181854,679.617279,Bacillota,Bacteria
A15_181913,610.539983,Actinomycetota,Bacteria
A15_182012,816.721476,Bacillota,Bacteria
A15_182013,573.48848,Bacillota,Bacteria
A15_182199,704.522907,Pseudomonadota,Bacteria
A15_182230,729.598863,Actinomycetota,Bacteria
A15_182249,395.330429,Basidiomycota,Fungi
A15_182591,563.502519,Actinomycetota,Bacteria
A15_182600,759.571854,Pseudomonadota,Bacteria
A15_182693,761.586733,Ascomycota,Fungi
A15_182698,732.553668,Pseudomonadota,Bacteria
A15_182863,577.518314,Ascomycota,Fungi
A15_182905,776.580396,Pseudomonadota,Bacteria
A15_182917,751.562213,Actinomycetota,Bacteria
A15_182997,787.602831,Ascomycota,Fungi
A15_183085,589.480379,Bacillota,Bacteria
A15_183104,692.521725,Pseudomonadota,Bacteria
A15_183169,698.254043,Pseudomonadota,Bacteria
A15_183260,742.536193,Bacillota,Bacteria
A15_183267,738.543663,Bacillota,Bacteria
A15_183303,707.4911,Methanobacteriota,Archaea
A15_183329,681.482973,Actinomycetota,Bacteria
A15_183409,816.721431,Bacillota,Bacteria
A15_183462,800.616072,Pseudomonadota,Bacteria
A15_183492,748.584443,Actinomycetota,Bacteria
A15_183583,788.606689,Pseudomonadota,Bacteria
A15_183641,756.636337,Ascomycota,Fungi
A15_183657,563.502499,Actinomycetota,Bacteria
A15_183665,798.638946,Ascomycota,Fungi
A15_183779,758.569025,Pseudomonadota,Bacteria
A15_183830,766.535933,Pseudomonadota,Bacteria
A15_183835,600.52026,Bacillota,Bacteria
A15_183845,732.553608,Pseudomonadota,Bacteria
A15_183859,603.533911,Ascomycota,Fungi
A15_183937,685.43506,Bacillota,Bacteria
A15_183968,603.550083,Actinomycetota,Bacteria
A15_183981,808.665744,Ascomycota,Fungi
A15_184118,761.586742,Ascomycota,Fungi
A15_184173,610.540097,Actinomycetota,Bacteria
A15_18444,332.330494,Basidiomycota,Fungi
A15_18446,443.25607,Bacillota,Bacteria
A15_184500,680.47966,Bacillota,Bacteria
A15_184501,707.491037,Methanobacteriota,Archaea
A15_184511,759.572244,Pseudomonadota,Bacteria
A15_184611,801.618722,Actinomycetota,Bacteria
A15_18462,236.997832,Bacillota,Bacteria
A15_184714,548.539895,Ascomycota,Fungi
A15_184874,732.553454,Pseudomonadota,Bacteria
A15_18492,478.292121,Basidiomycota,Fungi
A15_184949,579.533836,Actinomycetota,Bacteria
A15_185017,699.254769,Pseudomonadota,Bacteria
A15_185040,744.555755,Pseudomonadota,Bacteria
A15_185060,577.518323,Ascomycota,Fungi
A15_185112,783.608141,Actinomycetota,Bacteria
A15_185119,800.616571,Pseudomonadota,Bacteria
A15_185220,755.538639,Pseudomonadota,Bacteria
A15_185401,745.556604,Pseudomonadota,Bacteria
A15_185427,681.583944,Basidiomycota,Fungi
A15_185442,754.536157,Pseudomonadota,Bacteria
A15_185470,698.254117,Pseudomonadota,Bacteria
A15_18551,314.268029,Basidiomycota,Fungi
A15_185722,798.640578,Ascomycota,Fungi
A15_185784,744.55317,Pseudomonadota,Bacteria
A15_18586,337.272976,Basidiomycota,Fungi
A15_185902,591.534237,Actinomycetota,Bacteria
A15_18592,279.231434,Pseudomonadota,Bacteria
A15_185979,768.588403,Actinomycetota,Bacteria
A15_186033,738.544382,Bacillota,Bacteria
A15_186270,777.559524,Pseudomonadota,Bacteria
A15_186291,759.572217,Pseudomonadota,Bacteria
A15_186318,692.521836,Pseudomonadota,Bacteria
A15_186351,732.553457,Pseudomonadota,Bacteria
A15_186419,311.257598,Actinomycetota,Bacteria
A15_186441,780.633592,Pseudomonadota,Bacteria
A15_186470,834.640889,Actinomycetota,Bacteria
A15_186472,758.568965,Pseudomonadota,Bacteria
A15_187064,801.618492,Actinomycetota,Bacteria
A15_187104,780.551378,Pseudomonadota,Bacteria
A15_187201,828.649039,Basidiomycota,Fungi
A15_187202,780.589599,Actinomycetota,Bacteria
A15_18732,639.397994,Bacillota,Bacteria
A15_187432,836.657854,Actinomycetota,Bacteria
A15_187864,828.64762,Basidiomycota,Fungi
A15_187879,834.641093,Actinomycetota,Bacteria
A15_187916,724.529822,Bacillota,Bacteria
A15_187963,758.568962,Pseudomonadota,Bacteria
A15_187982,745.556481,Pseudomonadota,Bacteria
A15_188049,759.57222,Pseudomonadota,Bacteria
A15_188114,742.538311,Bacillota,Bacteria
A15_18817,617.384076,Bacillota,Bacteria
A15_188404,801.618525,Actinomycetota,Bacteria
A15_188480,802.622607,Actinomycetota,Bacteria
A15_188562,815.642795,Actinomycetota,Bacteria
A15_188732,744.553425,Pseudomonadota,Bacteria
A15_188893,679.617518,Bacillota,Bacteria
A15_188920,780.588945,Actinomycetota,Bacteria
A15_188979,692.52235,Pseudomonadota,Bacteria
A15_189082,572.524673,Bacillota,Bacteria
A15_189083,577.481291,Bacillota,Bacteria
A15_189142,795.651597,Ascomycota,Fungi
A15_189578,768.588744,Actinomycetota,Bacteria
A15_18959,467.295687,Pseudomonadota,Bacteria
A15_189755,834.641079,Actinomycetota,Bacteria
A15_189807,565.519659,Actinomycetota,Bacteria
A15_189996,812.66167,Ascomycota,Fungi
A15_190200,821.673446,Bacillota,Bacteria
A15_19030,459.309994,Ascomycota,Fungi
A15_190463,780.589095,Actinomycetota,Bacteria
A15_190652,741.624612,Actinomycetota,Bacteria
A15_190769,801.618279,Actinomycetota,Bacteria
A15_19080,352.304946,Methanobacteriota,Archaea
A15_190822,783.608347,Actinomycetota,Bacteria
A15_191048,568.566151,Bacillota,Bacteria
A15_191185,732.553467,Pseudomonadota,Bacteria
A15_191228,601.518679,Basidiomycota,Fungi
A15_19150,325.273051,Pseudomonadota,Bacteria
A15_19174,379.304254,Methanobacteriota,Archaea
A15_192026,768.590394,Actinomycetota,Bacteria
A15_192037,758.56871,Pseudomonadota,Bacteria
A15_192100,794.647743,Actinomycetota,Bacteria
A15_192113,741.624421,Actinomycetota,Bacteria
A15_19213,363.309867,Pseudomonadota,Bacteria
A15_192144,568.566193,Bacillota,Bacteria
A15_192198,602.588162,Arthropoda,Animalia
A15_192199,780.590346,Actinomycetota,Bacteria
A15_19230,335.278268,Methanobacteriota,Archaea
A15_192314,804.624602,Heterolobosea,Protists
A15_19238,423.064935,Bacillota,Bacteria
A15_192528,704.559785,Pseudomonadota,Bacteria
A15_192559,759.572416,Pseudomonadota,Bacteria
A15_1927,261.18456,Bacillota,Bacteria
A15_192799,659.502733,Pseudomonadota,Bacteria
A15_192838,821.675471,Bacillota,Bacteria
A15_192844,601.518556,Basidiomycota,Fungi
A15_19289,423.329738,Methanobacteriota,Archaea
A15_192977,679.617356,Bacillota,Bacteria
A15_193044,676.529289,Pseudomonadota,Bacteria
A15_193152,816.722213,Bacillota,Bacteria
A15_193242,698.254023,Pseudomonadota,Bacteria
A15_193360,836.656509,Actinomycetota,Bacteria
A15_193628,568.566278,Bacillota,Bacteria
A15_193762,834.641249,Actinomycetota,Bacteria
A15_193950,780.590228,Actinomycetota,Bacteria
A15_1941,228.195616,Bacillota,Bacteria
A15_19413,528.409675,Methanobacteriota,Archaea
A15_19417,595.37082,Bacillota,Bacteria
A15_194281,659.502361,Pseudomonadota,Bacteria
A15_1944,491.309154,Bacillota,Bacteria
A15_194665,816.722153,Bacillota,Bacteria
A15_194859,794.64882,Actinomycetota,Bacteria
A15_194952,780.590361,Actinomycetota,Bacteria
A15_194985,748.683687,Bacillota,Bacteria
A15_194986,747.680456,Bacillota,Bacteria
A15_195030,801.617957,Actinomycetota,Bacteria
A15_195122,800.726369,Bacillota,Bacteria
A15_195274,765.689852,Bacillota,Bacteria
A15_195470,783.60831,Actinomycetota,Bacteria
A15_195562,827.738311,Bacillota,Bacteria
A15_195704,577.518279,Ascomycota,Fungi
A15_195722,766.692678,Bacillota,Bacteria
A15_19590,484.383391,Methanobacteriota,Archaea
A15_19630,313.273274,Streptophyta,Viridiplantae
A15_19637,417.238998,Basidiomycota,Fungi
A15_196406,747.680508,Bacillota,Bacteria
A15_196407,748.683943,Bacillota,Bacteria
A15_196580,808.66602,Actinomycetota,Bacteria
A15_196586,765.689903,Bacillota,Bacteria
A15_196739,832.651972,Heterolobosea,Protists
A15_196938,827.738374,Bacillota,Bacteria
A15_196942,577.518191,Ascomycota,Fungi
A15_19695,564.365997,Mollusca,Animalia
A15_197004,659.502367,Pseudomonadota,Bacteria
A15_197219,565.424607,Chlorophyta,Viridiplantae
A15_197224,816.722299,Bacillota,Bacteria
A15_19732,326.377657,Bacillota,Bacteria
A15_197339,704.560588,Pseudomonadota,Bacteria
A15_197532,763.675322,Bacillota,Bacteria
A15_197630,837.650952,Actinomycetota,Bacteria
A15_197689,718.572733,Pseudomonadota,Bacteria
A15_197863,794.648936,Actinomycetota,Bacteria
A15_197879,819.650206,Actinomycetota,Bacteria
A15_197963,787.637892,Actinomycetota,Bacteria
A15_198000,591.49627,Bacillota,Bacteria
A15_198347,601.518465,Basidiomycota,Fungi
A15_198580,681.48329,Pseudomonadota,Bacteria
A15_199305,832.650029,Heterolobosea,Protists
A15_199497,827.738565,Bacillota,Bacteria
A15_199542,747.680458,Bacillota,Bacteria
A15_199543,748.683767,Bacillota,Bacteria
A15_199725,800.727615,Bacillota,Bacteria
A15_199726,801.731075,Bacillota,Bacteria
A15_199741,801.618798,Actinomycetota,Bacteria
A15_199743,794.649003,Actinomycetota,Bacteria
A15_199946,785.654081,Actinomycetota,Bacteria
A15_199954,648.46175,Bacillota,Bacteria
A15_200018,765.689975,Bacillota,Bacteria
A15_200132,766.692245,Bacillota,Bacteria
A15_200588,801.618846,Actinomycetota,Bacteria
A15_200628,604.594162,Arthropoda,Animalia
A15_200743,827.738589,Bacillota,Bacteria
A15_200809,764.574702,Bacillota,Bacteria
A15_200948,628.550865,Bacillota,Bacteria
A15_201285,772.585006,Pseudomonadota,Bacteria
A15_201294,648.461777,Bacillota,Bacteria
A15_20173,820.498729,Bacillota,Bacteria
A15_20200,452.276785,Basidiomycota,Fungi
A15_202245,785.654022,Actinomycetota,Bacteria
A15_202534,774.600054,Streptophyta,Viridiplantae
A15_202558,825.723298,Bacillota,Bacteria
A15_202571,764.677227,Bacillota,Bacteria
A15_202771,801.6189,Actinomycetota,Bacteria
A15_202935,763.675054,Bacillota,Bacteria
A15_203062,648.461767,Bacillota,Bacteria
A15_203147,772.585014,Pseudomonadota,Bacteria
A15_203209,794.649019,Actinomycetota,Bacteria
A15_203321,785.623401,Actinomycetota,Bacteria
A15_20346,228.231849,Bacillota,Bacteria
A15_203505,846.661888,Discosea,Protists
A15_203658,747.679817,Bacillota,Bacteria
A15_203692,803.665781,Bacillota,Bacteria
A15_203792,821.653504,Bacillota,Bacteria
A15_20380,335.278288,Methanobacteriota,Archaea
A15_20381,352.304916,Methanobacteriota,Archaea
A15_203846,647.45868,Bacillota,Bacteria
A15_203890,785.654142,Actinomycetota,Bacteria
A15_203935,802.631051,Pseudomonadota,Bacteria
A15_20398,443.314934,Basidiomycota,Fungi
A15_204163,766.692264,Bacillota,Bacteria
A15_20428,318.299549,Basidiomycota,Fungi
A15_204297,648.461803,Bacillota,Bacteria
A15_20433,240.268111,Bacillota,Bacteria
A15_204394,774.600217,Streptophyta,Viridiplantae
A15_204533,628.550665,Bacillota,Bacteria
A15_204608,837.600375,Chlorophyta,Viridiplantae
A15_204637,765.689037,Bacillota,Bacteria
A15_204994,651.511408,Bacillota,Bacteria
A15_20518,838.551926,Mucoromycota,Fungi
A15_205501,847.66993,Actinomycetota,Bacteria
A15_205653,800.727594,Bacillota,Bacteria
A15_205684,747.680166,Bacillota,Bacteria
A15_205689,801.731009,Bacillota,Bacteria
A15_205755,827.740475,Bacillota,Bacteria
A15_205810,802.631418,Pseudomonadota,Bacteria
A15_205888,820.68697,Arthropoda,Animalia
A15_206135,508.54509,Bacillota,Bacteria
A15_20617,397.308925,Bacillota,Bacteria
A15_206209,821.652289,Bacillota,Bacteria
A15_206564,763.673761,Bacillota,Bacteria
A15_206653,798.712797,Bacillota,Bacteria
A15_206800,800.727024,Bacillota,Bacteria
A15_20688,332.330511,Basidiomycota,Fungi
A15_20692,551.344936,Bacillota,Bacteria
A15_20712,423.064919,Bacillota,Bacteria
A15_207182,841.758867,Bacillota,Bacteria
A15_207248,840.759748,Bacillota,Bacteria
A15_207256,747.680145,Bacillota,Bacteria
A15_20734,236.997825,Bacillota,Bacteria
A15_207543,648.461683,Bacillota,Bacteria
A15_207597,764.677837,Bacillota,Bacteria
A15_207681,681.980677,Chlorophyta,Viridiplantae
A15_207692,801.730808,Bacillota,Bacteria
A15_207727,508.545085,Bacillota,Bacteria
A15_20773,490.315173,Ascomycota,Fungi
A15_207788,647.458672,Bacillota,Bacteria
A15_208000,763.674778,Bacillota,Bacteria
A15_208113,751.631638,Basidiomycota,Fungi
A15_208276,827.739983,Bacillota,Bacteria
A15_208320,800.72704,Bacillota,Bacteria
A15_208352,803.666131,Bacillota,Bacteria
A15_208379,798.712529,Bacillota,Bacteria
A15_208526,728.568811,Pseudomonadota,Bacteria
A15_20855,463.342128,Methanobacteriota,Archaea
A15_208560,821.652019,Bacillota,Bacteria
A15_208623,508.545083,Bacillota,Bacteria
A15_208776,805.680894,Bacillota,Bacteria
A15_20896,429.262498,Pseudomonadota,Bacteria
A15_208984,801.73116,Bacillota,Bacteria
A15_20901,507.367337,Methanobacteriota,Archaea
A15_209023,846.663569,Discosea,Protists
A15_20903,600.46747,Methanobacteriota,Archaea
A15_209385,800.726921,Bacillota,Bacteria
A15_209506,508.545095,Bacillota,Bacteria
A15_209688,747.680205,Bacillota,Bacteria
A15_209985,818.654101,Methanobacteriota,Archaea
A15_21006,454.292446,Pseudomonadota,Bacteria
A15_210233,803.665268,Bacillota,Bacteria
A15_210364,766.525314,Pseudomonadota,Bacteria
A15_210550,841.758909,Bacillota,Bacteria
A15_210581,785.621428,Actinomycetota,Bacteria
A15_210689,744.65002,Pseudomonadota,Bacteria
A15_210850,840.760036,Bacillota,Bacteria
A15_211110,821.654118,Bacillota,Bacteria
A15_211311,508.545061,Bacillota,Bacteria
A15_211473,786.637615,Pseudomonadota,Bacteria
A15_211671,834.68148,Methanobacteriota,Archaea
A15_211927,749.547295,Pseudomonadota,Bacteria
A15_211955,821.654223,Bacillota,Bacteria
A15_212025,827.739313,Bacillota,Bacteria
A15_212092,801.731215,Bacillota,Bacteria
A15_212179,727.565459,Pseudomonadota,Bacteria
A15_212183,800.727162,Bacillota,Bacteria
A15_212188,745.592791,Bacillota,Bacteria
A15_212277,747.680144,Bacillota,Bacteria
A15_212364,744.590779,Pseudomonadota,Bacteria
A15_21255,506.322983,Basidiomycota,Fungi
A15_213355,821.653985,Bacillota,Bacteria
A15_213455,834.681862,Methanobacteriota,Archaea
A15_21381,732.44611,Bacillota,Bacteria
A15_21384,468.38893,Methanobacteriota,Archaea
A15_213892,682.597978,Bacillota,Bacteria
A15_214035,800.727367,Bacillota,Bacteria
A15_214067,656.581681,Bacillota,Bacteria
A15_214068,765.690148,Bacillota,Bacteria
A15_21410,345.240161,Basidiomycota,Fungi
A15_214127,766.525202,Pseudomonadota,Bacteria
A15_214173,645.487458,Pseudomonadota,Bacteria
A15_214175,765.521461,Pseudomonadota,Bacteria
A15_214250,727.565222,Pseudomonadota,Bacteria
A15_214251,744.590997,Pseudomonadota,Bacteria
A15_214252,749.547008,Pseudomonadota,Bacteria
A15_214293,827.73964,Bacillota,Bacteria
A15_214305,745.593209,Bacillota,Bacteria
A15_21453,776.571867,Methanobacteriota,Archaea
A15_2148,672.490728,Nematoda,Animalia
A15_215080,747.68004,Bacillota,Bacteria
A15_215102,536.576408,Bacillota,Bacteria
A15_215140,682.597981,Bacillota,Bacteria
A15_21522,326.377656,Bacillota,Bacteria
A15_215297,668.654926,Streptophyta,Viridiplantae
A15_215414,744.590959,Pseudomonadota,Bacteria
A15_215574,783.631125,Mollusca,Animalia
A15_21600,636.398288,Actinomycetota,Bacteria
A15_21612,228.231854,Bacillota,Bacteria
A15_216214,716.671049,Bacillota,Bacteria
A15_216261,654.651593,Mollusca,Animalia
A15_216273,536.576392,Bacillota,Bacteria
A15_21630,305.246806,Basidiomycota,Fungi
A15_217046,647.503666,Nematoda,Animalia
A15_217247,671.562755,Bacillota,Bacteria
A15_217347,800.727483,Bacillota,Bacteria
A15_217469,536.576349,Bacillota,Bacteria
A15_217512,839.664388,Discosea,Protists
A15_217526,833.753589,Methanobacteriota,Archaea
A15_217574,827.738791,Bacillota,Bacteria
A15_218269,716.671163,Bacillota,Bacteria
A15_218370,712.680546,Bacillota,Bacteria
A15_218423,763.674804,Bacillota,Bacteria
A15_218459,757.648439,Bacillota,Bacteria
A15_218461,800.725082,Bacillota,Bacteria
A15_218507,630.548923,Bacillota,Bacteria
A15_218661,536.576356,Bacillota,Bacteria
A15_218722,722.579855,Pseudomonadota,Bacteria
A15_218782,684.61358,Bacillota,Bacteria
A15_218959,732.617206,Streptophyta,Viridiplantae
A15_219019,757.64845,Bacillota,Bacteria
A15_21912,834.614162,Bacillota,Bacteria
A15_219129,628.374042,Bacillota,Bacteria
A15_219140,596.597995,Mollusca,Animalia
A15_219312,800.72515,Bacillota,Bacteria
A15_21934,443.314922,Basidiomycota,Fungi
A15_219343,647.502808,Nematoda,Animalia
A15_219374,839.665792,Discosea,Protists
A15_219474,732.617157,Bacillota,Bacteria
A15_219513,712.680384,Bacillota,Bacteria
A15_21968,423.064933,Bacillota,Bacteria
A15_219759,815.576283,Bacillota,Bacteria
A15_219876,732.616786,Bacillota,Bacteria
A15_219897,684.613478,Bacillota,Bacteria
A15_219917,757.648354,Bacillota,Bacteria
A15_219943,628.374046,Bacillota,Bacteria
A15_22003,318.299565,Basidiomycota,Fungi
A15_220389,704.691004,Bacillota,Bacteria
A15_220444,815.575211,Streptophyta,Viridiplantae
A15_220511,628.374025,Bacillota,Bacteria
A15_22070,688.420154,Bacillota,Bacteria
A15_220792,732.616642,Bacillota,Bacteria
A15_22112,325.273092,Pseudomonadota,Bacteria
A15_221410,732.616633,Bacillota,Bacteria
A15_221509,815.575273,Bacillota,Bacteria
A15_221833,628.373923,Bacillota,Bacteria
A15_221974,535.471461,Bacillota,Bacteria
A15_222382,749.695456,Bacillota,Bacteria
A15_222452,704.691072,Bacillota,Bacteria
A15_222455,784.733004,Bacillota,Bacteria
A15_222531,628.373957,Bacillota,Bacteria
A15_222593,685.552127,Mollusca,Animalia
A15_222603,523.471833,Bacillota,Bacteria
A15_222734,682.614122,Mollusca,Animalia
A15_22290,790.588003,Bacillota,Bacteria
A15_223027,784.732745,Bacillota,Bacteria
A15_22318,668.399034,Chlorophyta,Viridiplantae
A15_223457,749.695252,Bacillota,Bacteria
A15_223587,784.732632,Bacillota,Bacteria
A15_223635,711.630169,Chlorophyta,Viridiplantae
A15_223712,664.573985,Mollusca,Animalia
A15_22372,475.297873,Actinomycetota,Bacteria
A15_22375,492.324375,Actinomycetota,Bacteria
A15_223795,685.552092,Mollusca,Animalia
A15_223863,521.455904,Bacillota,Bacteria
A15_224007,537.488277,Bacillota,Bacteria
A15_224140,782.717862,Bacillota,Bacteria
A15_224168,712.644212,Bacillota,Bacteria
A15_224282,721.577324,Bacillota,Bacteria
A15_22452,485.286734,Pseudomonadota,Bacteria
A15_224714,754.692339,Bacillota,Bacteria
A15_224754,832.58263,Chlorophyta,Viridiplantae
A15_22479,688.519715,Methanobacteriota,Archaea
A15_224820,768.706068,Bacillota,Bacteria
A15_224964,549.487417,Bacillota,Bacteria
A15_225268,754.692165,Bacillota,Bacteria
A15_225551,544.340189,Mollusca,Animalia
A15_225602,768.706359,Bacillota,Bacteria
A15_22580,345.239954,Basidiomycota,Fungi
A15_225978,824.766169,Bacillota,Bacteria
A15_226225,717.617541,Mollusca,Animalia
A15_226240,806.722936,Actinomycetota,Bacteria
A15_226382,768.706902,Actinomycetota,Bacteria
A15_226458,782.722008,Bacillota,Bacteria
A15_226590,706.58515,Bacillota,Bacteria
A15_226832,782.723024,Bacillota,Bacteria
A15_227040,782.7231,Bacillota,Bacteria
A15_227181,808.73797,Actinomycetota,Bacteria
A15_227287,706.585222,Bacillota,Bacteria
A15_227369,808.738066,Actinomycetota,Bacteria
A15_227512,706.585229,Bacillota,Bacteria
A15_227609,829.798423,Bacillota,Bacteria
A15_22761,466.292182,Pseudomonadota,Bacteria
A15_227936,829.798689,Bacillota,Bacteria
A15_227962,523.472121,Bacillota,Bacteria
A15_228168,523.472067,Bacillota,Bacteria
A15_228174,829.79853,Bacillota,Bacteria
A15_228483,836.769473,Actinomycetota,Bacteria
A15_228491,523.472022,Bacillota,Bacteria
A15_22852,427.320079,Basidiomycota,Fungi
A15_22854,776.571874,Methanobacteriota,Archaea
A15_228617,829.79871,Bacillota,Bacteria
A15_228620,836.76945,Actinomycetota,Bacteria
A15_22876,374.362331,Bacillota,Bacteria
A15_228821,836.769454,Actinomycetota,Bacteria
A15_228830,829.798708,Bacillota,Bacteria
A15_229316,810.753961,Bacillota,Bacteria
A15_229430,523.472176,Bacillota,Bacteria
A15_229547,838.785086,Actinomycetota,Bacteria
A15_229753,838.785754,Actinomycetota,Bacteria
A15_229905,838.785838,Actinomycetota,Bacteria
A15_23140,313.273188,Pseudomonadota,Bacteria
A15_23146,476.335933,Ascomycota,Fungi
A15_23205,820.498522,Bacillota,Bacteria
A15_23217,326.377633,Bacillota,Bacteria
A15_23230,429.262464,Pseudomonadota,Bacteria
A15_23244,702.535554,Bacillota,Bacteria
A15_23246,746.561828,Bacillota,Bacteria
A15_23429,454.292487,Pseudomonadota,Bacteria
A15_23470,325.273116,Pseudomonadota,Bacteria
A15_23503,600.467594,Methanobacteriota,Archaea
A15_23526,776.47202,Bacillota,Bacteria
A15_23636,339.288868,Pseudomonadota,Bacteria
A15_23678,507.367184,Methanobacteriota,Archaea
A15_23717,834.613579,Bacillota,Bacteria
A15_23850,556.441188,Methanobacteriota,Archaea
A15_23914,820.598028,Methanobacteriota,Archaea
A15_24015,622.376532,Basidiomycota,Fungi
A15_24030,820.498712,Bacillota,Bacteria
A15_24034,529.382504,Methanobacteriota,Archaea
A15_24081,776.571822,Methanobacteriota,Archaea
A15_24297,614.483379,Bacillota,Bacteria
A15_24400,776.472018,Bacillota,Bacteria
A15_24420,443.314917,Basidiomycota,Fungi
A15_24570,507.36714,Methanobacteriota,Archaea
A15_24572,688.420275,Bacillota,Bacteria
A15_24651,423.06492,Bacillota,Bacteria
A15_2467,446.253112,Pseudomonadota,Bacteria
A15_24706,374.362315,Bacillota,Bacteria
A15_24856,746.561772,Bacillota,Bacteria
A15_24881,454.292481,Pseudomonadota,Bacteria
A15_24883,330.335937,Bacillota,Bacteria
A15_24952,339.288678,Pseudomonadota,Bacteria
A15_24972,298.346401,Pseudomonadota,Bacteria
A15_25019,305.246839,Pseudomonadota,Bacteria
A15_25060,451.36235,Bacillota,Bacteria
A15_25093,790.587622,Bacillota,Bacteria
A15_25161,482.404837,Pseudomonadota,Bacteria
A15_25320,702.535549,Bacillota,Bacteria
A15_25367,313.273206,Pseudomonadota,Bacteria
A15_2546,346.331283,Bacillota,Bacteria
A15_25721,438.378585,Bacillota,Bacteria
A15_25857,514.37521,Bacillota,Bacteria
A15_25859,463.341984,Methanobacteriota,Archaea
A15_25919,325.273187,Pseudomonadota,Bacteria
A15_25920,614.483297,Bacillota,Bacteria
A15_25951,363.309588,Methanobacteriota,Archaea
A15_25968,326.377609,Bacillota,Bacteria
A15_25987,380.336282,Methanobacteriota,Archaea
A15_26089,459.309457,Basidiomycota,Fungi
A15_26097,523.629369,Arthropoda,Animalia
A15_26171,820.597795,Methanobacteriota,Archaea
A15_26175,454.292514,Pseudomonadota,Bacteria
A15_26305,313.273225,Pseudomonadota,Bacteria
A15_26337,330.335946,Bacillota,Bacteria
A15_26451,637.409136,Basidiomycota,Fungi
A15_26470,305.246859,Pseudomonadota,Bacteria
A15_26604,328.320519,Bacillota,Bacteria
A15_26670,455.279049,Pseudomonadota,Bacteria
A15_26717,319.283758,Methanobacteriota,Archaea
A15_26751,482.404805,Pseudomonadota,Bacteria
A15_26802,421.35173,Bacillota,Bacteria
A15_26826,363.309607,Methanobacteriota,Archaea
A15_26884,451.362367,Bacillota,Bacteria
A15_26889,429.26246,Pseudomonadota,Bacteria
A15_26890,451.245553,Pseudomonadota,Bacteria
A15_26918,602.462041,Chlorophyta,Viridiplantae
A15_27010,454.29258,Pseudomonadota,Bacteria
A15_27042,776.571422,Methanobacteriota,Archaea
A15_27047,614.483243,Bacillota,Bacteria
A15_27062,438.378556,Bacillota,Bacteria
A15_2710,437.193762,Bacillota,Bacteria
A15_27168,380.336319,Methanobacteriota,Archaea
A15_27173,407.336137,Bacillota,Bacteria
A15_27302,565.405987,Methanobacteriota,Archaea
A15_27387,637.409383,Basidiomycota,Fungi
A15_27435,485.286612,Pseudomonadota,Bacteria
A15_27482,328.32062,Bacillota,Bacteria
A15_27573,457.293804,Basidiomycota,Fungi
A15_27732,424.362854,Bacillota,Bacteria
A15_27805,732.545498,Methanobacteriota,Archaea
A15_27915,614.483293,Bacillota,Bacteria
A15_27941,834.613388,Bacillota,Bacteria
A15_27990,451.362296,Bacillota,Bacteria
A15_28287,790.587406,Bacillota,Bacteria
A15_28357,482.404749,Pseudomonadota,Bacteria
A15_28359,514.374993,Bacillota,Bacteria
A15_28543,305.246839,Pseudomonadota,Bacteria
A15_28556,672.418291,Actinomycetota,Bacteria
A15_28592,477.318536,Basidiomycota,Fungi
A15_28616,407.335667,Bacillota,Bacteria
A15_28794,424.362836,Bacillota,Bacteria
A15_28815,438.378595,Bacillota,Bacteria
A15_28926,702.535377,Bacillota,Bacteria
A15_28934,421.351657,Bacillota,Bacteria
A15_29103,534.35515,Mucoromycota,Fungi
A15_29134,790.5875,Bacillota,Bacteria
A15_29217,431.314683,Basidiomycota,Fungi
A15_29659,393.239526,Pseudomonadota,Bacteria
A15_29782,739.528864,Ascomycota,Fungi
A15_29836,443.315063,Basidiomycota,Fungi
A15_29892,475.30387,Ascomycota,Fungi
A15_29910,483.308558,Ascomycota,Fungi
A15_30163,397.309733,Bacillota,Bacteria
A15_30303,482.404725,Bacillota,Bacteria
A15_30374,438.378598,Bacillota,Bacteria
A15_30423,402.356992,Basidiomycota,Fungi
A15_30558,702.535327,Bacillota,Bacteria
A15_30567,614.483358,Bacillota,Bacteria
A15_30762,447.309167,Basidiomycota,Fungi
A15_30886,477.318791,Basidiomycota,Fungi
A15_30986,459.309338,Basidiomycota,Fungi
A15_31010,467.313041,Basidiomycota,Fungi
A15_31589,483.307939,Ascomycota,Fungi
A15_31610,421.351518,Bacillota,Bacteria
A15_3172,274.273512,Bacillota,Bacteria
A15_3173,290.268492,Bacillota,Bacteria
A15_31813,451.362009,Bacillota,Bacteria
A15_31893,526.430654,Bacillota,Bacteria
A15_32046,455.279271,Pseudomonadota,Bacteria
A15_32069,834.613388,Methanobacteriota,Archaea
A15_32249,407.335656,Bacillota,Bacteria
A15_32250,424.362801,Bacillota,Bacteria
A15_32301,505.347625,Ascomycota,Fungi
A15_32440,497.265959,Basidiomycota,Fungi
A15_32471,482.404588,Methanobacteriota,Archaea
A15_32518,374.30274,Bacillota,Bacteria
A15_32540,481.292817,Ascomycota,Fungi
A15_32570,614.483384,Bacillota,Bacteria
A15_32718,476.336822,Ascomycota,Fungi
A15_32878,393.239477,Pseudomonadota,Bacteria
A15_32932,465.376934,Methanobacteriota,Archaea
A15_32955,739.527666,Ascomycota,Fungi
A15_33002,407.335524,Bacillota,Bacteria
A15_33122,424.362786,Bacillota,Bacteria
A15_33237,487.353145,Methanobacteriota,Archaea
A15_33247,321.241716,Basidiomycota,Fungi
A15_33537,397.309405,Bacillota,Bacteria
A15_33551,427.319976,Basidiomycota,Fungi
A15_33681,508.339675,Ascomycota,Fungi
A15_33770,482.404601,Methanobacteriota,Archaea
A15_34170,510.297959,Mollusca,Animalia
A15_34197,438.378482,Methanobacteriota,Archaea
A15_34232,394.352193,Methanobacteriota,Archaea
A15_34426,614.483062,Bacillota,Bacteria
A15_34439,481.292471,Basidiomycota,Fungi
A15_34503,459.30962,Basidiomycota,Fungi
A15_34672,441.371537,Ascomycota,Fungi
A15_34947,393.239536,Pseudomonadota,Bacteria
A15_34980,427.320145,Basidiomycota,Fungi
A15_35009,535.301817,Pseudomonadota,Bacteria
A15_35097,442.330648,Basidiomycota,Fungi
A15_35169,595.361155,Basidiomycota,Fungi
A15_35230,481.292069,Basidiomycota,Fungi
A15_35237,505.347862,Ascomycota,Fungi
A15_35679,535.148352,Bacillota,Bacteria
A15_35908,476.336791,Ascomycota,Fungi
A15_35970,551.104852,Bacillota,Bacteria
A15_36016,394.352188,Methanobacteriota,Archaea
A15_36020,571.201928,Bacillota,Bacteria
A15_36638,614.482796,Methanobacteriota,Archaea
A15_36727,476.300359,Basidiomycota,Fungi
A15_36905,517.364653,Ascomycota,Fungi
A15_36956,240.083749,Bacillota,Bacteria
A15_36984,441.371521,Ascomycota,Fungi
A15_37142,476.336756,Ascomycota,Fungi
A15_37242,542.323137,Ascomycota,Fungi
A15_37245,513.148951,Bacillota,Bacteria
A15_37255,570.457077,Methanobacteriota,Archaea
A15_37370,443.334314,Basidiomycota,Fungi
A15_37378,387.286948,Methanobacteriota,Archaea
A15_37449,481.292013,Ascomycota,Fungi
A15_37672,347.293929,Bacillota,Bacteria
A15_37786,443.314737,Basidiomycota,Fungi
A15_3787,377.194257,Pseudomonadota,Bacteria
A15_37965,624.410414,Basidiomycota,Fungi
A15_37966,407.29394,Basidiomycota,Fungi
A15_38106,551.104728,Bacillota,Bacteria
A15_3814,535.335746,Bacillota,Bacteria
A15_3816,579.361535,Bacillota,Bacteria
A15_38171,483.308499,Basidiomycota,Fungi
A15_38293,526.430731,Methanobacteriota,Archaea
A15_38408,346.331173,Basidiomycota,Fungi
A15_38491,375.298745,Basidiomycota,Fungi
A15_38549,557.186191,Bacillota,Bacteria
A15_38605,700.443827,Actinomycetota,Bacteria
A15_38704,575.070276,Bacillota,Bacteria
A15_38725,505.364731,Basidiomycota,Fungi
A15_38742,476.300342,Basidiomycota,Fungi
A15_39017,445.33061,Basidiomycota,Fungi
A15_39130,499.347401,Mucoromycota,Fungi
A15_39325,427.320236,Basidiomycota,Fungi
A15_3938,399.177726,Pseudomonadota,Bacteria
A15_39651,562.310002,Mucoromycota,Fungi
A15_39746,483.308467,Basidiomycota,Fungi
A15_39952,240.08375,Bacillota,Bacteria
A15_40057,430.332347,Basidiomycota,Fungi
A15_40244,481.29202,Ascomycota,Fungi
A15_40256,443.31472,Basidiomycota,Fungi
A15_40371,476.336753,Ascomycota,Fungi
A15_40428,333.241671,Ascomycota,Fungi
A15_40722,429.316554,Basidiomycota,Fungi
A15_40723,407.293993,Basidiomycota,Fungi
A15_40755,476.300506,Basidiomycota,Fungi
A15_40890,505.364661,Basidiomycota,Fungi
A15_40906,443.33351,Basidiomycota,Fungi
A15_40962,517.364976,Ascomycota,Fungi
A15_40997,375.29869,Basidiomycota,Fungi
A15_41324,506.361121,Ascomycota,Fungi
A15_41339,645.457324,Methanobacteriota,Archaea
A15_41479,848.629761,Methanobacteriota,Archaea
A15_41482,494.324083,Pseudomonadota,Bacteria
A15_4164,359.184522,Pseudomonadota,Bacteria
A15_41640,567.099698,Bacillota,Bacteria
A15_42012,360.362027,Basidiomycota,Fungi
A15_42028,433.34124,Arthropoda,Animalia
A15_42041,521.343571,Basidiomycota,Fungi
A15_42150,443.333587,Basidiomycota,Fungi
A15_42189,548.370636,Mucoromycota,Fungi
A15_42287,487.35415,Methanobacteriota,Archaea
A15_42377,496.357176,Mucoromycota,Fungi
A15_42462,724.47601,Chlorophyta,Viridiplantae
A15_42467,427.356273,Ascomycota,Fungi
A15_42473,572.329613,Arthropoda,Animalia
A15_42640,848.629836,Methanobacteriota,Archaea
A15_42721,804.603327,Methanobacteriota,Archaea
A15_42731,562.309856,Mucoromycota,Fungi
A15_42833,391.340946,Basidiomycota,Fungi
A15_42834,408.367944,Pseudomonadota,Bacteria
A15_4285,728.509281,Methanobacteriota,Archaea
A15_42852,842.467954,Bacillota,Bacteria
A15_42858,481.292227,Ascomycota,Fungi
A15_42945,429.317046,Basidiomycota,Fungi
A15_42995,551.125684,Bacillota,Bacteria
A15_43018,573.181332,Bacillota,Bacteria
A15_43254,587.197012,Bacillota,Bacteria
A15_43459,567.099705,Bacillota,Bacteria
A15_43501,443.334091,Basidiomycota,Fungi
A15_43635,494.324115,Pseudomonadota,Bacteria
A15_4364,541.254457,Bacillota,Bacteria
A15_43704,425.304283,Ascomycota,Fungi
A15_43771,562.309893,Mucoromycota,Fungi
A15_43845,427.356682,Ascomycota,Fungi
A15_4402,469.270959,Chlorophyta,Viridiplantae
A15_44265,551.125597,Bacillota,Bacteria
A15_44352,529.143695,Bacillota,Bacteria
A15_44359,356.257623,Basidiomycota,Fungi
A15_44629,535.396671,Methanobacteriota,Archaea
A15_44631,572.369527,Ascomycota,Fungi
A15_44662,575.070174,Bacillota,Bacteria
A15_44721,551.104746,Bacillota,Bacteria
A15_44726,567.099682,Bacillota,Bacteria
A15_44809,504.344656,Mucoromycota,Fungi
A15_44901,571.201945,Bacillota,Bacteria
A15_44954,573.181324,Bacillota,Bacteria
A15_44956,487.35403,Methanobacteriota,Archaea
A15_44991,521.34352,Basidiomycota,Fungi
A15_45125,333.2417,Ascomycota,Fungi
A15_45177,240.083757,Bacillota,Bacteria
A15_45418,438.297999,Basidiomycota,Fungi
A15_45489,804.603064,Methanobacteriota,Archaea
A15_45720,483.308434,Ascomycota,Fungi
A15_45728,628.49894,Methanobacteriota,Archaea
A15_45800,402.393786,Bacillota,Bacteria
A15_45954,700.449159,Basidiomycota,Fungi
A15_45977,427.320183,Basidiomycota,Fungi
A15_46199,387.287249,Methanobacteriota,Archaea
A15_4626,491.309231,Bacillota,Bacteria
A15_46388,304.262614,Basidiomycota,Fungi
A15_46534,586.431421,Methanobacteriota,Archaea
A15_46549,848.601325,Ascomycota,Fungi
A15_46619,451.318516,Ascomycota,Fungi
A15_46794,411.325412,Basidiomycota,Fungi
A15_46874,487.35396,Methanobacteriota,Archaea
A15_46946,513.319709,Pseudomonadota,Bacteria
A15_47315,438.298105,Basidiomycota,Fungi
A15_47487,477.318849,Basidiomycota,Fungi
A15_47524,504.344457,Mucoromycota,Fungi
A15_47703,375.288668,Basidiomycota,Fungi
A15_47745,482.361011,Ascomycota,Fungi
A15_47924,408.367851,Pseudomonadota,Bacteria
A15_47992,459.309821,Basidiomycota,Fungi
A15_48044,543.451159,Methanobacteriota,Archaea
A15_4805,274.273587,Bacillota,Bacteria
A15_48050,447.34662,Methanobacteriota,Archaea
A15_48095,304.262696,Basidiomycota,Fungi
A15_48195,387.287267,Methanobacteriota,Archaea
A15_48274,377.325771,Methanobacteriota,Archaea
A15_48340,409.309559,Basidiomycota,Fungi
A15_48397,447.308822,Ascomycota,Fungi
A15_48699,315.231664,Basidiomycota,Fungi
A15_48755,317.247048,Basidiomycota,Fungi
A15_48938,458.326315,Basidiomycota,Fungi
A15_48946,528.38864,Basidiomycota,Fungi
A15_48953,304.262674,Basidiomycota,Fungi
A15_49202,628.49904,Methanobacteriota,Archaea
A15_49259,496.420132,Methanobacteriota,Archaea
A15_49351,545.362877,Ascomycota,Fungi
A15_49439,501.37559,Basidiomycota,Fungi
A15_49521,482.360876,Ascomycota,Fungi
A15_49647,454.353746,Methanobacteriota,Archaea
A15_50015,451.318789,Ascomycota,Fungi
A15_50212,584.472471,Methanobacteriota,Archaea
A15_50264,535.397083,Methanobacteriota,Archaea
A15_50289,447.308385,Ascomycota,Fungi
A15_50296,703.474449,Ascomycota,Fungi
A15_50303,452.394229,Methanobacteriota,Archaea
A15_50372,428.323759,Ascomycota,Fungi
A15_50533,540.44648,Methanobacteriota,Archaea
A15_5057,228.268326,Bacillota,Bacteria
A15_50713,459.309807,Basidiomycota,Fungi
A15_50945,315.231675,Basidiomycota,Fungi
A15_51172,501.375863,Basidiomycota,Fungi
A15_51215,413.304167,Ascomycota,Fungi
A15_51286,443.333864,Basidiomycota,Fungi
A15_51363,805.521525,Chlorophyta,Viridiplantae
A15_51446,460.341331,Basidiomycota,Fungi
A15_51491,376.3184,Bacillota,Bacteria
A15_51515,333.241818,Basidiomycota,Fungi
A15_5184,696.396951,Basidiomycota,Fungi
A15_52035,496.42024,Methanobacteriota,Archaea
A15_52235,393.3147,Ascomycota,Fungi
A15_52289,461.32522,Basidiomycota,Fungi
A15_52446,452.394149,Methanobacteriota,Archaea
A15_52534,457.293484,Ascomycota,Fungi
A15_52569,820.002843,Mollusca,Animalia
A15_52663,429.335946,Basidiomycota,Fungi
A15_53568,333.241846,Basidiomycota,Fungi
A15_53682,399.324923,Ascomycota,Fungi
A15_53725,452.394166,Methanobacteriota,Archaea
A15_54169,315.231453,Basidiomycota,Fungi
A15_54187,465.29764,Ascomycota,Fungi
A15_54292,781.449283,Chlorophyta,Viridiplantae
A15_54696,544.362662,Ascomycota,Fungi
A15_54730,482.324517,Discosea,Protists
A15_54908,776.494918,Chlorophyta,Viridiplantae
A15_54921,411.32545,Basidiomycota,Fungi
A15_55021,490.329089,Basidiomycota,Fungi
A15_55255,425.376077,Ascomycota,Fungi
A15_55393,608.39249,Basidiomycota,Fungi
A15_55534,423.361675,Ascomycota,Fungi
A15_55602,413.341135,Basidiomycota,Fungi
A15_55771,471.358659,Basidiomycota,Fungi
A15_55779,457.329531,Basidiomycota,Fungi
A15_55789,408.367906,Methanobacteriota,Archaea
A15_55904,315.231422,Basidiomycota,Fungi
A15_56126,797.546726,Basidiomycota,Fungi
A15_56137,397.309911,Basidiomycota,Fungi
A15_56151,781.448987,Chlorophyta,Viridiplantae
A15_56161,424.319974,Basidiomycota,Fungi
A15_56365,377.320094,Ascomycota,Fungi
A15_56457,634.40849,Pseudomonadota,Bacteria
A15_56809,467.292777,Mucoromycota,Fungi
A15_57033,408.367933,Methanobacteriota,Archaea
A15_57084,413.341114,Basidiomycota,Fungi
A15_57127,797.547476,Basidiomycota,Fungi
A15_57305,490.329198,Basidiomycota,Fungi
A15_57348,430.339606,Basidiomycota,Fungi
A15_57531,388.393328,Ascomycota,Fungi
A15_57628,834.584169,Basidiomycota,Fungi
A15_57662,227.070093,Bacillota,Bacteria
A15_57715,424.319818,Basidiomycota,Fungi
A15_57789,696.482427,Chlorophyta,Viridiplantae
A15_57886,315.231422,Basidiomycota,Fungi
A15_58627,443.315063,Ascomycota,Fungi
A15_58649,797.547899,Basidiomycota,Fungi
A15_58677,336.325575,Bacillota,Bacteria
A15_58829,388.393331,Ascomycota,Fungi
A15_58831,556.421367,Methanobacteriota,Archaea
A15_59093,424.319735,Basidiomycota,Fungi
A15_59643,834.584469,Basidiomycota,Fungi
A15_59649,430.363879,Actinomycetota,Bacteria
A15_6003,625.265304,Pseudomonadota,Bacteria
A15_60071,728.483904,Basidiomycota,Fungi
A15_60169,465.297576,Ascomycota,Fungi
A15_60203,427.320316,Ascomycota,Fungi
A15_60250,505.350415,Basidiomycota,Fungi
A15_60287,388.393349,Ascomycota,Fungi
A15_60334,490.328637,Basidiomycota,Fungi
A15_60552,409.344762,Ascomycota,Fungi
A15_60607,424.319795,Basidiomycota,Fungi
A15_60667,411.325451,Basidiomycota,Fungi
A15_60794,766.52126,Basidiomycota,Fungi
A15_60807,391.299103,Basidiomycota,Fungi
A15_60849,443.315107,Basidiomycota,Fungi
A15_61254,834.584178,Basidiomycota,Fungi
A15_61370,545.323804,Pseudomonadota,Bacteria
A15_61377,377.319743,Ascomycota,Fungi
A15_6138,230.247564,Bacillota,Bacteria
A15_61432,424.282109,Actinomycetota,Bacteria
A15_61530,600.447224,Methanobacteriota,Archaea
A15_61644,430.363795,Actinomycetota,Bacteria
A15_61682,792.535406,Basidiomycota,Fungi
A15_61721,388.393337,Ascomycota,Fungi
A15_61729,409.345766,Ascomycota,Fungi
A15_61877,490.328555,Basidiomycota,Fungi
A15_62217,505.35049,Basidiomycota,Fungi
A15_62276,411.325522,Basidiomycota,Fungi
A15_62392,526.410377,Basidiomycota,Fungi
A15_6249,655.275308,Bacillota,Bacteria
A15_6282,295.226392,Pseudomonadota,Bacteria
A15_62889,424.320184,Basidiomycota,Fungi
A15_62924,648.424299,Pseudomonadota,Bacteria
A15_62991,766.522025,Basidiomycota,Fungi
A15_63106,834.583702,Basidiomycota,Fungi
A15_63367,467.313568,Basidiomycota,Fungi
A15_63494,424.282058,Actinomycetota,Bacteria
A15_63500,409.345547,Ascomycota,Fungi
A15_63840,569.40211,Pseudomonadota,Bacteria
A15_63889,430.363813,Actinomycetota,Bacteria
A15_6391,399.177688,Pseudomonadota,Bacteria
A15_6402,673.39902,Mucoromycota,Fungi
A15_6414,354.283121,Methanobacteriota,Archaea
A15_64219,315.231363,Basidiomycota,Fungi
A15_64232,490.328593,Basidiomycota,Fungi
A15_64233,411.325515,Basidiomycota,Fungi
A15_64339,814.558446,Basidiomycota,Fungi
A15_64984,503.370692,Mucoromycota,Fungi
A15_65072,539.407804,Bacillota,Bacteria
A15_65192,409.346136,Ascomycota,Fungi
A15_65479,684.560233,Methanobacteriota,Archaea
A15_65584,728.484154,Basidiomycota,Fungi
A15_65642,462.35701,Basidiomycota,Fungi
A15_6580,277.215837,Pseudomonadota,Bacteria
A15_6599,696.396866,Basidiomycota,Fungi
A15_66127,490.328649,Basidiomycota,Fungi
A15_66129,494.360326,Arthropoda,Animalia
A15_66220,519.308297,Pseudomonadota,Bacteria
A15_66267,539.407966,Bacillota,Bacteria
A15_66423,505.350547,Basidiomycota,Fungi
A15_66488,395.330489,Basidiomycota,Fungi
A15_66517,375.303925,Ascomycota,Fungi
A15_66555,530.358134,Arthropoda,Animalia
A15_66973,430.363981,Actinomycetota,Bacteria
A15_6698,421.161462,Bacillota,Bacteria
A15_67059,368.315287,Basidiomycota,Fungi
A15_67127,744.480296,Basidiomycota,Fungi
A15_67273,545.323856,Pseudomonadota,Bacteria
A15_67475,409.346137,Ascomycota,Fungi
A15_67775,548.334747,Arthropoda,Animalia
A15_6801,674.41256,Mucoromycota,Fungi
A15_68024,503.370984,Mucoromycota,Fungi
A15_68047,814.558613,Basidiomycota,Fungi
A15_68361,491.372425,Basidiomycota,Fungi
A15_68383,424.282169,Actinomycetota,Bacteria
A15_68568,490.328719,Basidiomycota,Fungi
A15_68570,463.318268,Basidiomycota,Fungi
A15_68592,526.410354,Basidiomycota,Fungi
A15_68862,395.330431,Basidiomycota,Fungi
A15_68893,408.308202,Actinomycetota,Bacteria
A15_69077,485.375352,Basidiomycota,Fungi
A15_69087,742.500858,Ascomycota,Fungi
A15_69098,744.480375,Basidiomycota,Fungi
A15_70118,491.372322,Basidiomycota,Fungi
A15_70179,814.558379,Basidiomycota,Fungi
A15_70227,503.371039,Mucoromycota,Fungi
A15_70503,409.346035,Bacillota,Bacteria
A15_70522,284.294512,Bacillota,Bacteria
A15_70571,411.325429,Ascomycota,Fungi
A15_70602,443.314096,Basidiomycota,Fungi
A15_70622,631.468816,Methanobacteriota,Archaea
A15_71217,505.350076,Basidiomycota,Fungi
A15_71321,395.330483,Basidiomycota,Fungi
A15_71369,488.393898,Basidiomycota,Fungi
A15_7140,625.26537,Pseudomonadota,Bacteria
A15_71727,408.308247,Actinomycetota,Bacteria
A15_7199,697.430785,Bacillota,Bacteria
A15_72124,680.508565,Basidiomycota,Fungi
A15_72392,608.394378,Basidiomycota,Fungi
A15_72393,742.500948,Ascomycota,Fungi
A15_72444,424.320086,Basidiomycota,Fungi
A15_72615,371.100866,Methanobacteriota,Archaea
A15_72632,628.194483,Methanobacteriota,Archaea
A15_72801,411.325414,Ascomycota,Fungi
A15_73007,427.356787,Ascomycota,Fungi
A15_73037,408.308249,Actinomycetota,Bacteria
A15_73609,409.345514,Ascomycota,Fungi
A15_73840,744.48029,Basidiomycota,Fungi
A15_73881,451.318417,Ascomycota,Fungi
A15_73884,371.100886,Methanobacteriota,Archaea
A15_73927,804.494121,Basidiomycota,Fungi
A15_74170,628.194483,Methanobacteriota,Archaea
A15_74337,703.474415,Ascomycota,Fungi
A15_74550,411.325405,Ascomycota,Fungi
A15_74589,539.407736,Bacillota,Bacteria
A15_74933,509.344192,Ascomycota,Fungi
A15_74966,408.308333,Actinomycetota,Bacteria
A15_75187,589.24446,Chlorophyta,Viridiplantae
A15_7540,433.177026,Actinomycetota,Bacteria
A15_75404,518.404659,Ascomycota,Fungi
A15_75565,455.349579,Bacillota,Bacteria
A15_75615,746.531206,Basidiomycota,Fungi
A15_75757,413.341146,Bacillota,Bacteria
A15_75972,427.356785,Ascomycota,Fungi
A15_76253,451.31838,Ascomycota,Fungi
A15_76361,744.481183,Basidiomycota,Fungi
A15_7651,361.199938,Pseudomonadota,Bacteria
A15_76641,395.330556,Ascomycota,Fungi
A15_76655,543.382869,Basidiomycota,Fungi
A15_7698,290.268491,Bacillota,Bacteria
A15_77417,608.394342,Basidiomycota,Fungi
A15_77799,541.422849,Methanobacteriota,Archaea
A15_77911,744.480555,Basidiomycota,Fungi
A15_78170,693.449636,Ascomycota,Fungi
A15_78188,415.35685,Bacillota,Bacteria
A15_78300,483.366788,Ascomycota,Fungi
A15_78381,474.39409,Bacillota,Bacteria
A15_78646,737.423036,Chlorophyta,Viridiplantae
A15_79018,580.33808,Mollusca,Animalia
A15_79360,397.346439,Bacillota,Bacteria
A15_79410,579.383979,Bacillota,Bacteria
A15_79676,677.4582,Ascomycota,Fungi
A15_797,425.156793,Bacillota,Bacteria
A15_79907,430.365003,Bacillota,Bacteria
A15_8025,230.247563,Bacillota,Bacteria
A15_80284,726.468857,Basidiomycota,Fungi
A15_80491,413.265847,Pseudomonadota,Bacteria
A15_8059,536.334698,Basidiomycota,Fungi
A15_80727,703.475066,Ascomycota,Fungi
A15_8087,304.299305,Basidiomycota,Fungi
A15_80923,636.423716,Basidiomycota,Fungi
A15_8189,277.215834,Pseudomonadota,Bacteria
A15_81987,407.293903,Ascomycota,Fungi
A15_82625,441.372278,Ascomycota,Fungi
A15_83064,423.36186,Ascomycota,Fungi
A15_83152,377.319603,Ascomycota,Fungi
A15_83238,392.373076,Actinomycetota,Bacteria
A15_83256,726.468842,Basidiomycota,Fungi
A15_83265,393.314747,Basidiomycota,Fungi
A15_8374,790.587237,Basidiomycota,Fungi
A15_83860,543.355953,Mollusca,Animalia
A15_84228,424.320243,Ascomycota,Fungi
A15_8429,499.314041,Bacillota,Bacteria
A15_84776,393.31476,Basidiomycota,Fungi
A15_8488,365.135521,Bacillota,Bacteria
A15_85550,664.513619,Basidiomycota,Fungi
A15_85868,728.484304,Basidiomycota,Fungi
A15_85968,394.300441,Bacillota,Bacteria
A15_86729,517.354535,Bacillota,Bacteria
A15_86975,409.329709,Basidiomycota,Fungi
A15_86979,687.481428,Ascomycota,Fungi
A15_87646,746.496196,Bacillota,Bacteria
A15_87791,434.324066,Bacillota,Bacteria
A15_87908,711.458154,Basidiomycota,Fungi
A15_8814,228.268343,Bacillota,Bacteria
A15_88476,473.318185,Bacillota,Bacteria
A15_8849,433.236032,Bacillota,Bacteria
A15_88838,742.500809,Actinomycetota,Bacteria
A15_88884,746.496196,Bacillota,Bacteria
A15_89147,393.297145,Bacillota,Bacteria
A15_89216,695.464144,Basidiomycota,Fungi
A15_89294,377.319634,Ascomycota,Fungi
A15_89417,712.490059,Mucoromycota,Fungi
A15_89458,517.355286,Bacillota,Bacteria
A15_89914,473.318089,Bacillota,Bacteria
A15_89986,425.37761,Bacillota,Bacteria
A15_9017,274.273584,Bacillota,Bacteria
A15_90217,728.484996,Basidiomycota,Fungi
A15_90270,687.481228,Ascomycota,Fungi
A15_9045,697.430796,Bacillota,Bacteria
A15_90476,742.500683,Actinomycetota,Bacteria
A15_90873,631.455425,Mucoromycota,Fungi
A15_90966,711.457661,Basidiomycota,Fungi
A15_91830,703.507693,Bacillota,Bacteria
A15_92290,704.008951,Bacillota,Bacteria
A15_92302,730.500983,Basidiomycota,Fungi
A15_9241,361.20002,Pseudomonadota,Bacteria
A15_92622,574.483896,Basidiomycota,Fungi
A15_92672,739.439357,Chlorophyta,Viridiplantae
A15_92962,703.507651,Bacillota,Bacteria
A15_93283,637.969941,Bacillota,Bacteria
A15_93335,497.360825,Bacillota,Bacteria
A15_93353,411.345955,Ascomycota,Fungi
A15_93391,377.319631,Ascomycota,Fungi
A15_93724,678.468938,Bacillota,Bacteria
A15_93900,704.009112,Bacillota,Bacteria
A15_93958,703.507681,Bacillota,Bacteria
A15_94305,663.47901,Bacillota,Bacteria
A15_94624,491.371743,Basidiomycota,Fungi
A15_94751,681.493694,Bacillota,Bacteria
A15_95302,423.361243,Bacillota,Bacteria
A15_95532,818.587464,Basidiomycota,Fungi
A15_95945,844.608411,Ascomycota,Fungi
A15_96082,616.493359,Basidiomycota,Fungi
A15_96491,549.9175,Bacillota,Bacteria
A15_96867,582.416262,Pseudomonadota,Bacteria
A15_96915,725.51945,Bacillota,Bacteria
A15_96958,694.524556,Basidiomycota,Fungi
A15_97018,637.467393,Bacillota,Bacteria
A15_97187,565.387877,Pseudomonadota,Bacteria
A15_97214,661.463659,Bacillota,Bacteria
A15_97609,527.403264,Bacillota,Bacteria
A15_9807,485.193427,Mollusca,Animalia
A15_98145,794.530726,Basidiomycota,Fungi
A15_98165,497.360535,Bacillota,Bacteria
A15_98252,694.502091,Pseudomonadota,Bacteria
A15_98282,756.517427,Basidiomycota,Fungi
A15_98676,725.520239,Bacillota,Bacteria
A15_9874,522.281558,Basidiomycota,Fungi
A15_98753,549.917642,Bacillota,Bacteria
A15_98845,423.361246,Bacillota,Bacteria
A15_99126,491.37181,Basidiomycota,Fungi
A15_99374,564.498285,Basidiomycota,Fungi
A15_99392,798.562245,Basidiomycota,Fungi
A15_99466,694.502119,Pseudomonadota,Bacteria
A15_9993,304.2993,Basidiomycota,Fungi
A15_OE11-3-POS_104493,686.70229,Methanobacteriota,Archaea
A15_OE11-3-POS_106365,749.53154,Methanobacteriota,Archaea
A15_OE11-3-POS_58472,501.37225,Methanobacteriota,Archaea
A15_OE11-3-POS_66332,559.42791,Methanobacteriota,Archaea
A15_OE21-4-POS_187852,668.59673,Thermoproteota,Archaea
A15_OE21-4-POS_194370,689.64137,Methanobacteriota,Archaea
A15_OE21-4-POS_201913,772.65631,Methanobacteriota,Archaea
A15_OE21-4-POS_202776,733.64931,Methanobacteriota,Archaea
A15_OE21-4-POS_203793,649.649,Methanobacteriota,Archaea
A15_OE21-4-POS_204564,793.59233,Thermoproteota,Archaea
A15_OE21-4-POS_217784,670.70486,Methanobacteriota,Archaea
A15_OE21-4-POS_218824,686.70122,Methanobacteriota,Archaea
A15_OE21-4-POS_221738,686.70169,Methanobacteriota,Archaea
A15_OE21-4-POS_223991,670.70566,Methanobacteriota,Archaea
A15_OE21-4-POS_227322,675.66336,Methanobacteriota,Archaea
A15_OE21-4-POS_227397,670.70715,Methanobacteriota,Archaea
A15_OE21-4-POS_228368,818.7721,Methanobacteriota,Archaea
A15_OE21-4-POS_231643,682.70546,Methanobacteriota,Archaea
A15_OE21-4-POS_231775,670.70651,Thermoproteota,Archaea
A15_OE26-1POS_107865,816.75544,Methanobacteriota,Archaea
A15_OE26-1POS_20983,480.38387,Methanobacteriota,Archaea
A15_OE26-1POS_5146,542.41864,Methanobacteriota,Archaea
