mode,phylum_1,phylum_2,bray_curtis
POS,Actinomycetota,Arthropoda,0.925626852747089
POS,Actinomycetota,Ascomycota,0.90585107127421
POS,Actinomycetota,Bacillota,0.682769681615195
POS,Actinomycetota,Basidiomycota,0.899576414782513
POS,Actinomycetota,Chlorophyta,0.966880151536701
POS,Actinomycetota,Discosea,0.958448102589087
POS,Actinomycetota,Evosea,0.938239938472678
POS,Actinomycetota,Heterolobosea,0.929932861027821
POS,Actinomycetota,Methanobacteriota,0.767217250526568
POS,Actinomycetota,Mollusca,0.942694984087466
POS,Actinomycetota,Mucoromycota,0.950628640964816
POS,Actinomycetota,Nematoda,0.913717663920125
POS,Actinomycetota,Pseudomonadota,0.757673725595041
POS,Actinomycetota,Streptophyta,0.914336931201239
POS,Actinomycetota,Thermoproteota,0.819168590348207
POS,Arthropoda,Ascomycota,0.748882769313562
POS,Arthropoda,Bacillota,0.968618703890885
POS,Arthropoda,Basidiomycota,0.779426153760288
POS,Arthropoda,Chlorophyta,0.910571755721726
POS,Arthropoda,Discosea,0.830002239340069
POS,Arthropoda,Evosea,0.883016648329919
POS,Arthropoda,Heterolobosea,0.910108357100714
POS,Arthropoda,Methanobacteriota,0.977256430792761
POS,Arthropoda,Mollusca,0.776921998184337
POS,Arthropoda,Mucoromycota,0.891696262800134
POS,Arthropoda,Nematoda,0.776178841401182
POS,Arthropoda,Pseudomonadota,0.934993614154951
POS,Arthropoda,Streptophyta,0.831896284237971
POS,Arthropoda,Thermoproteota,0.976302631539662
POS,Ascomycota,Bacillota,0.957995795125292
POS,Ascomycota,Basidiomycota,0.455784248423124
POS,Ascomycota,Chlorophyta,0.903975602543111
POS,Ascomycota,Discosea,0.897446636778264
POS,Ascomycota,Evosea,0.94747081995772
POS,Ascomycota,Heterolobosea,0.957164033803178
POS,Ascomycota,Methanobacteriota,0.955417764615219
POS,Ascomycota,Mollusca,0.85281755224649
POS,Ascomycota,Mucoromycota,0.801579865793451
POS,Ascomycota,Nematoda,0.856866015426293
POS,Ascomycota,Pseudomonadota,0.926968283042523
POS,Ascomycota,Streptophyta,0.732987111029327
POS,Ascomycota,Thermoproteota,0.956742390667406
POS,Bacillota,Basidiomycota,0.918554564760473
POS,Bacillota,Chlorophyta,0.981514414646626
POS,Bacillota,Discosea,0.96911017397717
POS,Bacillota,Evosea,0.93101750833446
POS,Bacillota,Heterolobosea,0.919075294499953
POS,Bacillota,Methanobacteriota,0.807905879634172
POS,Bacillota,Mollusca,0.971970559673736
POS,Bacillota,Mucoromycota,0.989648516359605
POS,Bacillota,Nematoda,0.939302285215231
POS,Bacillota,Pseudomonadota,0.776842291050722
POS,Bacillota,Streptophyta,0.908919580164811
POS,Bacillota,Thermoproteota,0.759092348964013
POS,Basidiomycota,Chlorophyta,0.914583071318874
POS,Basidiomycota,Discosea,0.890514051728097
POS,Basidiomycota,Evosea,0.932827199118751
POS,Basidiomycota,Heterolobosea,0.943858121548299
POS,Basidiomycota,Methanobacteriota,0.928549257997011
POS,Basidiomycota,Mollusca,0.892092405377227
POS,Basidiomycota,Mucoromycota,0.812118931683428
POS,Basidiomycota,Nematoda,0.883976446544108
POS,Basidiomycota,Pseudomonadota,0.911342704447147
POS,Basidiomycota,Streptophyta,0.733444521878954
POS,Basidiomycota,Thermoproteota,0.912596754755206
POS,Chlorophyta,Discosea,0.891475814209339
POS,Chlorophyta,Evosea,0.967562216429014
POS,Chlorophyta,Heterolobosea,0.970913487945314
POS,Chlorophyta,Methanobacteriota,0.987620670278708
POS,Chlorophyta,Mollusca,0.947527728384804
POS,Chlorophyta,Mucoromycota,0.957520768538575
POS,Chlorophyta,Nematoda,0.939124581943213
POS,Chlorophyta,Pseudomonadota,0.973250991594299
POS,Chlorophyta,Streptophyta,0.700894842486168
POS,Chlorophyta,Thermoproteota,0.95629376359015
POS,Discosea,Evosea,0.894375416379586
POS,Discosea,Heterolobosea,0.908627665780724
POS,Discosea,Methanobacteriota,0.984268764046841
POS,Discosea,Mollusca,0.872949876045183
POS,Discosea,Mucoromycota,0.937121772740986
POS,Discosea,Nematoda,0.802439549204079
POS,Discosea,Pseudomonadota,0.930754889241951
POS,Discosea,Streptophyta,0.882458052370934
POS,Discosea,Thermoproteota,0.980940931959526
POS,Evosea,Heterolobosea,0.752366971250743
POS,Evosea,Methanobacteriota,0.97341408747941
POS,Evosea,Mollusca,0.922334164033235
POS,Evosea,Mucoromycota,0.961868201775969
POS,Evosea,Nematoda,0.933426153546368
POS,Evosea,Pseudomonadota,0.861093132352946
POS,Evosea,Streptophyta,0.93797143400605
POS,Evosea,Thermoproteota,0.963212467835631
POS,Heterolobosea,Methanobacteriota,0.972748604931734
POS,Heterolobosea,Mollusca,0.946474125117506
POS,Heterolobosea,Mucoromycota,0.985033130313928
POS,Heterolobosea,Nematoda,0.944311288525816
POS,Heterolobosea,Pseudomonadota,0.848722657479686
POS,Heterolobosea,Streptophyta,0.945647537374039
POS,Heterolobosea,Thermoproteota,0.96113186029328
POS,Methanobacteriota,Mollusca,0.978175199140011
POS,Methanobacteriota,Mucoromycota,0.974081706641931
POS,Methanobacteriota,Nematoda,0.964662588789158
POS,Methanobacteriota,Pseudomonadota,0.881131968927579
POS,Methanobacteriota,Streptophyta,0.936987657928773
POS,Methanobacteriota,Thermoproteota,0.693509425891941
POS,Mollusca,Mucoromycota,0.961019645261746
POS,Mollusca,Nematoda,0.786591399157899
POS,Mollusca,Pseudomonadota,0.942593917500093
POS,Mollusca,Streptophyta,0.882670476365534
POS,Mollusca,Thermoproteota,0.980051282512357
POS,Mucoromycota,Nematoda,0.956707181281428
POS,Mucoromycota,Pseudomonadota,0.983165757594453
POS,Mucoromycota,Streptophyta,0.89410822289932
POS,Mucoromycota,Thermoproteota,0.995893802796264
POS,Nematoda,Pseudomonadota,0.920973119752477
POS,Nematoda,Streptophyta,0.899236146325863
POS,Nematoda,Thermoproteota,0.955908021481599
POS,Pseudomonadota,Streptophyta,0.922348853796154
POS,Pseudomonadota,Thermoproteota,0.868534253703762
POS,Streptophyta,Thermoproteota,0.873080192727958
NEG,Actinomycetota,Arthropoda,0.960435416278946
NEG,Actinomycetota,Ascomycota,0.861498005831392
NEG,Actinomycetota,Bacillota,0.806783879318306
NEG,Actinomycetota,Basidiomycota,0.940174926284284
NEG,Actinomycetota,Chlorophyta,0.959936585285507
NEG,Actinomycetota,Discosea,0.962919909591578
NEG,Actinomycetota,Evosea,0.978101962754629
NEG,Actinomycetota,Heterolobosea,0.947577649933279
NEG,Actinomycetota,Methanobacteriota,0.983129438876711
NEG,Actinomycetota,Mollusca,0.960275535353883
NEG,Actinomycetota,Mucoromycota,0.913883359384203
NEG,Actinomycetota,Nematoda,0.929342135328053
NEG,Actinomycetota,Pseudomonadota,0.94612169538613
NEG,Actinomycetota,Streptophyta,0.933939555499219
NEG,Actinomycetota,Thermoproteota,0.994269626333179
NEG,Arthropoda,Ascomycota,0.846301858323618
NEG,Arthropoda,Bacillota,0.989429279582119
NEG,Arthropoda,Basidiomycota,0.875372846967131
NEG,Arthropoda,Chlorophyta,0.867866137422578
NEG,Arthropoda,Discosea,0.865758590140981
NEG,Arthropoda,Evosea,0.921790790027821
NEG,Arthropoda,Heterolobosea,0.995155822350193
NEG,Arthropoda,Methanobacteriota,0.991706736388082
NEG,Arthropoda,Mollusca,0.793187019188178
NEG,Arthropoda,Mucoromycota,0.935032906471129
NEG,Arthropoda,Nematoda,0.791545803622721
NEG,Arthropoda,Pseudomonadota,0.927558978751897
NEG,Arthropoda,Streptophyta,0.866926347122781
NEG,Arthropoda,Thermoproteota,0.997258452830405
NEG,Ascomycota,Bacillota,0.983875541764665
NEG,Ascomycota,Basidiomycota,0.725633824283114
NEG,Ascomycota,Chlorophyta,0.913753454505569
NEG,Ascomycota,Discosea,0.866645832344842
NEG,Ascomycota,Evosea,0.918369710329376
NEG,Ascomycota,Heterolobosea,0.915960966254323
NEG,Ascomycota,Methanobacteriota,0.980602512970659
NEG,Ascomycota,Mollusca,0.874130213365022
NEG,Ascomycota,Mucoromycota,0.759951903802471
NEG,Ascomycota,Nematoda,0.85789834448795
NEG,Ascomycota,Pseudomonadota,0.923082148719782
NEG,Ascomycota,Streptophyta,0.84570253404294
NEG,Ascomycota,Thermoproteota,0.994132327169392
NEG,Bacillota,Basidiomycota,0.984104130671991
NEG,Bacillota,Chlorophyta,0.989743617580017
NEG,Bacillota,Discosea,0.985309083747542
NEG,Bacillota,Evosea,0.990792785490253
NEG,Bacillota,Heterolobosea,0.996553508255987
NEG,Bacillota,Methanobacteriota,0.988135304454544
NEG,Bacillota,Mollusca,0.988084831269564
NEG,Bacillota,Mucoromycota,0.993306537757906
NEG,Bacillota,Nematoda,0.939000286191013
NEG,Bacillota,Pseudomonadota,0.953474444229797
NEG,Bacillota,Streptophyta,0.979092742695137
NEG,Bacillota,Thermoproteota,0.992139366396158
NEG,Basidiomycota,Chlorophyta,0.91002212526869
NEG,Basidiomycota,Discosea,0.928815756694327
NEG,Basidiomycota,Evosea,0.945585072945734
NEG,Basidiomycota,Heterolobosea,0.973282863149129
NEG,Basidiomycota,Methanobacteriota,0.983079592194866
NEG,Basidiomycota,Mollusca,0.868318923379976
NEG,Basidiomycota,Mucoromycota,0.881331917433462
NEG,Basidiomycota,Nematoda,0.884530003761346
NEG,Basidiomycota,Pseudomonadota,0.95889393894061
NEG,Basidiomycota,Streptophyta,0.799242941285454
NEG,Basidiomycota,Thermoproteota,0.993226484274643
NEG,Chlorophyta,Discosea,0.948981861971975
NEG,Chlorophyta,Evosea,0.969084291714989
NEG,Chlorophyta,Heterolobosea,0.995079730932748
NEG,Chlorophyta,Methanobacteriota,0.992322825137481
NEG,Chlorophyta,Mollusca,0.902804747886217
NEG,Chlorophyta,Mucoromycota,0.968608274238389
NEG,Chlorophyta,Nematoda,0.914525947134039
NEG,Chlorophyta,Pseudomonadota,0.953418413732442
NEG,Chlorophyta,Streptophyta,0.725151815886337
NEG,Chlorophyta,Thermoproteota,0.996482261085062
NEG,Discosea,Evosea,0.888889949656926
NEG,Discosea,Heterolobosea,0.945694314248688
NEG,Discosea,Methanobacteriota,0.98842399542892
NEG,Discosea,Mollusca,0.867739248670768
NEG,Discosea,Mucoromycota,0.887501336417601
NEG,Discosea,Nematoda,0.837276465031286
NEG,Discosea,Pseudomonadota,0.945121562541145
NEG,Discosea,Streptophyta,0.952524917606691
NEG,Discosea,Thermoproteota,0.997990838320074
NEG,Evosea,Heterolobosea,0.995221783012734
NEG,Evosea,Methanobacteriota,0.996816301471733
NEG,Evosea,Mollusca,0.943531229610016
NEG,Evosea,Mucoromycota,0.947234703955439
NEG,Evosea,Nematoda,0.909767587162814
NEG,Evosea,Pseudomonadota,0.927874596263071
NEG,Evosea,Streptophyta,0.957394721060228
NEG,Evosea,Thermoproteota,0.998241626582423
NEG,Heterolobosea,Methanobacteriota,0.946559182466462
NEG,Heterolobosea,Mollusca,0.994432651929918
NEG,Heterolobosea,Mucoromycota,0.792989321040105
NEG,Heterolobosea,Nematoda,0.993206363475475
NEG,Heterolobosea,Pseudomonadota,0.959292016712386
NEG,Heterolobosea,Streptophyta,0.992771125163802
NEG,Heterolobosea,Thermoproteota,0.999186567442402
NEG,Methanobacteriota,Mollusca,0.983056447729626
NEG,Methanobacteriota,Mucoromycota,0.982993585959381
NEG,Methanobacteriota,Nematoda,0.988119584146222
NEG,Methanobacteriota,Pseudomonadota,0.984793422739959
NEG,Methanobacteriota,Streptophyta,0.982157205688554
NEG,Methanobacteriota,Thermoproteota,0.913274917649811
NEG,Mollusca,Mucoromycota,0.953161860664535
NEG,Mollusca,Nematoda,0.783083651626062
NEG,Mollusca,Pseudomonadota,0.965596383184467
NEG,Mollusca,Streptophyta,0.860702660856729
NEG,Mollusca,Thermoproteota,0.993012469063435
NEG,Mucoromycota,Nematoda,0.932181591485111
NEG,Mucoromycota,Pseudomonadota,0.965596735260973
NEG,Mucoromycota,Streptophyta,0.923236458583672
NEG,Mucoromycota,Thermoproteota,0.998891604682765
NEG,Nematoda,Pseudomonadota,0.902182359935245
NEG,Nematoda,Streptophyta,0.904776609516918
NEG,Nematoda,Thermoproteota,0.993820040934734
NEG,Pseudomonadota,Streptophyta,0.939282765446612
NEG,Pseudomonadota,Thermoproteota,0.997103011229835
NEG,Streptophyta,Thermoproteota,0.990706704183381
