mode,row_phylum,column_phylum,row_group,column_group,pair_class,similarity,clipped_at_0_55
POS,Bacillota,Actinomycetota,Bacteria,Bacteria,Within group,0.317230318384805,False
POS,Pseudomonadota,Actinomycetota,Bacteria,Bacteria,Within group,0.242326274404959,False
POS,Methanobacteriota,Actinomycetota,Archaea,Bacteria,Cross group,0.232782749473432,False
POS,Thermoproteota,Actinomycetota,Archaea,Bacteria,Cross group,0.180831409651793,False
POS,Discosea,Actinomycetota,Protists,Bacteria,Cross group,0.041551897410913,False
POS,Evosea,Actinomycetota,Protists,Bacteria,Cross group,0.0617600615273221,False
POS,Heterolobosea,Actinomycetota,Protists,Bacteria,Cross group,0.070067138972179,False
POS,Mucoromycota,Actinomycetota,Fungi,Bacteria,Cross group,0.049371359035184,False
POS,Ascomycota,Actinomycetota,Fungi,Bacteria,Cross group,0.0941489287257899,False
POS,Basidiomycota,Actinomycetota,Fungi,Bacteria,Cross group,0.100423585217487,False
POS,Chlorophyta,Actinomycetota,Viridiplantae,Bacteria,Cross group,0.033119848463299,False
POS,Streptophyta,Actinomycetota,Viridiplantae,Bacteria,Cross group,0.085663068798761,False
POS,Arthropoda,Actinomycetota,Animalia,Bacteria,Cross group,0.074373147252911,False
POS,Mollusca,Actinomycetota,Animalia,Bacteria,Cross group,0.057305015912534,False
POS,Nematoda,Actinomycetota,Animalia,Bacteria,Cross group,0.086282336079875,False
POS,Actinomycetota,Bacillota,Bacteria,Bacteria,Within group,0.317230318384805,False
POS,Pseudomonadota,Bacillota,Bacteria,Bacteria,Within group,0.223157708949278,False
POS,Methanobacteriota,Bacillota,Archaea,Bacteria,Cross group,0.192094120365828,False
POS,Thermoproteota,Bacillota,Archaea,Bacteria,Cross group,0.240907651035987,False
POS,Discosea,Bacillota,Protists,Bacteria,Cross group,0.03088982602283,False
POS,Evosea,Bacillota,Protists,Bacteria,Cross group,0.06898249166554,False
POS,Heterolobosea,Bacillota,Protists,Bacteria,Cross group,0.080924705500047,False
POS,Mucoromycota,Bacillota,Fungi,Bacteria,Cross group,0.010351483640395,False
POS,Ascomycota,Bacillota,Fungi,Bacteria,Cross group,0.042004204874708,False
POS,Basidiomycota,Bacillota,Fungi,Bacteria,Cross group,0.081445435239527,False
POS,Chlorophyta,Bacillota,Viridiplantae,Bacteria,Cross group,0.018485585353374,False
POS,Streptophyta,Bacillota,Viridiplantae,Bacteria,Cross group,0.091080419835189,False
POS,Arthropoda,Bacillota,Animalia,Bacteria,Cross group,0.031381296109115,False
POS,Mollusca,Bacillota,Animalia,Bacteria,Cross group,0.028029440326264,False
POS,Nematoda,Bacillota,Animalia,Bacteria,Cross group,0.060697714784769,False
POS,Actinomycetota,Pseudomonadota,Bacteria,Bacteria,Within group,0.242326274404959,False
POS,Bacillota,Pseudomonadota,Bacteria,Bacteria,Within group,0.223157708949278,False
POS,Methanobacteriota,Pseudomonadota,Archaea,Bacteria,Cross group,0.118868031072421,False
POS,Thermoproteota,Pseudomonadota,Archaea,Bacteria,Cross group,0.131465746296238,False
POS,Discosea,Pseudomonadota,Protists,Bacteria,Cross group,0.069245110758049,False
POS,Evosea,Pseudomonadota,Protists,Bacteria,Cross group,0.138906867647054,False
POS,Heterolobosea,Pseudomonadota,Protists,Bacteria,Cross group,0.151277342520314,False
POS,Mucoromycota,Pseudomonadota,Fungi,Bacteria,Cross group,0.016834242405547,False
POS,Ascomycota,Pseudomonadota,Fungi,Bacteria,Cross group,0.073031716957477,False
POS,Basidiomycota,Pseudomonadota,Fungi,Bacteria,Cross group,0.088657295552853,False
POS,Chlorophyta,Pseudomonadota,Viridiplantae,Bacteria,Cross group,0.026749008405701,False
POS,Streptophyta,Pseudomonadota,Viridiplantae,Bacteria,Cross group,0.0776511462038461,False
POS,Arthropoda,Pseudomonadota,Animalia,Bacteria,Cross group,0.065006385845049,False
POS,Mollusca,Pseudomonadota,Animalia,Bacteria,Cross group,0.057406082499907,False
POS,Nematoda,Pseudomonadota,Animalia,Bacteria,Cross group,0.079026880247523,False
POS,Actinomycetota,Methanobacteriota,Bacteria,Archaea,Cross group,0.232782749473432,False
POS,Bacillota,Methanobacteriota,Bacteria,Archaea,Cross group,0.192094120365828,False
POS,Pseudomonadota,Methanobacteriota,Bacteria,Archaea,Cross group,0.118868031072421,False
POS,Thermoproteota,Methanobacteriota,Archaea,Archaea,Within group,0.306490574108059,False
POS,Discosea,Methanobacteriota,Protists,Archaea,Cross group,0.015731235953159,False
POS,Evosea,Methanobacteriota,Protists,Archaea,Cross group,0.0265859125205899,False
POS,Heterolobosea,Methanobacteriota,Protists,Archaea,Cross group,0.027251395068266,False
POS,Mucoromycota,Methanobacteriota,Fungi,Archaea,Cross group,0.0259182933580689,False
POS,Ascomycota,Methanobacteriota,Fungi,Archaea,Cross group,0.044582235384781,False
POS,Basidiomycota,Methanobacteriota,Fungi,Archaea,Cross group,0.071450742002989,False
POS,Chlorophyta,Methanobacteriota,Viridiplantae,Archaea,Cross group,0.012379329721292,False
POS,Streptophyta,Methanobacteriota,Viridiplantae,Archaea,Cross group,0.063012342071227,False
POS,Arthropoda,Methanobacteriota,Animalia,Archaea,Cross group,0.022743569207239,False
POS,Mollusca,Methanobacteriota,Animalia,Archaea,Cross group,0.0218248008599889,False
POS,Nematoda,Methanobacteriota,Animalia,Archaea,Cross group,0.035337411210842,False
POS,Actinomycetota,Thermoproteota,Bacteria,Archaea,Cross group,0.180831409651793,False
POS,Bacillota,Thermoproteota,Bacteria,Archaea,Cross group,0.240907651035987,False
POS,Pseudomonadota,Thermoproteota,Bacteria,Archaea,Cross group,0.131465746296238,False
POS,Methanobacteriota,Thermoproteota,Archaea,Archaea,Within group,0.306490574108059,False
POS,Discosea,Thermoproteota,Protists,Archaea,Cross group,0.019059068040474,False
POS,Evosea,Thermoproteota,Protists,Archaea,Cross group,0.036787532164369,False
POS,Heterolobosea,Thermoproteota,Protists,Archaea,Cross group,0.03886813970672,False
POS,Mucoromycota,Thermoproteota,Fungi,Archaea,Cross group,0.0041061972037359,False
POS,Ascomycota,Thermoproteota,Fungi,Archaea,Cross group,0.043257609332594,False
POS,Basidiomycota,Thermoproteota,Fungi,Archaea,Cross group,0.087403245244794,False
POS,Chlorophyta,Thermoproteota,Viridiplantae,Archaea,Cross group,0.0437062364098501,False
POS,Streptophyta,Thermoproteota,Viridiplantae,Archaea,Cross group,0.126919807272042,False
POS,Arthropoda,Thermoproteota,Animalia,Archaea,Cross group,0.023697368460338,False
POS,Mollusca,Thermoproteota,Animalia,Archaea,Cross group,0.019948717487643,False
POS,Nematoda,Thermoproteota,Animalia,Archaea,Cross group,0.044091978518401,False
POS,Actinomycetota,Discosea,Bacteria,Protists,Cross group,0.041551897410913,False
POS,Bacillota,Discosea,Bacteria,Protists,Cross group,0.03088982602283,False
POS,Pseudomonadota,Discosea,Bacteria,Protists,Cross group,0.069245110758049,False
POS,Methanobacteriota,Discosea,Archaea,Protists,Cross group,0.015731235953159,False
POS,Thermoproteota,Discosea,Archaea,Protists,Cross group,0.019059068040474,False
POS,Evosea,Discosea,Protists,Protists,Within group,0.105624583620414,False
POS,Heterolobosea,Discosea,Protists,Protists,Within group,0.091372334219276,False
POS,Mucoromycota,Discosea,Fungi,Protists,Cross group,0.062878227259014,False
POS,Ascomycota,Discosea,Fungi,Protists,Cross group,0.102553363221736,False
POS,Basidiomycota,Discosea,Fungi,Protists,Cross group,0.109485948271903,False
POS,Chlorophyta,Discosea,Viridiplantae,Protists,Cross group,0.108524185790661,False
POS,Streptophyta,Discosea,Viridiplantae,Protists,Cross group,0.117541947629066,False
POS,Arthropoda,Discosea,Animalia,Protists,Cross group,0.169997760659931,False
POS,Mollusca,Discosea,Animalia,Protists,Cross group,0.127050123954817,False
POS,Nematoda,Discosea,Animalia,Protists,Cross group,0.197560450795921,False
POS,Actinomycetota,Evosea,Bacteria,Protists,Cross group,0.0617600615273221,False
POS,Bacillota,Evosea,Bacteria,Protists,Cross group,0.06898249166554,False
POS,Pseudomonadota,Evosea,Bacteria,Protists,Cross group,0.138906867647054,False
POS,Methanobacteriota,Evosea,Archaea,Protists,Cross group,0.0265859125205899,False
POS,Thermoproteota,Evosea,Archaea,Protists,Cross group,0.036787532164369,False
POS,Discosea,Evosea,Protists,Protists,Within group,0.105624583620414,False
POS,Heterolobosea,Evosea,Protists,Protists,Within group,0.247633028749257,False
POS,Mucoromycota,Evosea,Fungi,Protists,Cross group,0.038131798224031,False
POS,Ascomycota,Evosea,Fungi,Protists,Cross group,0.05252918004228,False
POS,Basidiomycota,Evosea,Fungi,Protists,Cross group,0.067172800881249,False
POS,Chlorophyta,Evosea,Viridiplantae,Protists,Cross group,0.032437783570986,False
POS,Streptophyta,Evosea,Viridiplantae,Protists,Cross group,0.06202856599395,False
POS,Arthropoda,Evosea,Animalia,Protists,Cross group,0.116983351670081,False
POS,Mollusca,Evosea,Animalia,Protists,Cross group,0.077665835966765,False
POS,Nematoda,Evosea,Animalia,Protists,Cross group,0.066573846453632,False
POS,Actinomycetota,Heterolobosea,Bacteria,Protists,Cross group,0.070067138972179,False
POS,Bacillota,Heterolobosea,Bacteria,Protists,Cross group,0.080924705500047,False
POS,Pseudomonadota,Heterolobosea,Bacteria,Protists,Cross group,0.151277342520314,False
POS,Methanobacteriota,Heterolobosea,Archaea,Protists,Cross group,0.027251395068266,False
POS,Thermoproteota,Heterolobosea,Archaea,Protists,Cross group,0.03886813970672,False
POS,Discosea,Heterolobosea,Protists,Protists,Within group,0.091372334219276,False
POS,Evosea,Heterolobosea,Protists,Protists,Within group,0.247633028749257,False
POS,Mucoromycota,Heterolobosea,Fungi,Protists,Cross group,0.014966869686072,False
POS,Ascomycota,Heterolobosea,Fungi,Protists,Cross group,0.042835966196822,False
POS,Basidiomycota,Heterolobosea,Fungi,Protists,Cross group,0.056141878451701,False
POS,Chlorophyta,Heterolobosea,Viridiplantae,Protists,Cross group,0.029086512054686,False
POS,Streptophyta,Heterolobosea,Viridiplantae,Protists,Cross group,0.0543524626259611,False
POS,Arthropoda,Heterolobosea,Animalia,Protists,Cross group,0.089891642899286,False
POS,Mollusca,Heterolobosea,Animalia,Protists,Cross group,0.0535258748824941,False
POS,Nematoda,Heterolobosea,Animalia,Protists,Cross group,0.055688711474184,False
POS,Actinomycetota,Mucoromycota,Bacteria,Fungi,Cross group,0.049371359035184,False
POS,Bacillota,Mucoromycota,Bacteria,Fungi,Cross group,0.010351483640395,False
POS,Pseudomonadota,Mucoromycota,Bacteria,Fungi,Cross group,0.016834242405547,False
POS,Methanobacteriota,Mucoromycota,Archaea,Fungi,Cross group,0.0259182933580689,False
POS,Thermoproteota,Mucoromycota,Archaea,Fungi,Cross group,0.0041061972037359,False
POS,Discosea,Mucoromycota,Protists,Fungi,Cross group,0.062878227259014,False
POS,Evosea,Mucoromycota,Protists,Fungi,Cross group,0.038131798224031,False
POS,Heterolobosea,Mucoromycota,Protists,Fungi,Cross group,0.014966869686072,False
POS,Ascomycota,Mucoromycota,Fungi,Fungi,Within group,0.198420134206549,False
POS,Basidiomycota,Mucoromycota,Fungi,Fungi,Within group,0.187881068316572,False
POS,Chlorophyta,Mucoromycota,Viridiplantae,Fungi,Cross group,0.042479231461425,False
POS,Streptophyta,Mucoromycota,Viridiplantae,Fungi,Cross group,0.10589177710068,False
POS,Arthropoda,Mucoromycota,Animalia,Fungi,Cross group,0.108303737199866,False
POS,Mollusca,Mucoromycota,Animalia,Fungi,Cross group,0.038980354738254,False
POS,Nematoda,Mucoromycota,Animalia,Fungi,Cross group,0.043292818718572,False
POS,Actinomycetota,Ascomycota,Bacteria,Fungi,Cross group,0.0941489287257899,False
POS,Bacillota,Ascomycota,Bacteria,Fungi,Cross group,0.042004204874708,False
POS,Pseudomonadota,Ascomycota,Bacteria,Fungi,Cross group,0.073031716957477,False
POS,Methanobacteriota,Ascomycota,Archaea,Fungi,Cross group,0.044582235384781,False
POS,Thermoproteota,Ascomycota,Archaea,Fungi,Cross group,0.043257609332594,False
POS,Discosea,Ascomycota,Protists,Fungi,Cross group,0.102553363221736,False
POS,Evosea,Ascomycota,Protists,Fungi,Cross group,0.05252918004228,False
POS,Heterolobosea,Ascomycota,Protists,Fungi,Cross group,0.042835966196822,False
POS,Mucoromycota,Ascomycota,Fungi,Fungi,Within group,0.198420134206549,False
POS,Basidiomycota,Ascomycota,Fungi,Fungi,Within group,0.544215751576876,False
POS,Chlorophyta,Ascomycota,Viridiplantae,Fungi,Cross group,0.096024397456889,False
POS,Streptophyta,Ascomycota,Viridiplantae,Fungi,Cross group,0.267012888970673,False
POS,Arthropoda,Ascomycota,Animalia,Fungi,Cross group,0.251117230686438,False
POS,Mollusca,Ascomycota,Animalia,Fungi,Cross group,0.14718244775351,False
POS,Nematoda,Ascomycota,Animalia,Fungi,Cross group,0.143133984573707,False
POS,Actinomycetota,Basidiomycota,Bacteria,Fungi,Cross group,0.100423585217487,False
POS,Bacillota,Basidiomycota,Bacteria,Fungi,Cross group,0.081445435239527,False
POS,Pseudomonadota,Basidiomycota,Bacteria,Fungi,Cross group,0.088657295552853,False
POS,Methanobacteriota,Basidiomycota,Archaea,Fungi,Cross group,0.071450742002989,False
POS,Thermoproteota,Basidiomycota,Archaea,Fungi,Cross group,0.087403245244794,False
POS,Discosea,Basidiomycota,Protists,Fungi,Cross group,0.109485948271903,False
POS,Evosea,Basidiomycota,Protists,Fungi,Cross group,0.067172800881249,False
POS,Heterolobosea,Basidiomycota,Protists,Fungi,Cross group,0.056141878451701,False
POS,Mucoromycota,Basidiomycota,Fungi,Fungi,Within group,0.187881068316572,False
POS,Ascomycota,Basidiomycota,Fungi,Fungi,Within group,0.544215751576876,False
POS,Chlorophyta,Basidiomycota,Viridiplantae,Fungi,Cross group,0.085416928681126,False
POS,Streptophyta,Basidiomycota,Viridiplantae,Fungi,Cross group,0.266555478121046,False
POS,Arthropoda,Basidiomycota,Animalia,Fungi,Cross group,0.220573846239712,False
POS,Mollusca,Basidiomycota,Animalia,Fungi,Cross group,0.107907594622773,False
POS,Nematoda,Basidiomycota,Animalia,Fungi,Cross group,0.116023553455892,False
POS,Actinomycetota,Chlorophyta,Bacteria,Viridiplantae,Cross group,0.033119848463299,False
POS,Bacillota,Chlorophyta,Bacteria,Viridiplantae,Cross group,0.018485585353374,False
POS,Pseudomonadota,Chlorophyta,Bacteria,Viridiplantae,Cross group,0.026749008405701,False
POS,Methanobacteriota,Chlorophyta,Archaea,Viridiplantae,Cross group,0.012379329721292,False
POS,Thermoproteota,Chlorophyta,Archaea,Viridiplantae,Cross group,0.0437062364098501,False
POS,Discosea,Chlorophyta,Protists,Viridiplantae,Cross group,0.108524185790661,False
POS,Evosea,Chlorophyta,Protists,Viridiplantae,Cross group,0.032437783570986,False
POS,Heterolobosea,Chlorophyta,Protists,Viridiplantae,Cross group,0.029086512054686,False
POS,Mucoromycota,Chlorophyta,Fungi,Viridiplantae,Cross group,0.042479231461425,False
POS,Ascomycota,Chlorophyta,Fungi,Viridiplantae,Cross group,0.096024397456889,False
POS,Basidiomycota,Chlorophyta,Fungi,Viridiplantae,Cross group,0.085416928681126,False
POS,Streptophyta,Chlorophyta,Viridiplantae,Viridiplantae,Within group,0.299105157513832,False
POS,Arthropoda,Chlorophyta,Animalia,Viridiplantae,Cross group,0.089428244278274,False
POS,Mollusca,Chlorophyta,Animalia,Viridiplantae,Cross group,0.052472271615196,False
POS,Nematoda,Chlorophyta,Animalia,Viridiplantae,Cross group,0.060875418056787,False
POS,Actinomycetota,Streptophyta,Bacteria,Viridiplantae,Cross group,0.085663068798761,False
POS,Bacillota,Streptophyta,Bacteria,Viridiplantae,Cross group,0.091080419835189,False
POS,Pseudomonadota,Streptophyta,Bacteria,Viridiplantae,Cross group,0.0776511462038461,False
POS,Methanobacteriota,Streptophyta,Archaea,Viridiplantae,Cross group,0.063012342071227,False
POS,Thermoproteota,Streptophyta,Archaea,Viridiplantae,Cross group,0.126919807272042,False
POS,Discosea,Streptophyta,Protists,Viridiplantae,Cross group,0.117541947629066,False
POS,Evosea,Streptophyta,Protists,Viridiplantae,Cross group,0.06202856599395,False
POS,Heterolobosea,Streptophyta,Protists,Viridiplantae,Cross group,0.0543524626259611,False
POS,Mucoromycota,Streptophyta,Fungi,Viridiplantae,Cross group,0.10589177710068,False
POS,Ascomycota,Streptophyta,Fungi,Viridiplantae,Cross group,0.267012888970673,False
POS,Basidiomycota,Streptophyta,Fungi,Viridiplantae,Cross group,0.266555478121046,False
POS,Chlorophyta,Streptophyta,Viridiplantae,Viridiplantae,Within group,0.299105157513832,False
POS,Arthropoda,Streptophyta,Animalia,Viridiplantae,Cross group,0.168103715762029,False
POS,Mollusca,Streptophyta,Animalia,Viridiplantae,Cross group,0.117329523634466,False
POS,Nematoda,Streptophyta,Animalia,Viridiplantae,Cross group,0.100763853674137,False
POS,Actinomycetota,Arthropoda,Bacteria,Animalia,Cross group,0.074373147252911,False
POS,Bacillota,Arthropoda,Bacteria,Animalia,Cross group,0.031381296109115,False
POS,Pseudomonadota,Arthropoda,Bacteria,Animalia,Cross group,0.065006385845049,False
POS,Methanobacteriota,Arthropoda,Archaea,Animalia,Cross group,0.022743569207239,False
POS,Thermoproteota,Arthropoda,Archaea,Animalia,Cross group,0.023697368460338,False
POS,Discosea,Arthropoda,Protists,Animalia,Cross group,0.169997760659931,False
POS,Evosea,Arthropoda,Protists,Animalia,Cross group,0.116983351670081,False
POS,Heterolobosea,Arthropoda,Protists,Animalia,Cross group,0.089891642899286,False
POS,Mucoromycota,Arthropoda,Fungi,Animalia,Cross group,0.108303737199866,False
POS,Ascomycota,Arthropoda,Fungi,Animalia,Cross group,0.251117230686438,False
POS,Basidiomycota,Arthropoda,Fungi,Animalia,Cross group,0.220573846239712,False
POS,Chlorophyta,Arthropoda,Viridiplantae,Animalia,Cross group,0.089428244278274,False
POS,Streptophyta,Arthropoda,Viridiplantae,Animalia,Cross group,0.168103715762029,False
POS,Mollusca,Arthropoda,Animalia,Animalia,Within group,0.223078001815663,False
POS,Nematoda,Arthropoda,Animalia,Animalia,Within group,0.223821158598818,False
POS,Actinomycetota,Mollusca,Bacteria,Animalia,Cross group,0.057305015912534,False
POS,Bacillota,Mollusca,Bacteria,Animalia,Cross group,0.028029440326264,False
POS,Pseudomonadota,Mollusca,Bacteria,Animalia,Cross group,0.057406082499907,False
POS,Methanobacteriota,Mollusca,Archaea,Animalia,Cross group,0.0218248008599889,False
POS,Thermoproteota,Mollusca,Archaea,Animalia,Cross group,0.019948717487643,False
POS,Discosea,Mollusca,Protists,Animalia,Cross group,0.127050123954817,False
POS,Evosea,Mollusca,Protists,Animalia,Cross group,0.077665835966765,False
POS,Heterolobosea,Mollusca,Protists,Animalia,Cross group,0.0535258748824941,False
POS,Mucoromycota,Mollusca,Fungi,Animalia,Cross group,0.038980354738254,False
POS,Ascomycota,Mollusca,Fungi,Animalia,Cross group,0.14718244775351,False
POS,Basidiomycota,Mollusca,Fungi,Animalia,Cross group,0.107907594622773,False
POS,Chlorophyta,Mollusca,Viridiplantae,Animalia,Cross group,0.052472271615196,False
POS,Streptophyta,Mollusca,Viridiplantae,Animalia,Cross group,0.117329523634466,False
POS,Arthropoda,Mollusca,Animalia,Animalia,Within group,0.223078001815663,False
POS,Nematoda,Mollusca,Animalia,Animalia,Within group,0.213408600842101,False
POS,Actinomycetota,Nematoda,Bacteria,Animalia,Cross group,0.086282336079875,False
POS,Bacillota,Nematoda,Bacteria,Animalia,Cross group,0.060697714784769,False
POS,Pseudomonadota,Nematoda,Bacteria,Animalia,Cross group,0.079026880247523,False
POS,Methanobacteriota,Nematoda,Archaea,Animalia,Cross group,0.035337411210842,False
POS,Thermoproteota,Nematoda,Archaea,Animalia,Cross group,0.044091978518401,False
POS,Discosea,Nematoda,Protists,Animalia,Cross group,0.197560450795921,False
POS,Evosea,Nematoda,Protists,Animalia,Cross group,0.066573846453632,False
POS,Heterolobosea,Nematoda,Protists,Animalia,Cross group,0.055688711474184,False
POS,Mucoromycota,Nematoda,Fungi,Animalia,Cross group,0.043292818718572,False
POS,Ascomycota,Nematoda,Fungi,Animalia,Cross group,0.143133984573707,False
POS,Basidiomycota,Nematoda,Fungi,Animalia,Cross group,0.116023553455892,False
POS,Chlorophyta,Nematoda,Viridiplantae,Animalia,Cross group,0.060875418056787,False
POS,Streptophyta,Nematoda,Viridiplantae,Animalia,Cross group,0.100763853674137,False
POS,Arthropoda,Nematoda,Animalia,Animalia,Within group,0.223821158598818,False
POS,Mollusca,Nematoda,Animalia,Animalia,Within group,0.213408600842101,False
NEG,Bacillota,Actinomycetota,Bacteria,Bacteria,Within group,0.193216120681694,False
NEG,Pseudomonadota,Actinomycetota,Bacteria,Bacteria,Within group,0.05387830461387,False
NEG,Methanobacteriota,Actinomycetota,Archaea,Bacteria,Cross group,0.016870561123289,False
NEG,Thermoproteota,Actinomycetota,Archaea,Bacteria,Cross group,0.005730373666821,False
NEG,Discosea,Actinomycetota,Protists,Bacteria,Cross group,0.037080090408422,False
NEG,Evosea,Actinomycetota,Protists,Bacteria,Cross group,0.021898037245371,False
NEG,Heterolobosea,Actinomycetota,Protists,Bacteria,Cross group,0.052422350066721,False
NEG,Mucoromycota,Actinomycetota,Fungi,Bacteria,Cross group,0.086116640615797,False
NEG,Ascomycota,Actinomycetota,Fungi,Bacteria,Cross group,0.138501994168608,False
NEG,Basidiomycota,Actinomycetota,Fungi,Bacteria,Cross group,0.059825073715716,False
NEG,Chlorophyta,Actinomycetota,Viridiplantae,Bacteria,Cross group,0.040063414714493,False
NEG,Streptophyta,Actinomycetota,Viridiplantae,Bacteria,Cross group,0.066060444500781,False
NEG,Arthropoda,Actinomycetota,Animalia,Bacteria,Cross group,0.039564583721054,False
NEG,Mollusca,Actinomycetota,Animalia,Bacteria,Cross group,0.039724464646117,False
NEG,Nematoda,Actinomycetota,Animalia,Bacteria,Cross group,0.070657864671947,False
NEG,Actinomycetota,Bacillota,Bacteria,Bacteria,Within group,0.193216120681694,False
NEG,Pseudomonadota,Bacillota,Bacteria,Bacteria,Within group,0.046525555770203,False
NEG,Methanobacteriota,Bacillota,Archaea,Bacteria,Cross group,0.011864695545456,False
NEG,Thermoproteota,Bacillota,Archaea,Bacteria,Cross group,0.007860633603842,False
NEG,Discosea,Bacillota,Protists,Bacteria,Cross group,0.014690916252458,False
NEG,Evosea,Bacillota,Protists,Bacteria,Cross group,0.009207214509747,False
NEG,Heterolobosea,Bacillota,Protists,Bacteria,Cross group,0.003446491744013,False
NEG,Mucoromycota,Bacillota,Fungi,Bacteria,Cross group,0.0066934622420939,False
NEG,Ascomycota,Bacillota,Fungi,Bacteria,Cross group,0.016124458235335,False
NEG,Basidiomycota,Bacillota,Fungi,Bacteria,Cross group,0.015895869328009,False
NEG,Chlorophyta,Bacillota,Viridiplantae,Bacteria,Cross group,0.0102563824199829,False
NEG,Streptophyta,Bacillota,Viridiplantae,Bacteria,Cross group,0.020907257304863,False
NEG,Arthropoda,Bacillota,Animalia,Bacteria,Cross group,0.010570720417881,False
NEG,Mollusca,Bacillota,Animalia,Bacteria,Cross group,0.011915168730436,False
NEG,Nematoda,Bacillota,Animalia,Bacteria,Cross group,0.0609997138089871,False
NEG,Actinomycetota,Pseudomonadota,Bacteria,Bacteria,Within group,0.05387830461387,False
NEG,Bacillota,Pseudomonadota,Bacteria,Bacteria,Within group,0.046525555770203,False
NEG,Methanobacteriota,Pseudomonadota,Archaea,Bacteria,Cross group,0.015206577260041,False
NEG,Thermoproteota,Pseudomonadota,Archaea,Bacteria,Cross group,0.0028969887701649,False
NEG,Discosea,Pseudomonadota,Protists,Bacteria,Cross group,0.054878437458855,False
NEG,Evosea,Pseudomonadota,Protists,Bacteria,Cross group,0.072125403736929,False
NEG,Heterolobosea,Pseudomonadota,Protists,Bacteria,Cross group,0.040707983287614,False
NEG,Mucoromycota,Pseudomonadota,Fungi,Bacteria,Cross group,0.034403264739027,False
NEG,Ascomycota,Pseudomonadota,Fungi,Bacteria,Cross group,0.076917851280218,False
NEG,Basidiomycota,Pseudomonadota,Fungi,Bacteria,Cross group,0.04110606105939,False
NEG,Chlorophyta,Pseudomonadota,Viridiplantae,Bacteria,Cross group,0.046581586267558,False
NEG,Streptophyta,Pseudomonadota,Viridiplantae,Bacteria,Cross group,0.060717234553388,False
NEG,Arthropoda,Pseudomonadota,Animalia,Bacteria,Cross group,0.072441021248103,False
NEG,Mollusca,Pseudomonadota,Animalia,Bacteria,Cross group,0.0344036168155329,False
NEG,Nematoda,Pseudomonadota,Animalia,Bacteria,Cross group,0.097817640064755,False
NEG,Actinomycetota,Methanobacteriota,Bacteria,Archaea,Cross group,0.016870561123289,False
NEG,Bacillota,Methanobacteriota,Bacteria,Archaea,Cross group,0.011864695545456,False
NEG,Pseudomonadota,Methanobacteriota,Bacteria,Archaea,Cross group,0.015206577260041,False
NEG,Thermoproteota,Methanobacteriota,Archaea,Archaea,Within group,0.0867250823501891,False
NEG,Discosea,Methanobacteriota,Protists,Archaea,Cross group,0.01157600457108,False
NEG,Evosea,Methanobacteriota,Protists,Archaea,Cross group,0.003183698528267,False
NEG,Heterolobosea,Methanobacteriota,Protists,Archaea,Cross group,0.053440817533538,False
NEG,Mucoromycota,Methanobacteriota,Fungi,Archaea,Cross group,0.017006414040619,False
NEG,Ascomycota,Methanobacteriota,Fungi,Archaea,Cross group,0.019397487029341,False
NEG,Basidiomycota,Methanobacteriota,Fungi,Archaea,Cross group,0.016920407805134,False
NEG,Chlorophyta,Methanobacteriota,Viridiplantae,Archaea,Cross group,0.0076771748625189,False
NEG,Streptophyta,Methanobacteriota,Viridiplantae,Archaea,Cross group,0.017842794311446,False
NEG,Arthropoda,Methanobacteriota,Animalia,Archaea,Cross group,0.0082932636119179,False
NEG,Mollusca,Methanobacteriota,Animalia,Archaea,Cross group,0.016943552270374,False
NEG,Nematoda,Methanobacteriota,Animalia,Archaea,Cross group,0.011880415853778,False
NEG,Actinomycetota,Thermoproteota,Bacteria,Archaea,Cross group,0.005730373666821,False
NEG,Bacillota,Thermoproteota,Bacteria,Archaea,Cross group,0.007860633603842,False
NEG,Pseudomonadota,Thermoproteota,Bacteria,Archaea,Cross group,0.0028969887701649,False
NEG,Methanobacteriota,Thermoproteota,Archaea,Archaea,Within group,0.0867250823501891,False
NEG,Discosea,Thermoproteota,Protists,Archaea,Cross group,0.002009161679926,False
NEG,Evosea,Thermoproteota,Protists,Archaea,Cross group,0.001758373417577,False
NEG,Heterolobosea,Thermoproteota,Protists,Archaea,Cross group,0.000813432557598,False
NEG,Mucoromycota,Thermoproteota,Fungi,Archaea,Cross group,0.0011083953172349,False
NEG,Ascomycota,Thermoproteota,Fungi,Archaea,Cross group,0.0058676728306079,False
NEG,Basidiomycota,Thermoproteota,Fungi,Archaea,Cross group,0.006773515725357,False
NEG,Chlorophyta,Thermoproteota,Viridiplantae,Archaea,Cross group,0.003517738914938,False
NEG,Streptophyta,Thermoproteota,Viridiplantae,Archaea,Cross group,0.0092932958166189,False
NEG,Arthropoda,Thermoproteota,Animalia,Archaea,Cross group,0.0027415471695949,False
NEG,Mollusca,Thermoproteota,Animalia,Archaea,Cross group,0.006987530936565,False
NEG,Nematoda,Thermoproteota,Animalia,Archaea,Cross group,0.006179959065266,False
NEG,Actinomycetota,Discosea,Bacteria,Protists,Cross group,0.037080090408422,False
NEG,Bacillota,Discosea,Bacteria,Protists,Cross group,0.014690916252458,False
NEG,Pseudomonadota,Discosea,Bacteria,Protists,Cross group,0.054878437458855,False
NEG,Methanobacteriota,Discosea,Archaea,Protists,Cross group,0.01157600457108,False
NEG,Thermoproteota,Discosea,Archaea,Protists,Cross group,0.002009161679926,False
NEG,Evosea,Discosea,Protists,Protists,Within group,0.111110050343074,False
NEG,Heterolobosea,Discosea,Protists,Protists,Within group,0.054305685751312,False
NEG,Mucoromycota,Discosea,Fungi,Protists,Cross group,0.112498663582399,False
NEG,Ascomycota,Discosea,Fungi,Protists,Cross group,0.133354167655158,False
NEG,Basidiomycota,Discosea,Fungi,Protists,Cross group,0.071184243305673,False
NEG,Chlorophyta,Discosea,Viridiplantae,Protists,Cross group,0.051018138028025,False
NEG,Streptophyta,Discosea,Viridiplantae,Protists,Cross group,0.047475082393309,False
NEG,Arthropoda,Discosea,Animalia,Protists,Cross group,0.134241409859019,False
NEG,Mollusca,Discosea,Animalia,Protists,Cross group,0.132260751329232,False
NEG,Nematoda,Discosea,Animalia,Protists,Cross group,0.162723534968714,False
NEG,Actinomycetota,Evosea,Bacteria,Protists,Cross group,0.021898037245371,False
NEG,Bacillota,Evosea,Bacteria,Protists,Cross group,0.009207214509747,False
NEG,Pseudomonadota,Evosea,Bacteria,Protists,Cross group,0.072125403736929,False
NEG,Methanobacteriota,Evosea,Archaea,Protists,Cross group,0.003183698528267,False
NEG,Thermoproteota,Evosea,Archaea,Protists,Cross group,0.001758373417577,False
NEG,Discosea,Evosea,Protists,Protists,Within group,0.111110050343074,False
NEG,Heterolobosea,Evosea,Protists,Protists,Within group,0.0047782169872659,False
NEG,Mucoromycota,Evosea,Fungi,Protists,Cross group,0.052765296044561,False
NEG,Ascomycota,Evosea,Fungi,Protists,Cross group,0.081630289670624,False
NEG,Basidiomycota,Evosea,Fungi,Protists,Cross group,0.054414927054266,False
NEG,Chlorophyta,Evosea,Viridiplantae,Protists,Cross group,0.030915708285011,False
NEG,Streptophyta,Evosea,Viridiplantae,Protists,Cross group,0.042605278939772,False
NEG,Arthropoda,Evosea,Animalia,Protists,Cross group,0.078209209972179,False
NEG,Mollusca,Evosea,Animalia,Protists,Cross group,0.056468770389984,False
NEG,Nematoda,Evosea,Animalia,Protists,Cross group,0.090232412837186,False
NEG,Actinomycetota,Heterolobosea,Bacteria,Protists,Cross group,0.052422350066721,False
NEG,Bacillota,Heterolobosea,Bacteria,Protists,Cross group,0.003446491744013,False
NEG,Pseudomonadota,Heterolobosea,Bacteria,Protists,Cross group,0.040707983287614,False
NEG,Methanobacteriota,Heterolobosea,Archaea,Protists,Cross group,0.053440817533538,False
NEG,Thermoproteota,Heterolobosea,Archaea,Protists,Cross group,0.000813432557598,False
NEG,Discosea,Heterolobosea,Protists,Protists,Within group,0.054305685751312,False
NEG,Evosea,Heterolobosea,Protists,Protists,Within group,0.0047782169872659,False
NEG,Mucoromycota,Heterolobosea,Fungi,Protists,Cross group,0.207010678959895,False
NEG,Ascomycota,Heterolobosea,Fungi,Protists,Cross group,0.084039033745677,False
NEG,Basidiomycota,Heterolobosea,Fungi,Protists,Cross group,0.026717136850871,False
NEG,Chlorophyta,Heterolobosea,Viridiplantae,Protists,Cross group,0.0049202690672519,False
NEG,Streptophyta,Heterolobosea,Viridiplantae,Protists,Cross group,0.007228874836198,False
NEG,Arthropoda,Heterolobosea,Animalia,Protists,Cross group,0.004844177649807,False
NEG,Mollusca,Heterolobosea,Animalia,Protists,Cross group,0.0055673480700819,False
NEG,Nematoda,Heterolobosea,Animalia,Protists,Cross group,0.006793636524525,False
NEG,Actinomycetota,Mucoromycota,Bacteria,Fungi,Cross group,0.086116640615797,False
NEG,Bacillota,Mucoromycota,Bacteria,Fungi,Cross group,0.0066934622420939,False
NEG,Pseudomonadota,Mucoromycota,Bacteria,Fungi,Cross group,0.034403264739027,False
NEG,Methanobacteriota,Mucoromycota,Archaea,Fungi,Cross group,0.017006414040619,False
NEG,Thermoproteota,Mucoromycota,Archaea,Fungi,Cross group,0.0011083953172349,False
NEG,Discosea,Mucoromycota,Protists,Fungi,Cross group,0.112498663582399,False
NEG,Evosea,Mucoromycota,Protists,Fungi,Cross group,0.052765296044561,False
NEG,Heterolobosea,Mucoromycota,Protists,Fungi,Cross group,0.207010678959895,False
NEG,Ascomycota,Mucoromycota,Fungi,Fungi,Within group,0.240048096197529,False
NEG,Basidiomycota,Mucoromycota,Fungi,Fungi,Within group,0.118668082566538,False
NEG,Chlorophyta,Mucoromycota,Viridiplantae,Fungi,Cross group,0.031391725761611,False
NEG,Streptophyta,Mucoromycota,Viridiplantae,Fungi,Cross group,0.076763541416328,False
NEG,Arthropoda,Mucoromycota,Animalia,Fungi,Cross group,0.064967093528871,False
NEG,Mollusca,Mucoromycota,Animalia,Fungi,Cross group,0.046838139335465,False
NEG,Nematoda,Mucoromycota,Animalia,Fungi,Cross group,0.067818408514889,False
NEG,Actinomycetota,Ascomycota,Bacteria,Fungi,Cross group,0.138501994168608,False
NEG,Bacillota,Ascomycota,Bacteria,Fungi,Cross group,0.016124458235335,False
NEG,Pseudomonadota,Ascomycota,Bacteria,Fungi,Cross group,0.076917851280218,False
NEG,Methanobacteriota,Ascomycota,Archaea,Fungi,Cross group,0.019397487029341,False
NEG,Thermoproteota,Ascomycota,Archaea,Fungi,Cross group,0.0058676728306079,False
NEG,Discosea,Ascomycota,Protists,Fungi,Cross group,0.133354167655158,False
NEG,Evosea,Ascomycota,Protists,Fungi,Cross group,0.081630289670624,False
NEG,Heterolobosea,Ascomycota,Protists,Fungi,Cross group,0.084039033745677,False
NEG,Mucoromycota,Ascomycota,Fungi,Fungi,Within group,0.240048096197529,False
NEG,Basidiomycota,Ascomycota,Fungi,Fungi,Within group,0.274366175716886,False
NEG,Chlorophyta,Ascomycota,Viridiplantae,Fungi,Cross group,0.086246545494431,False
NEG,Streptophyta,Ascomycota,Viridiplantae,Fungi,Cross group,0.15429746595706,False
NEG,Arthropoda,Ascomycota,Animalia,Fungi,Cross group,0.153698141676382,False
NEG,Mollusca,Ascomycota,Animalia,Fungi,Cross group,0.125869786634978,False
NEG,Nematoda,Ascomycota,Animalia,Fungi,Cross group,0.14210165551205,False
NEG,Actinomycetota,Basidiomycota,Bacteria,Fungi,Cross group,0.059825073715716,False
NEG,Bacillota,Basidiomycota,Bacteria,Fungi,Cross group,0.015895869328009,False
NEG,Pseudomonadota,Basidiomycota,Bacteria,Fungi,Cross group,0.04110606105939,False
NEG,Methanobacteriota,Basidiomycota,Archaea,Fungi,Cross group,0.016920407805134,False
NEG,Thermoproteota,Basidiomycota,Archaea,Fungi,Cross group,0.006773515725357,False
NEG,Discosea,Basidiomycota,Protists,Fungi,Cross group,0.071184243305673,False
NEG,Evosea,Basidiomycota,Protists,Fungi,Cross group,0.054414927054266,False
NEG,Heterolobosea,Basidiomycota,Protists,Fungi,Cross group,0.026717136850871,False
NEG,Mucoromycota,Basidiomycota,Fungi,Fungi,Within group,0.118668082566538,False
NEG,Ascomycota,Basidiomycota,Fungi,Fungi,Within group,0.274366175716886,False
NEG,Chlorophyta,Basidiomycota,Viridiplantae,Fungi,Cross group,0.08997787473131,False
NEG,Streptophyta,Basidiomycota,Viridiplantae,Fungi,Cross group,0.200757058714546,False
NEG,Arthropoda,Basidiomycota,Animalia,Fungi,Cross group,0.124627153032869,False
NEG,Mollusca,Basidiomycota,Animalia,Fungi,Cross group,0.131681076620024,False
NEG,Nematoda,Basidiomycota,Animalia,Fungi,Cross group,0.115469996238654,False
NEG,Actinomycetota,Chlorophyta,Bacteria,Viridiplantae,Cross group,0.040063414714493,False
NEG,Bacillota,Chlorophyta,Bacteria,Viridiplantae,Cross group,0.0102563824199829,False
NEG,Pseudomonadota,Chlorophyta,Bacteria,Viridiplantae,Cross group,0.046581586267558,False
NEG,Methanobacteriota,Chlorophyta,Archaea,Viridiplantae,Cross group,0.0076771748625189,False
NEG,Thermoproteota,Chlorophyta,Archaea,Viridiplantae,Cross group,0.003517738914938,False
NEG,Discosea,Chlorophyta,Protists,Viridiplantae,Cross group,0.051018138028025,False
NEG,Evosea,Chlorophyta,Protists,Viridiplantae,Cross group,0.030915708285011,False
NEG,Heterolobosea,Chlorophyta,Protists,Viridiplantae,Cross group,0.0049202690672519,False
NEG,Mucoromycota,Chlorophyta,Fungi,Viridiplantae,Cross group,0.031391725761611,False
NEG,Ascomycota,Chlorophyta,Fungi,Viridiplantae,Cross group,0.086246545494431,False
NEG,Basidiomycota,Chlorophyta,Fungi,Viridiplantae,Cross group,0.08997787473131,False
NEG,Streptophyta,Chlorophyta,Viridiplantae,Viridiplantae,Within group,0.274848184113663,False
NEG,Arthropoda,Chlorophyta,Animalia,Viridiplantae,Cross group,0.132133862577422,False
NEG,Mollusca,Chlorophyta,Animalia,Viridiplantae,Cross group,0.097195252113783,False
NEG,Nematoda,Chlorophyta,Animalia,Viridiplantae,Cross group,0.085474052865961,False
NEG,Actinomycetota,Streptophyta,Bacteria,Viridiplantae,Cross group,0.066060444500781,False
NEG,Bacillota,Streptophyta,Bacteria,Viridiplantae,Cross group,0.020907257304863,False
NEG,Pseudomonadota,Streptophyta,Bacteria,Viridiplantae,Cross group,0.060717234553388,False
NEG,Methanobacteriota,Streptophyta,Archaea,Viridiplantae,Cross group,0.017842794311446,False
NEG,Thermoproteota,Streptophyta,Archaea,Viridiplantae,Cross group,0.0092932958166189,False
NEG,Discosea,Streptophyta,Protists,Viridiplantae,Cross group,0.047475082393309,False
NEG,Evosea,Streptophyta,Protists,Viridiplantae,Cross group,0.042605278939772,False
NEG,Heterolobosea,Streptophyta,Protists,Viridiplantae,Cross group,0.007228874836198,False
NEG,Mucoromycota,Streptophyta,Fungi,Viridiplantae,Cross group,0.076763541416328,False
NEG,Ascomycota,Streptophyta,Fungi,Viridiplantae,Cross group,0.15429746595706,False
NEG,Basidiomycota,Streptophyta,Fungi,Viridiplantae,Cross group,0.200757058714546,False
NEG,Chlorophyta,Streptophyta,Viridiplantae,Viridiplantae,Within group,0.274848184113663,False
NEG,Arthropoda,Streptophyta,Animalia,Viridiplantae,Cross group,0.133073652877219,False
NEG,Mollusca,Streptophyta,Animalia,Viridiplantae,Cross group,0.139297339143271,False
NEG,Nematoda,Streptophyta,Animalia,Viridiplantae,Cross group,0.095223390483082,False
NEG,Actinomycetota,Arthropoda,Bacteria,Animalia,Cross group,0.039564583721054,False
NEG,Bacillota,Arthropoda,Bacteria,Animalia,Cross group,0.010570720417881,False
NEG,Pseudomonadota,Arthropoda,Bacteria,Animalia,Cross group,0.072441021248103,False
NEG,Methanobacteriota,Arthropoda,Archaea,Animalia,Cross group,0.0082932636119179,False
NEG,Thermoproteota,Arthropoda,Archaea,Animalia,Cross group,0.0027415471695949,False
NEG,Discosea,Arthropoda,Protists,Animalia,Cross group,0.134241409859019,False
NEG,Evosea,Arthropoda,Protists,Animalia,Cross group,0.078209209972179,False
NEG,Heterolobosea,Arthropoda,Protists,Animalia,Cross group,0.004844177649807,False
NEG,Mucoromycota,Arthropoda,Fungi,Animalia,Cross group,0.064967093528871,False
NEG,Ascomycota,Arthropoda,Fungi,Animalia,Cross group,0.153698141676382,False
NEG,Basidiomycota,Arthropoda,Fungi,Animalia,Cross group,0.124627153032869,False
NEG,Chlorophyta,Arthropoda,Viridiplantae,Animalia,Cross group,0.132133862577422,False
NEG,Streptophyta,Arthropoda,Viridiplantae,Animalia,Cross group,0.133073652877219,False
NEG,Mollusca,Arthropoda,Animalia,Animalia,Within group,0.206812980811822,False
NEG,Nematoda,Arthropoda,Animalia,Animalia,Within group,0.208454196377279,False
NEG,Actinomycetota,Mollusca,Bacteria,Animalia,Cross group,0.039724464646117,False
NEG,Bacillota,Mollusca,Bacteria,Animalia,Cross group,0.011915168730436,False
NEG,Pseudomonadota,Mollusca,Bacteria,Animalia,Cross group,0.0344036168155329,False
NEG,Methanobacteriota,Mollusca,Archaea,Animalia,Cross group,0.016943552270374,False
NEG,Thermoproteota,Mollusca,Archaea,Animalia,Cross group,0.006987530936565,False
NEG,Discosea,Mollusca,Protists,Animalia,Cross group,0.132260751329232,False
NEG,Evosea,Mollusca,Protists,Animalia,Cross group,0.056468770389984,False
NEG,Heterolobosea,Mollusca,Protists,Animalia,Cross group,0.0055673480700819,False
NEG,Mucoromycota,Mollusca,Fungi,Animalia,Cross group,0.046838139335465,False
NEG,Ascomycota,Mollusca,Fungi,Animalia,Cross group,0.125869786634978,False
NEG,Basidiomycota,Mollusca,Fungi,Animalia,Cross group,0.131681076620024,False
NEG,Chlorophyta,Mollusca,Viridiplantae,Animalia,Cross group,0.097195252113783,False
NEG,Streptophyta,Mollusca,Viridiplantae,Animalia,Cross group,0.139297339143271,False
NEG,Arthropoda,Mollusca,Animalia,Animalia,Within group,0.206812980811822,False
NEG,Nematoda,Mollusca,Animalia,Animalia,Within group,0.216916348373938,False
NEG,Actinomycetota,Nematoda,Bacteria,Animalia,Cross group,0.070657864671947,False
NEG,Bacillota,Nematoda,Bacteria,Animalia,Cross group,0.0609997138089871,False
NEG,Pseudomonadota,Nematoda,Bacteria,Animalia,Cross group,0.097817640064755,False
NEG,Methanobacteriota,Nematoda,Archaea,Animalia,Cross group,0.011880415853778,False
NEG,Thermoproteota,Nematoda,Archaea,Animalia,Cross group,0.006179959065266,False
NEG,Discosea,Nematoda,Protists,Animalia,Cross group,0.162723534968714,False
NEG,Evosea,Nematoda,Protists,Animalia,Cross group,0.090232412837186,False
NEG,Heterolobosea,Nematoda,Protists,Animalia,Cross group,0.006793636524525,False
NEG,Mucoromycota,Nematoda,Fungi,Animalia,Cross group,0.067818408514889,False
NEG,Ascomycota,Nematoda,Fungi,Animalia,Cross group,0.14210165551205,False
NEG,Basidiomycota,Nematoda,Fungi,Animalia,Cross group,0.115469996238654,False
NEG,Chlorophyta,Nematoda,Viridiplantae,Animalia,Cross group,0.085474052865961,False
NEG,Streptophyta,Nematoda,Viridiplantae,Animalia,Cross group,0.095223390483082,False
NEG,Arthropoda,Nematoda,Animalia,Animalia,Within group,0.208454196377279,False
NEG,Mollusca,Nematoda,Animalia,Animalia,Within group,0.216916348373938,False
