mode,phylum_1,phylum_2,evolutionary_distance,lipid_distance,batch_overlap_jaccard,n_samples_mode,n_samples_phylum_1,n_samples_phylum_2,group_1,group_2,pair_class
POS,Actinomycetota,Arthropoda,3.31795662202839,0.925626852747089,0.0,164,15,11,Bacteria,Animalia,Cross group
POS,Actinomycetota,Ascomycota,3.37898107462026,0.90585107127421,0.75,164,15,27,Bacteria,Fungi,Cross group
POS,Arthropoda,Ascomycota,0.93724386036987,0.748882769313562,0.0,164,11,27,Animalia,Fungi,Cross group
POS,Actinomycetota,Bacillota,0.843835457507056,0.682769681615195,0.4,164,15,25,Bacteria,Bacteria,Within group
POS,Arthropoda,Bacillota,3.30883156457962,0.968618703890885,0.0,164,11,25,Animalia,Bacteria,Cross group
POS,Ascomycota,Bacillota,3.38482872630828,0.957995795125292,0.2,164,27,25,Fungi,Bacteria,Cross group
POS,Actinomycetota,Basidiomycota,3.37806056677245,0.899576414782513,0.75,164,15,10,Bacteria,Fungi,Cross group
POS,Arthropoda,Basidiomycota,0.936323352522055,0.779426153760288,0.0,164,11,10,Animalia,Fungi,Cross group
POS,Ascomycota,Basidiomycota,0.299091780023181,0.455784248423124,1.0,164,27,10,Fungi,Fungi,Within group
POS,Bacillota,Basidiomycota,3.38390821846047,0.918554564760473,0.2,164,25,10,Bacteria,Fungi,Cross group
POS,Actinomycetota,Chlorophyta,2.88672074937664,0.966880151536701,0.0,164,15,5,Bacteria,Viridiplantae,Cross group
POS,Arthropoda,Chlorophyta,1.92194662326559,0.910571755721726,1.0,164,11,5,Animalia,Viridiplantae,Cross group
POS,Ascomycota,Chlorophyta,1.58308938324686,0.903975602543111,0.0,164,27,5,Fungi,Viridiplantae,Cross group
POS,Bacillota,Chlorophyta,2.84315846091327,0.981514414646626,0.0,164,25,5,Bacteria,Viridiplantae,Cross group
POS,Basidiomycota,Chlorophyta,1.58639519668387,0.914583071318874,0.0,164,10,5,Fungi,Viridiplantae,Cross group
POS,Actinomycetota,Discosea,3.43826117989103,0.958448102589087,0.2,164,15,7,Bacteria,Protists,Cross group
POS,Arthropoda,Discosea,0.996523965640634,0.830002239340069,0.0,164,11,7,Animalia,Protists,Cross group
POS,Ascomycota,Discosea,0.452214340392541,0.897446636778264,0.25,164,27,7,Fungi,Protists,Cross group
POS,Bacillota,Discosea,3.44410883157905,0.96911017397717,0.25,164,25,7,Bacteria,Protists,Cross group
POS,Basidiomycota,Discosea,0.458337701352765,0.890514051728097,0.25,164,10,7,Fungi,Protists,Cross group
POS,Chlorophyta,Discosea,1.5762188740254,0.891475814209339,0.0,164,5,7,Viridiplantae,Protists,Cross group
POS,Actinomycetota,Evosea,3.52610372443383,0.938239938472678,0.0,164,15,5,Bacteria,Protists,Cross group
POS,Arthropoda,Evosea,1.2024309956325,0.883016648329919,0.0,164,11,5,Animalia,Protists,Cross group
POS,Ascomycota,Evosea,0.783091293723305,0.94747081995772,0.0,164,27,5,Fungi,Protists,Cross group
POS,Bacillota,Evosea,3.53195137612185,0.93101750833446,0.333333333333333,164,25,5,Bacteria,Protists,Cross group
POS,Basidiomycota,Evosea,0.78217078587549,0.932827199118751,0.0,164,10,5,Fungi,Protists,Cross group
POS,Chlorophyta,Evosea,1.86081720064059,0.967562216429014,0.0,164,5,5,Viridiplantae,Protists,Cross group
POS,Discosea,Evosea,0.842371398994068,0.894375416379586,0.5,164,7,5,Protists,Protists,Within group
POS,Actinomycetota,Heterolobosea,3.48090935076335,0.929932861027821,0.2,164,15,5,Bacteria,Protists,Cross group
POS,Arthropoda,Heterolobosea,1.69681844465648,0.910108357100714,0.0,164,11,5,Animalia,Protists,Cross group
POS,Ascomycota,Heterolobosea,1.33143692501674,0.957164033803178,0.25,164,27,5,Fungi,Protists,Cross group
POS,Bacillota,Heterolobosea,3.48675700245137,0.919075294499953,0.25,164,25,5,Bacteria,Protists,Cross group
POS,Basidiomycota,Heterolobosea,1.33051641716892,0.943858121548299,0.25,164,10,5,Fungi,Protists,Cross group
POS,Chlorophyta,Heterolobosea,2.24631630813747,0.970913487945314,0.0,164,5,5,Viridiplantae,Protists,Cross group
POS,Discosea,Heterolobosea,1.3907170302875,0.908627665780724,1.0,164,7,5,Protists,Protists,Within group
POS,Evosea,Heterolobosea,1.47855957483031,0.752366971250743,0.5,164,5,5,Protists,Protists,Within group
POS,Actinomycetota,Methanobacteriota,1.99759637357928,0.767217250526568,0.75,164,15,16,Bacteria,Archaea,Cross group
POS,Arthropoda,Methanobacteriota,3.08027884052215,0.977256430792761,0.0,164,11,16,Animalia,Archaea,Cross group
POS,Ascomycota,Methanobacteriota,3.00157465818738,0.955417764615219,1.0,164,27,16,Fungi,Archaea,Cross group
POS,Bacillota,Methanobacteriota,2.0034440252673,0.807905879634172,0.2,164,25,16,Bacteria,Archaea,Cross group
POS,Basidiomycota,Methanobacteriota,3.00065415033956,0.928549257997011,1.0,164,10,16,Fungi,Archaea,Cross group
POS,Chlorophyta,Methanobacteriota,2.97041882820169,0.987620670278708,0.0,164,5,16,Viridiplantae,Archaea,Cross group
POS,Discosea,Methanobacteriota,3.06085476345814,0.984268764046841,0.25,164,7,16,Protists,Archaea,Cross group
POS,Evosea,Methanobacteriota,3.14869730800094,0.97341408747941,0.0,164,5,16,Protists,Archaea,Cross group
POS,Heterolobosea,Methanobacteriota,3.10350293433046,0.972748604931734,0.25,164,5,16,Protists,Archaea,Cross group
POS,Actinomycetota,Mollusca,3.38873942509035,0.942694984087466,0.0,164,15,2,Bacteria,Animalia,Cross group
POS,Arthropoda,Mollusca,0.691944724793245,0.776921998184337,1.0,164,11,2,Animalia,Animalia,Within group
POS,Ascomycota,Mollusca,0.515856060385857,0.85281755224649,0.0,164,27,2,Fungi,Animalia,Cross group
POS,Bacillota,Mollusca,3.39458707677837,0.971970559673736,0.0,164,25,2,Bacteria,Animalia,Cross group
POS,Basidiomycota,Mollusca,0.514935552538042,0.892092405377227,0.0,164,10,2,Fungi,Animalia,Cross group
POS,Chlorophyta,Mollusca,1.66074581859335,0.947527728384804,1.0,164,5,2,Viridiplantae,Animalia,Cross group
POS,Discosea,Mollusca,0.57513616565662,0.872949876045183,0.0,164,7,2,Protists,Animalia,Cross group
POS,Evosea,Mollusca,0.79284964419339,0.922334164033235,0.0,164,5,2,Protists,Animalia,Cross group
POS,Heterolobosea,Mollusca,1.34119527548682,0.946474125117506,0.0,164,5,2,Protists,Animalia,Cross group
POS,Methanobacteriota,Mollusca,3.01133300865746,0.978175199140011,0.0,164,16,2,Archaea,Animalia,Cross group
POS,Actinomycetota,Mucoromycota,3.5025990876342,0.950628640964816,0.5,164,15,7,Bacteria,Fungi,Cross group
POS,Arthropoda,Mucoromycota,1.06086187338381,0.891696262800134,0.0,164,11,7,Animalia,Fungi,Cross group
POS,Ascomycota,Mucoromycota,0.472863478408281,0.801579865793451,0.666666666666667,164,27,7,Fungi,Fungi,Within group
POS,Bacillota,Mucoromycota,3.50844673932222,0.989648516359605,0.0,164,25,7,Bacteria,Fungi,Cross group
POS,Basidiomycota,Mucoromycota,0.483355716341248,0.812118931683428,0.666666666666667,164,10,7,Fungi,Fungi,Within group
POS,Chlorophyta,Mucoromycota,1.7067073962608,0.957520768538575,0.0,164,5,7,Viridiplantae,Fungi,Cross group
POS,Discosea,Mucoromycota,0.575832353406478,0.937121772740986,0.333333333333333,164,7,7,Protists,Fungi,Cross group
POS,Evosea,Mucoromycota,0.906709306737243,0.961868201775969,0.0,164,5,7,Protists,Fungi,Cross group
POS,Heterolobosea,Mucoromycota,1.45505493803068,0.985033130313928,0.333333333333333,164,5,7,Protists,Fungi,Cross group
POS,Methanobacteriota,Mucoromycota,3.12519267120131,0.974081706641931,0.666666666666667,164,16,7,Archaea,Fungi,Cross group
POS,Mollusca,Mucoromycota,0.639474073399795,0.961019645261746,0.0,164,2,7,Animalia,Fungi,Cross group
POS,Actinomycetota,Nematoda,3.79324570112608,0.913717663920125,0.0,164,15,4,Bacteria,Animalia,Cross group
POS,Arthropoda,Nematoda,1.00676376999206,0.776178841401182,1.0,164,11,4,Animalia,Animalia,Within group
POS,Ascomycota,Nematoda,0.920362336421586,0.856866015426293,0.0,164,27,4,Fungi,Animalia,Cross group
POS,Bacillota,Nematoda,3.7990933528141,0.939302285215231,0.0,164,25,4,Bacteria,Animalia,Cross group
POS,Basidiomycota,Nematoda,0.919441828573771,0.883976446544108,0.0,164,10,4,Fungi,Animalia,Cross group
POS,Chlorophyta,Nematoda,2.06525209462907,0.939124581943213,1.0,164,5,4,Viridiplantae,Animalia,Cross group
POS,Discosea,Nematoda,0.979642441692349,0.802439549204079,0.0,164,7,4,Protists,Animalia,Cross group
POS,Evosea,Nematoda,1.19735592022912,0.933426153546368,0.0,164,5,4,Protists,Animalia,Cross group
POS,Heterolobosea,Nematoda,1.74570155152255,0.944311288525816,0.0,164,5,4,Protists,Animalia,Cross group
POS,Methanobacteriota,Nematoda,3.41583928469319,0.964662588789158,0.0,164,16,4,Archaea,Animalia,Cross group
POS,Mollusca,Nematoda,0.64955745224029,0.786591399157899,1.0,164,2,4,Animalia,Animalia,Within group
POS,Mucoromycota,Nematoda,1.04398034943552,0.956707181281428,0.0,164,7,4,Fungi,Animalia,Cross group
POS,Actinomycetota,Pseudomonadota,1.13634019476201,0.757673725595041,0.4,164,15,8,Bacteria,Bacteria,Within group
POS,Arthropoda,Pseudomonadota,3.55986102634779,0.934993614154951,0.0,164,11,8,Animalia,Bacteria,Cross group
POS,Ascomycota,Pseudomonadota,3.67733346356324,0.926968283042523,0.2,164,27,8,Fungi,Bacteria,Cross group
POS,Bacillota,Pseudomonadota,0.977488045945393,0.776842291050722,0.5,164,25,8,Bacteria,Bacteria,Within group
POS,Basidiomycota,Pseudomonadota,3.67641295571542,0.911342704447147,0.2,164,10,8,Fungi,Bacteria,Cross group
POS,Chlorophyta,Pseudomonadota,3.0601662733413,0.973250991594299,0.0,164,5,8,Viridiplantae,Bacteria,Cross group
POS,Discosea,Pseudomonadota,3.736613568834,0.930754889241951,0.666666666666667,164,7,8,Protists,Bacteria,Cross group
POS,Evosea,Pseudomonadota,3.8244561133768,0.861093132352946,0.333333333333333,164,5,8,Protists,Bacteria,Cross group
POS,Heterolobosea,Pseudomonadota,3.77926173970632,0.848722657479686,0.666666666666667,164,5,8,Protists,Bacteria,Cross group
POS,Methanobacteriota,Pseudomonadota,2.29594876252225,0.881131968927579,0.2,164,16,8,Archaea,Bacteria,Cross group
POS,Mollusca,Pseudomonadota,3.68709181403332,0.942593917500093,0.0,164,2,8,Animalia,Bacteria,Cross group
POS,Mucoromycota,Pseudomonadota,3.80095147657718,0.983165757594453,0.25,164,7,8,Fungi,Bacteria,Cross group
POS,Nematoda,Pseudomonadota,4.09159809006905,0.920973119752477,0.0,164,4,8,Animalia,Bacteria,Cross group
POS,Actinomycetota,Streptophyta,2.87609549040029,0.914336931201239,0.4,164,15,14,Bacteria,Viridiplantae,Cross group
POS,Arthropoda,Streptophyta,1.70895147137602,0.831896284237971,0.333333333333333,164,11,14,Animalia,Viridiplantae,Cross group
POS,Ascomycota,Streptophyta,1.33760677450411,0.732987111029327,0.5,164,27,14,Fungi,Viridiplantae,Cross group
POS,Bacillota,Streptophyta,2.83880748005138,0.908919580164811,0.2,164,25,14,Bacteria,Viridiplantae,Cross group
POS,Basidiomycota,Streptophyta,1.34188531268128,0.733444521878954,0.5,164,10,14,Fungi,Viridiplantae,Cross group
POS,Chlorophyta,Streptophyta,1.9232945095541,0.700894842486168,0.333333333333333,164,5,14,Viridiplantae,Viridiplantae,Within group
POS,Discosea,Streptophyta,1.31551112385189,0.882458052370934,0.0,164,7,14,Protists,Viridiplantae,Cross group
POS,Evosea,Streptophyta,1.66411196413736,0.93797143400605,0.0,164,5,14,Protists,Viridiplantae,Cross group
POS,Heterolobosea,Streptophyta,2.05700664174977,0.945647537374039,0.0,164,5,14,Protists,Viridiplantae,Cross group
POS,Methanobacteriota,Streptophyta,2.90124061744656,0.936987657928773,0.5,164,16,14,Archaea,Viridiplantae,Cross group
POS,Mollusca,Streptophyta,1.43089054684596,0.882670476365534,0.333333333333333,164,2,14,Animalia,Viridiplantae,Cross group
POS,Mucoromycota,Streptophyta,1.46122478751805,0.89410822289932,0.25,164,7,14,Fungi,Viridiplantae,Cross group
POS,Nematoda,Streptophyta,1.83539682288169,0.899236146325863,0.333333333333333,164,4,14,Animalia,Viridiplantae,Cross group
POS,Pseudomonadota,Streptophyta,3.03345535663715,0.922348853796154,0.0,164,8,14,Bacteria,Viridiplantae,Cross group
POS,Actinomycetota,Thermoproteota,1.75668822697818,0.819168590348207,0.25,164,15,3,Bacteria,Archaea,Cross group
POS,Arthropoda,Thermoproteota,2.83937069392104,0.976302631539662,0.0,164,11,3,Animalia,Archaea,Cross group
POS,Ascomycota,Thermoproteota,2.76066651158627,0.956742390667406,0.333333333333333,164,27,3,Fungi,Archaea,Cross group
POS,Bacillota,Thermoproteota,1.7625358786662,0.759092348964013,0.333333333333333,164,25,3,Bacteria,Archaea,Cross group
POS,Basidiomycota,Thermoproteota,2.75974600373846,0.912596754755206,0.333333333333333,164,10,3,Fungi,Archaea,Cross group
POS,Chlorophyta,Thermoproteota,2.72951068160059,0.95629376359015,0.0,164,5,3,Viridiplantae,Archaea,Cross group
POS,Discosea,Thermoproteota,2.81994661685703,0.980940931959526,0.0,164,7,3,Protists,Archaea,Cross group
POS,Evosea,Thermoproteota,2.90778916139984,0.963212467835631,0.0,164,5,3,Protists,Archaea,Cross group
POS,Heterolobosea,Thermoproteota,2.86259478772936,0.96113186029328,0.0,164,5,3,Protists,Archaea,Cross group
POS,Methanobacteriota,Thermoproteota,0.921521921955401,0.693509425891941,0.333333333333333,164,16,3,Archaea,Archaea,Within group
POS,Mollusca,Thermoproteota,2.77042486205636,0.980051282512357,0.0,164,2,3,Animalia,Archaea,Cross group
POS,Mucoromycota,Thermoproteota,2.88428452460021,0.995893802796264,0.0,164,7,3,Fungi,Archaea,Cross group
POS,Nematoda,Thermoproteota,3.17493113809209,0.955908021481599,0.0,164,4,3,Animalia,Archaea,Cross group
POS,Pseudomonadota,Thermoproteota,2.05504061592115,0.868534253703762,0.0,164,8,3,Bacteria,Archaea,Cross group
POS,Streptophyta,Thermoproteota,2.66033247084546,0.873080192727958,0.333333333333333,164,14,3,Viridiplantae,Archaea,Cross group
NEG,Actinomycetota,Arthropoda,3.31795662202839,0.960435416278946,0.0,192,19,22,Bacteria,Animalia,Cross group
NEG,Actinomycetota,Ascomycota,3.37898107462026,0.861498005831392,0.8,192,19,32,Bacteria,Fungi,Cross group
NEG,Arthropoda,Ascomycota,0.93724386036987,0.846301858323618,0.2,192,22,32,Animalia,Fungi,Cross group
NEG,Actinomycetota,Bacillota,0.843835457507056,0.806783879318306,0.5,192,19,28,Bacteria,Bacteria,Within group
NEG,Arthropoda,Bacillota,3.30883156457962,0.989429279582119,0.0,192,22,28,Animalia,Bacteria,Cross group
NEG,Ascomycota,Bacillota,3.38482872630828,0.983875541764665,0.4,192,32,28,Fungi,Bacteria,Cross group
NEG,Actinomycetota,Basidiomycota,3.37806056677245,0.940174926284284,0.75,192,19,11,Bacteria,Fungi,Cross group
NEG,Arthropoda,Basidiomycota,0.936323352522055,0.875372846967131,0.0,192,22,11,Animalia,Fungi,Cross group
NEG,Ascomycota,Basidiomycota,0.299091780023181,0.725633824283114,0.6,192,32,11,Fungi,Fungi,Within group
NEG,Bacillota,Basidiomycota,3.38390821846047,0.984104130671991,0.25,192,28,11,Bacteria,Fungi,Cross group
NEG,Actinomycetota,Chlorophyta,2.88672074937664,0.959936585285507,0.0,192,19,10,Bacteria,Viridiplantae,Cross group
NEG,Arthropoda,Chlorophyta,1.92194662326559,0.867866137422578,1.0,192,22,10,Animalia,Viridiplantae,Cross group
NEG,Ascomycota,Chlorophyta,1.58308938324686,0.913753454505569,0.2,192,32,10,Fungi,Viridiplantae,Cross group
NEG,Bacillota,Chlorophyta,2.84315846091327,0.989743617580017,0.0,192,28,10,Bacteria,Viridiplantae,Cross group
NEG,Basidiomycota,Chlorophyta,1.58639519668387,0.91002212526869,0.0,192,11,10,Fungi,Viridiplantae,Cross group
NEG,Actinomycetota,Discosea,3.43826117989103,0.962919909591578,0.2,192,19,6,Bacteria,Protists,Cross group
NEG,Arthropoda,Discosea,0.996523965640634,0.865758590140981,0.0,192,22,6,Animalia,Protists,Cross group
NEG,Ascomycota,Discosea,0.452214340392541,0.866645832344842,0.166666666666667,192,32,6,Fungi,Protists,Cross group
NEG,Bacillota,Discosea,3.44410883157905,0.985309083747542,0.0,192,28,6,Bacteria,Protists,Cross group
NEG,Basidiomycota,Discosea,0.458337701352765,0.928815756694327,0.25,192,11,6,Fungi,Protists,Cross group
NEG,Chlorophyta,Discosea,1.5762188740254,0.948981861971975,0.0,192,10,6,Viridiplantae,Protists,Cross group
NEG,Actinomycetota,Evosea,3.52610372443383,0.978101962754629,0.0,192,19,5,Bacteria,Protists,Cross group
NEG,Arthropoda,Evosea,1.2024309956325,0.921790790027821,0.0,192,22,5,Animalia,Protists,Cross group
NEG,Ascomycota,Evosea,0.783091293723305,0.918369710329376,0.0,192,32,5,Fungi,Protists,Cross group
NEG,Bacillota,Evosea,3.53195137612185,0.990792785490253,0.0,192,28,5,Bacteria,Protists,Cross group
NEG,Basidiomycota,Evosea,0.78217078587549,0.945585072945734,0.0,192,11,5,Fungi,Protists,Cross group
NEG,Chlorophyta,Evosea,1.86081720064059,0.969084291714989,0.0,192,10,5,Viridiplantae,Protists,Cross group
NEG,Discosea,Evosea,0.842371398994068,0.888889949656926,0.5,192,6,5,Protists,Protists,Within group
NEG,Actinomycetota,Heterolobosea,3.48090935076335,0.947577649933279,0.25,192,19,2,Bacteria,Protists,Cross group
NEG,Arthropoda,Heterolobosea,1.69681844465648,0.995155822350193,0.0,192,22,2,Animalia,Protists,Cross group
NEG,Ascomycota,Heterolobosea,1.33143692501674,0.915960966254323,0.2,192,32,2,Fungi,Protists,Cross group
NEG,Bacillota,Heterolobosea,3.48675700245137,0.996553508255987,0.0,192,28,2,Bacteria,Protists,Cross group
NEG,Basidiomycota,Heterolobosea,1.33051641716892,0.973282863149129,0.333333333333333,192,11,2,Fungi,Protists,Cross group
NEG,Chlorophyta,Heterolobosea,2.24631630813747,0.995079730932748,0.0,192,10,2,Viridiplantae,Protists,Cross group
NEG,Discosea,Heterolobosea,1.3907170302875,0.945694314248688,0.5,192,6,2,Protists,Protists,Within group
NEG,Evosea,Heterolobosea,1.47855957483031,0.995221783012734,0.0,192,5,2,Protists,Protists,Within group
NEG,Actinomycetota,Methanobacteriota,1.99759637357928,0.983129438876711,0.75,192,19,17,Bacteria,Archaea,Cross group
NEG,Arthropoda,Methanobacteriota,3.08027884052215,0.991706736388082,0.0,192,22,17,Animalia,Archaea,Cross group
NEG,Ascomycota,Methanobacteriota,3.00157465818738,0.980602512970659,0.6,192,32,17,Fungi,Archaea,Cross group
NEG,Bacillota,Methanobacteriota,2.0034440252673,0.988135304454544,0.25,192,28,17,Bacteria,Archaea,Cross group
NEG,Basidiomycota,Methanobacteriota,3.00065415033956,0.983079592194866,1.0,192,11,17,Fungi,Archaea,Cross group
NEG,Chlorophyta,Methanobacteriota,2.97041882820169,0.992322825137481,0.0,192,10,17,Viridiplantae,Archaea,Cross group
NEG,Discosea,Methanobacteriota,3.06085476345814,0.98842399542892,0.25,192,6,17,Protists,Archaea,Cross group
NEG,Evosea,Methanobacteriota,3.14869730800094,0.996816301471733,0.0,192,5,17,Protists,Archaea,Cross group
NEG,Heterolobosea,Methanobacteriota,3.10350293433046,0.946559182466462,0.333333333333333,192,2,17,Protists,Archaea,Cross group
NEG,Actinomycetota,Mollusca,3.38873942509035,0.960275535353883,0.0,192,19,2,Bacteria,Animalia,Cross group
NEG,Arthropoda,Mollusca,0.691944724793245,0.793187019188178,1.0,192,22,2,Animalia,Animalia,Within group
NEG,Ascomycota,Mollusca,0.515856060385857,0.874130213365022,0.2,192,32,2,Fungi,Animalia,Cross group
NEG,Bacillota,Mollusca,3.39458707677837,0.988084831269564,0.0,192,28,2,Bacteria,Animalia,Cross group
NEG,Basidiomycota,Mollusca,0.514935552538042,0.868318923379976,0.0,192,11,2,Fungi,Animalia,Cross group
NEG,Chlorophyta,Mollusca,1.66074581859335,0.902804747886217,1.0,192,10,2,Viridiplantae,Animalia,Cross group
NEG,Discosea,Mollusca,0.57513616565662,0.867739248670768,0.0,192,6,2,Protists,Animalia,Cross group
NEG,Evosea,Mollusca,0.79284964419339,0.943531229610016,0.0,192,5,2,Protists,Animalia,Cross group
NEG,Heterolobosea,Mollusca,1.34119527548682,0.994432651929918,0.0,192,2,2,Protists,Animalia,Cross group
NEG,Methanobacteriota,Mollusca,3.01133300865746,0.983056447729626,0.0,192,17,2,Archaea,Animalia,Cross group
NEG,Actinomycetota,Mucoromycota,3.5025990876342,0.913883359384203,0.5,192,19,7,Bacteria,Fungi,Cross group
NEG,Arthropoda,Mucoromycota,1.06086187338381,0.935032906471129,0.0,192,22,7,Animalia,Fungi,Cross group
NEG,Ascomycota,Mucoromycota,0.472863478408281,0.759951903802471,0.4,192,32,7,Fungi,Fungi,Within group
NEG,Bacillota,Mucoromycota,3.50844673932222,0.993306537757906,0.0,192,28,7,Bacteria,Fungi,Cross group
NEG,Basidiomycota,Mucoromycota,0.483355716341248,0.881331917433462,0.666666666666667,192,11,7,Fungi,Fungi,Within group
NEG,Chlorophyta,Mucoromycota,1.7067073962608,0.968608274238389,0.0,192,10,7,Viridiplantae,Fungi,Cross group
NEG,Discosea,Mucoromycota,0.575832353406478,0.887501336417601,0.333333333333333,192,6,7,Protists,Fungi,Cross group
NEG,Evosea,Mucoromycota,0.906709306737243,0.947234703955439,0.0,192,5,7,Protists,Fungi,Cross group
NEG,Heterolobosea,Mucoromycota,1.45505493803068,0.792989321040105,0.5,192,2,7,Protists,Fungi,Cross group
NEG,Methanobacteriota,Mucoromycota,3.12519267120131,0.982993585959381,0.666666666666667,192,17,7,Archaea,Fungi,Cross group
NEG,Mollusca,Mucoromycota,0.639474073399795,0.953161860664535,0.0,192,2,7,Animalia,Fungi,Cross group
NEG,Actinomycetota,Nematoda,3.79324570112608,0.929342135328053,0.0,192,19,3,Bacteria,Animalia,Cross group
NEG,Arthropoda,Nematoda,1.00676376999206,0.791545803622721,1.0,192,22,3,Animalia,Animalia,Within group
NEG,Ascomycota,Nematoda,0.920362336421586,0.85789834448795,0.2,192,32,3,Fungi,Animalia,Cross group
NEG,Bacillota,Nematoda,3.7990933528141,0.939000286191013,0.0,192,28,3,Bacteria,Animalia,Cross group
NEG,Basidiomycota,Nematoda,0.919441828573771,0.884530003761346,0.0,192,11,3,Fungi,Animalia,Cross group
NEG,Chlorophyta,Nematoda,2.06525209462907,0.914525947134039,1.0,192,10,3,Viridiplantae,Animalia,Cross group
NEG,Discosea,Nematoda,0.979642441692349,0.837276465031286,0.0,192,6,3,Protists,Animalia,Cross group
NEG,Evosea,Nematoda,1.19735592022912,0.909767587162814,0.0,192,5,3,Protists,Animalia,Cross group
NEG,Heterolobosea,Nematoda,1.74570155152255,0.993206363475475,0.0,192,2,3,Protists,Animalia,Cross group
NEG,Methanobacteriota,Nematoda,3.41583928469319,0.988119584146222,0.0,192,17,3,Archaea,Animalia,Cross group
NEG,Mollusca,Nematoda,0.64955745224029,0.783083651626062,1.0,192,2,3,Animalia,Animalia,Within group
NEG,Mucoromycota,Nematoda,1.04398034943552,0.932181591485111,0.0,192,7,3,Fungi,Animalia,Cross group
NEG,Actinomycetota,Pseudomonadota,1.13634019476201,0.94612169538613,0.4,192,19,8,Bacteria,Bacteria,Within group
NEG,Arthropoda,Pseudomonadota,3.55986102634779,0.927558978751897,0.0,192,22,8,Animalia,Bacteria,Cross group
NEG,Ascomycota,Pseudomonadota,3.67733346356324,0.923082148719782,0.333333333333333,192,32,8,Fungi,Bacteria,Cross group
NEG,Bacillota,Pseudomonadota,0.977488045945393,0.953474444229797,0.25,192,28,8,Bacteria,Bacteria,Within group
NEG,Basidiomycota,Pseudomonadota,3.67641295571542,0.95889393894061,0.2,192,11,8,Fungi,Bacteria,Cross group
NEG,Chlorophyta,Pseudomonadota,3.0601662733413,0.953418413732442,0.0,192,10,8,Viridiplantae,Bacteria,Cross group
NEG,Discosea,Pseudomonadota,3.736613568834,0.945121562541145,0.666666666666667,192,6,8,Protists,Bacteria,Cross group
NEG,Evosea,Pseudomonadota,3.8244561133768,0.927874596263071,0.333333333333333,192,5,8,Protists,Bacteria,Cross group
NEG,Heterolobosea,Pseudomonadota,3.77926173970632,0.959292016712386,0.333333333333333,192,2,8,Protists,Bacteria,Cross group
NEG,Methanobacteriota,Pseudomonadota,2.29594876252225,0.984793422739959,0.2,192,17,8,Archaea,Bacteria,Cross group
NEG,Mollusca,Pseudomonadota,3.68709181403332,0.965596383184467,0.0,192,2,8,Animalia,Bacteria,Cross group
NEG,Mucoromycota,Pseudomonadota,3.80095147657718,0.965596735260973,0.25,192,7,8,Fungi,Bacteria,Cross group
NEG,Nematoda,Pseudomonadota,4.09159809006905,0.902182359935245,0.0,192,3,8,Animalia,Bacteria,Cross group
NEG,Actinomycetota,Streptophyta,2.87609549040029,0.933939555499219,0.6,192,19,16,Bacteria,Viridiplantae,Cross group
NEG,Arthropoda,Streptophyta,1.70895147137602,0.866926347122781,0.25,192,22,16,Animalia,Viridiplantae,Cross group
NEG,Ascomycota,Streptophyta,1.33760677450411,0.84570253404294,0.8,192,32,16,Fungi,Viridiplantae,Cross group
NEG,Bacillota,Streptophyta,2.83880748005138,0.979092742695137,0.5,192,28,16,Bacteria,Viridiplantae,Cross group
NEG,Basidiomycota,Streptophyta,1.34188531268128,0.799242941285454,0.4,192,11,16,Fungi,Viridiplantae,Cross group
NEG,Chlorophyta,Streptophyta,1.9232945095541,0.725151815886337,0.25,192,10,16,Viridiplantae,Viridiplantae,Within group
NEG,Discosea,Streptophyta,1.31551112385189,0.952524917606691,0.0,192,6,16,Protists,Viridiplantae,Cross group
NEG,Evosea,Streptophyta,1.66411196413736,0.957394721060228,0.0,192,5,16,Protists,Viridiplantae,Cross group
NEG,Heterolobosea,Streptophyta,2.05700664174977,0.992771125163802,0.0,192,2,16,Protists,Viridiplantae,Cross group
NEG,Methanobacteriota,Streptophyta,2.90124061744656,0.982157205688554,0.4,192,17,16,Archaea,Viridiplantae,Cross group
NEG,Mollusca,Streptophyta,1.43089054684596,0.860702660856729,0.25,192,2,16,Animalia,Viridiplantae,Cross group
NEG,Mucoromycota,Streptophyta,1.46122478751805,0.923236458583672,0.2,192,7,16,Fungi,Viridiplantae,Cross group
NEG,Nematoda,Streptophyta,1.83539682288169,0.904776609516918,0.25,192,3,16,Animalia,Viridiplantae,Cross group
NEG,Pseudomonadota,Streptophyta,3.03345535663715,0.939282765446612,0.166666666666667,192,8,16,Bacteria,Viridiplantae,Cross group
NEG,Actinomycetota,Thermoproteota,1.75668822697818,0.994269626333179,0.25,192,19,4,Bacteria,Archaea,Cross group
NEG,Arthropoda,Thermoproteota,2.83937069392104,0.997258452830405,0.0,192,22,4,Animalia,Archaea,Cross group
NEG,Ascomycota,Thermoproteota,2.76066651158627,0.994132327169392,0.2,192,32,4,Fungi,Archaea,Cross group
NEG,Bacillota,Thermoproteota,1.7625358786662,0.992139366396158,0.5,192,28,4,Bacteria,Archaea,Cross group
NEG,Basidiomycota,Thermoproteota,2.75974600373846,0.993226484274643,0.333333333333333,192,11,4,Fungi,Archaea,Cross group
NEG,Chlorophyta,Thermoproteota,2.72951068160059,0.996482261085062,0.0,192,10,4,Viridiplantae,Archaea,Cross group
NEG,Discosea,Thermoproteota,2.81994661685703,0.997990838320074,0.0,192,6,4,Protists,Archaea,Cross group
NEG,Evosea,Thermoproteota,2.90778916139984,0.998241626582423,0.0,192,5,4,Protists,Archaea,Cross group
NEG,Heterolobosea,Thermoproteota,2.86259478772936,0.999186567442402,0.0,192,2,4,Protists,Archaea,Cross group
NEG,Methanobacteriota,Thermoproteota,0.921521921955401,0.913274917649811,0.333333333333333,192,17,4,Archaea,Archaea,Within group
NEG,Mollusca,Thermoproteota,2.77042486205636,0.993012469063435,0.0,192,2,4,Animalia,Archaea,Cross group
NEG,Mucoromycota,Thermoproteota,2.88428452460021,0.998891604682765,0.0,192,7,4,Fungi,Archaea,Cross group
NEG,Nematoda,Thermoproteota,3.17493113809209,0.993820040934734,0.0,192,3,4,Animalia,Archaea,Cross group
NEG,Pseudomonadota,Thermoproteota,2.05504061592115,0.997103011229835,0.0,192,8,4,Bacteria,Archaea,Cross group
NEG,Streptophyta,Thermoproteota,2.66033247084546,0.990706704183381,0.25,192,16,4,Viridiplantae,Archaea,Cross group
