feature_id,consensus_mz,consensus_rt,phylum,kingdom,discovery_method,biomarker_quality,biomarker_tier,annotation_tier,ms2_cached_class,ms2_cache_assigned,new_with_assigned_ms2_cache,new_without_current_annotation,processed_recovered_consensus_ms2_spectrum,processed_legacy_atlas,processed_harmonization_table,processed_ms2_classifier,processed_sirius_formula,processed_sirius_canopus,processed_dreams_atlas,processed_dreams_indval,processed_ms2lda_atlas,processed_ms2lda_indval,processed_fastmasst_atlas_summary,processed_fastmasst_atlas_cache,processed_fastmasst_indval_cache,processed_indval_ms2_spectrum,annotation_harmonized_annotation,annotation_ms2_assigned_class,annotation_sirius_formula,annotation_sirius_canopus,annotation_dreams_hit,annotation_fastmasst_hit,any_recovered_processing,any_recovered_annotation_evidence,needs_annotation_pipeline
A15_100580,688.513812,9.5873,Streptophyta,Viridiplantae,indval_consensus,IndVal,CrossBatch_Consensus,Unidentified,,,False,True,False,False,True,False,False,False,False,False,False,False,False,False,False,False,False,False,False,False,False,False,True,False,True
A15_1042,421.21952,1.6228,Streptophyta,Viridiplantae,indval_consensus,IndVal,CrossBatch_Consensus,Unidentified,,,False,True,False,False,True,False,False,False,False,False,False,False,False,False,False,False,False,False,False,False,False,False,True,False,True
A15_10421,547.242267,2.019,Mollusca,Animalia,composite,Platinum,Platinum,Unidentified,,,False,True,False,False,True,False,False,False,False,False,False,False,False,False,False,False,False,False,False,False,False,False,True,False,True
A15_10442,527.261446,2.2807,Streptophyta,Viridiplantae,indval_consensus,IndVal,CrossBatch_Consensus,Unidentified,,,False,True,False,False,True,False,False,False,False,False,False,False,False,False,False,False,False,False,False,False,False,False,True,False,True
A15_104771,477.393463,10.0617,Streptophyta,Viridiplantae,indval_consensus,IndVal,CrossBatch_Consensus,Unidentified,,,False,True,False,False,True,False,False,False,False,False,False,False,False,False,False,False,False,False,False,False,False,False,True,False,True
A15_104960,653.512871,10.1081,Chlorophyta,Viridiplantae,composite,Platinum,Platinum,Unidentified,,,False,True,False,False,True,False,False,False,False,False,False,False,False,False,False,False,False,False,False,False,False,False,True,False,True
A15_105122,812.583797,9.9848,Streptophyta,Viridiplantae,indval_consensus,IndVal,CrossBatch_Consensus,Unidentified,,,False,True,False,False,True,False,False,False,False,False,False,False,False,False,False,False,False,False,False,False,False,False,True,False,True
A15_105823,540.462263,10.0565,Streptophyta,Viridiplantae,indval_consensus,IndVal,CrossBatch_Consensus,Unidentified,,,False,True,False,False,True,False,False,False,False,False,False,False,False,False,False,False,False,False,False,False,False,False,True,False,True
A15_10590,405.261589,2.35,Streptophyta,Viridiplantae,indval_consensus,IndVal,CrossBatch_Consensus,Unidentified,,,False,True,False,False,True,False,False,False,False,False,False,False,False,False,False,False,False,False,False,False,False,False,True,False,True
A15_107538,620.489201,10.2785,Streptophyta,Viridiplantae,indval_consensus,IndVal,CrossBatch_Consensus,Unidentified,,,False,True,False,False,True,False,False,False,False,False,False,False,False,False,False,False,False,False,False,False,False,False,True,False,True
A15_107912,563.42876,10.3784,Streptophyta,Viridiplantae,indval_consensus,IndVal,CrossBatch_Consensus,Unidentified,,,False,True,False,False,True,False,False,False,False,False,False,False,False,False,False,False,False,False,False,False,False,False,True,False,True
A15_110543,624.483905,10.4803,Streptophyta,Viridiplantae,indval_consensus,IndVal,CrossBatch_Consensus,Unidentified,,,False,True,False,False,True,False,False,False,False,False,False,False,False,False,False,False,False,False,False,False,False,False,True,False,True
A15_110754,545.4189,10.6886,Streptophyta,Viridiplantae,indval_consensus,IndVal,CrossBatch_Consensus,Unidentified,,,False,True,False,False,True,False,False,False,False,False,False,False,False,False,False,False,False,False,False,False,False,False,True,False,True
A15_11326,399.250969,2.3322,Streptophyta,Viridiplantae,indval_consensus,IndVal,CrossBatch_Consensus,Unidentified,,,False,True,False,False,True,False,False,False,False,False,False,False,False,False,False,False,False,False,False,False,False,False,True,False,True
A15_11361,455.314502,2.3212,Streptophyta,Viridiplantae,indval_consensus,IndVal,CrossBatch_Consensus,Unidentified,,,False,True,False,False,True,False,False,False,False,False,False,False,False,False,False,False,False,False,False,False,False,False,True,False,True
A15_114317,757.522574,11.1246,Streptophyta,Viridiplantae,indval_consensus,IndVal,CrossBatch_Consensus,Unidentified,,,False,True,False,False,True,False,False,False,False,False,False,False,False,False,False,False,False,False,False,False,False,False,True,False,True
A15_117585,975.541587,11.6339,Streptophyta,Viridiplantae,indval_consensus,IndVal,CrossBatch_Consensus,Unidentified,,,False,True,False,False,True,False,False,False,False,False,False,False,False,False,False,False,False,False,False,False,False,False,True,False,True
A15_11786,405.274585,2.321,Arthropoda,Animalia,composite,Platinum,Platinum,Unidentified,,,False,True,False,False,True,False,False,False,False,False,False,False,False,False,False,False,False,False,False,False,False,False,True,False,True
A15_118517,698.534022,11.3493,Streptophyta,Viridiplantae,indval_consensus,IndVal,CrossBatch_Consensus,Unidentified,,,False,True,False,False,True,False,False,False,False,False,False,False,False,False,False,False,False,False,False,False,False,False,True,False,True
A15_120030,975.541501,11.7396,Streptophyta,Viridiplantae,indval_consensus,IndVal,CrossBatch_Consensus,Unidentified,,,False,True,False,False,True,False,False,False,False,False,False,False,False,False,False,False,False,False,False,False,False,False,True,False,True
A15_120976,531.44041,11.7131,Streptophyta,Viridiplantae,indval_consensus,IndVal,CrossBatch_Consensus,Unidentified,,,False,True,False,False,True,False,False,False,False,False,False,False,False,False,False,False,False,False,False,False,False,False,True,False,True
A15_121469,621.490957,11.8148,Streptophyta,Viridiplantae,indval_consensus,IndVal,CrossBatch_Consensus,Unidentified,,,False,True,False,False,True,False,False,False,False,False,False,False,False,False,False,False,False,False,False,False,False,False,True,False,True
A15_12189,527.261365,2.3238,Streptophyta,Viridiplantae,indval_consensus,IndVal,CrossBatch_Consensus,Unidentified,,,False,True,False,False,True,False,False,False,False,False,False,False,False,False,False,False,False,False,False,False,False,False,True,False,True
A15_124026,1651.044836,12.0797,Streptophyta,Viridiplantae,indval_consensus,IndVal,CrossBatch_Consensus,Unidentified,,,False,True,False,False,True,False,False,False,False,False,False,False,False,False,False,False,False,False,False,False,False,False,True,False,True
A15_124187,1668.07085,12.0945,Streptophyta,Viridiplantae,indval_consensus,IndVal,CrossBatch_Consensus,Unidentified,,,False,True,False,False,True,False,False,False,False,False,False,False,False,False,False,False,False,False,False,False,False,False,True,False,True
A15_125020,1685.09629,11.995,Streptophyta,Viridiplantae,indval_consensus,IndVal,CrossBatch_Consensus,Unidentified,,,False,True,False,False,True,False,False,False,False,False,False,False,False,False,False,False,False,False,False,False,False,False,True,False,True
A15_1268,323.184201,1.6326,Streptophyta,Viridiplantae,indval_consensus,IndVal,CrossBatch_Consensus,Bronze,Glycolipid,True,True,False,False,False,True,False,False,False,False,False,False,False,False,False,False,False,False,False,False,False,False,False,True,False,True
A15_128140,575.409794,12.3432,Arthropoda,Animalia,composite,Platinum,Platinum,Unidentified,,,False,True,False,False,True,False,False,False,False,False,False,False,False,False,False,False,False,False,False,False,False,False,True,False,True
A15_129415,813.490235,12.3868,Streptophyta,Viridiplantae,indval_consensus,IndVal,CrossBatch_Consensus,Unidentified,,,False,True,False,False,True,False,False,False,False,False,False,False,False,False,False,False,False,False,False,False,False,False,True,False,True
A15_133089,706.503067,12.834,Streptophyta,Viridiplantae,indval_consensus,IndVal,CrossBatch_Consensus,Unidentified,,,False,True,False,False,True,False,False,False,False,False,False,False,False,False,False,False,False,False,False,False,False,False,True,False,True
A15_1331,251.163735,1.6318,Streptophyta,Viridiplantae,indval_consensus,IndVal,CrossBatch_Consensus,Unidentified,,,False,True,False,False,True,False,False,False,False,False,False,False,False,False,False,False,False,False,False,False,False,False,True,False,True
A15_133508,693.545892,12.8933,Streptophyta,Viridiplantae,indval_consensus,IndVal,CrossBatch_Consensus,Unidentified,Unknown,False,False,True,False,False,True,False,False,False,False,False,False,False,False,False,False,False,False,False,False,False,False,False,True,False,True
A15_13359,652.382215,2.5193,Streptophyta,Viridiplantae,indval_consensus,IndVal,CrossBatch_Consensus,Unidentified,,,False,True,False,False,True,False,False,False,False,False,False,False,False,False,False,False,False,False,False,False,False,False,True,False,True
A15_134075,609.487532,12.833,Streptophyta,Viridiplantae,indval_consensus,IndVal,CrossBatch_Consensus,Unidentified,,,False,True,False,False,True,False,False,False,False,False,False,False,False,False,False,False,False,False,False,False,False,False,True,False,True
A15_13422,655.458446,2.6554,Streptophyta,Viridiplantae,indval_consensus,IndVal,CrossBatch_Consensus,Unidentified,,,False,True,False,False,True,False,False,False,False,False,False,False,False,False,False,False,False,False,False,False,False,False,True,False,True
A15_1353,569.29314,1.6564,Streptophyta,Viridiplantae,indval_consensus,IndVal,CrossBatch_Consensus,Unidentified,,,False,True,False,False,True,False,False,False,False,False,False,False,False,False,False,False,False,False,False,False,False,False,True,False,True
A15_13800,553.276862,2.5695,Streptophyta,Viridiplantae,indval_consensus,IndVal,CrossBatch_Consensus,Unidentified,,,False,True,False,False,True,False,False,False,False,False,False,False,False,False,False,False,False,False,False,False,False,False,True,False,True
A15_138182,1489.99539,12.985,Streptophyta,Viridiplantae,indval_consensus,IndVal,CrossBatch_Consensus,Unidentified,,,False,True,False,False,True,False,False,False,False,False,False,False,False,False,False,False,False,False,False,False,False,False,True,False,True
A15_139797,625.481904,13.466,Streptophyta,Viridiplantae,indval_consensus,IndVal,CrossBatch_Consensus,Unidentified,,,False,True,False,False,True,False,False,False,False,False,False,False,False,False,False,False,False,False,False,False,False,False,True,False,True
A15_140611,1327.994566,13.3657,Nematoda,Animalia,composite,Platinum,Platinum,Unidentified,,,False,True,False,False,True,False,False,False,False,False,False,False,False,False,False,False,False,False,False,False,False,False,True,False,True
A15_143152,1578.077929,13.7727,Streptophyta,Viridiplantae,indval_consensus,IndVal,CrossBatch_Consensus,Unidentified,,,False,True,False,False,True,False,False,False,False,False,False,False,False,False,False,False,False,False,False,False,False,False,True,False,True
A15_143775,795.576327,13.4458,Streptophyta,Viridiplantae,indval_consensus,IndVal,CrossBatch_Consensus,Unidentified,,,False,True,False,False,True,False,False,False,False,False,False,False,False,False,False,False,False,False,False,False,False,False,True,False,True
A15_144349,1629.100714,13.7511,Streptophyta,Viridiplantae,indval_consensus,IndVal,CrossBatch_Consensus,Unidentified,,,False,True,False,False,True,False,False,False,False,False,False,False,False,False,False,False,False,False,False,False,False,False,True,False,True
A15_149250,635.464726,14.3698,Streptophyta,Viridiplantae,indval_consensus,IndVal,CrossBatch_Consensus,Unidentified,,,False,True,False,False,True,False,False,False,False,False,False,False,False,False,False,False,False,False,False,False,False,False,True,False,True
A15_150814,841.574459,14.4537,Streptophyta,Viridiplantae,indval_consensus,IndVal,CrossBatch_Consensus,Unidentified,,,False,True,False,False,True,False,False,False,False,False,False,False,False,False,False,False,False,False,False,False,False,False,True,False,True
A15_15146,480.28024,2.7928,Evosea,Protists,composite,Platinum,Diamond,Unidentified,,,False,True,False,False,True,False,False,False,False,False,False,False,False,False,False,False,False,False,False,False,False,False,True,False,True
A15_15215,701.37074,2.7885,Streptophyta,Viridiplantae,indval_consensus,IndVal,CrossBatch_Consensus,Unidentified,,,False,True,False,False,True,False,False,False,False,False,False,False,False,False,False,False,False,False,False,False,False,False,True,False,True
A15_152211,741.444004,14.6675,Nematoda,Animalia,composite,Platinum,Platinum,Unidentified,,,False,True,False,False,True,False,False,False,False,False,False,False,False,False,False,False,False,False,False,False,False,False,True,False,True
A15_152825,1146.77615,14.4102,Nematoda,Animalia,composite,Platinum,Platinum,Unidentified,,,False,True,False,False,True,False,False,False,False,False,False,False,False,False,False,False,False,False,False,False,False,False,True,False,True
A15_16051,307.226307,2.8407,Streptophyta,Viridiplantae,indval_consensus,IndVal,CrossBatch_Consensus,Bronze,Phosphatidylcholine/Sphingomyelin,True,True,False,False,False,True,False,False,False,False,False,False,False,False,False,False,False,False,False,False,False,False,False,True,False,True
A15_1625,416.263847,1.6356,Streptophyta,Viridiplantae,indval_consensus,IndVal,CrossBatch_Consensus,Unidentified,,,False,True,False,False,True,False,False,False,False,False,False,False,False,False,False,False,False,False,False,False,False,False,True,False,True
A15_16597,817.467298,2.8144,Streptophyta,Viridiplantae,indval_consensus,IndVal,CrossBatch_Consensus,Unidentified,,,False,True,False,False,True,False,False,False,False,False,False,False,False,False,False,False,False,False,False,False,False,False,True,False,True
A15_1668,675.407429,1.6531,Streptophyta,Viridiplantae,indval_consensus,IndVal,CrossBatch_Consensus,Unidentified,,,False,True,False,False,True,False,False,False,False,False,False,False,False,False,False,False,False,False,False,False,False,False,True,False,True
A15_174291,875.636572,16.1171,Streptophyta,Viridiplantae,indval_consensus,IndVal,CrossBatch_Consensus,Unidentified,,,False,True,False,False,True,False,False,False,False,False,False,False,False,False,False,False,False,False,False,False,False,False,True,False,True
A15_175123,611.502411,16.2119,Streptophyta,Viridiplantae,indval_consensus,IndVal,CrossBatch_Consensus,Unidentified,,,False,True,False,False,True,False,False,False,False,False,False,False,False,False,False,False,False,False,False,False,False,False,True,False,True
A15_177149,986.763836,16.5835,Streptophyta,Viridiplantae,indval_consensus,IndVal,CrossBatch_Consensus,Unidentified,,,False,True,False,False,True,False,False,False,False,False,False,False,False,False,False,False,False,False,False,False,False,False,True,False,True
A15_179494,627.476978,16.4271,Streptophyta,Viridiplantae,indval_consensus,IndVal,CrossBatch_Consensus,Unidentified,,,False,True,False,False,True,False,False,False,False,False,False,False,False,False,False,False,False,False,False,False,False,False,True,False,True
A15_18034,645.434221,2.8903,Streptophyta,Viridiplantae,indval_consensus,IndVal,CrossBatch_Consensus,Unidentified,,,False,True,False,False,True,False,False,False,False,False,False,False,False,False,False,False,False,False,False,False,False,False,True,False,True
A15_181958,998.72219,16.8767,Streptophyta,Viridiplantae,indval_consensus,IndVal,CrossBatch_Consensus,Unidentified,,,False,True,False,False,True,False,False,False,False,False,False,False,False,False,False,False,False,False,False,False,False,False,True,False,True
A15_1821,748.427961,1.8245,Streptophyta,Viridiplantae,indval_consensus,IndVal,CrossBatch_Consensus,Unidentified,,,False,True,False,False,True,False,False,False,False,False,False,False,False,False,False,False,False,False,False,False,False,False,True,False,True
A15_182770,1028.773991,17.0189,Streptophyta,Viridiplantae,indval_consensus,IndVal,CrossBatch_Consensus,Unidentified,,,False,True,False,False,True,False,False,False,False,False,False,False,False,False,False,False,False,False,False,False,False,False,True,False,True
A15_185099,971.654781,17.3773,Chlorophyta,Viridiplantae,composite,Platinum,Platinum,Unidentified,,,False,True,False,False,True,False,False,False,False,False,False,False,False,False,False,False,False,False,False,False,False,False,True,False,True
A15_18823,1007.555578,2.7499,Streptophyta,Viridiplantae,indval_consensus,IndVal,CrossBatch_Consensus,Unidentified,,,False,True,False,False,True,False,False,False,False,False,False,False,False,False,False,False,False,False,False,False,False,False,True,False,True
A15_18895,573.375645,2.8072,Streptophyta,Viridiplantae,indval_consensus,IndVal,CrossBatch_Consensus,Bronze,Phosphatidylcholine/Sphingomyelin,True,True,False,False,False,True,False,False,False,False,False,False,False,False,False,False,False,False,False,False,False,False,False,True,False,True
A15_192822,1299.162485,18.019,Nematoda,Animalia,composite,Platinum,Platinum,Unidentified,,,False,True,False,False,True,False,False,False,False,False,False,False,False,False,False,False,False,False,False,False,False,False,True,False,True
A15_196133,1572.283443,18.2717,Nematoda,Animalia,composite,Platinum,Platinum,Unidentified,,,False,True,False,False,True,False,False,False,False,False,False,False,False,False,False,False,False,False,False,False,False,False,True,False,True
A15_198891,738.634775,18.3831,Streptophyta,Viridiplantae,indval_consensus,IndVal,CrossBatch_Consensus,Unidentified,,,False,True,False,False,True,False,False,False,False,False,False,False,False,False,False,False,False,False,False,False,False,False,True,False,True
A15_199430,748.632416,18.6342,Nematoda,Animalia,composite,Platinum,Platinum,Unidentified,,,False,True,False,False,True,False,False,False,False,False,False,False,False,False,False,False,False,False,False,False,False,False,True,False,True
A15_200842,770.54307,18.7351,Arthropoda,Animalia,composite,Platinum,Platinum,Unidentified,,,False,True,False,False,True,False,False,False,False,False,False,False,False,False,False,False,False,False,False,False,False,False,True,False,True
A15_204140,722.607442,18.9193,Streptophyta,Viridiplantae,indval_consensus,IndVal,CrossBatch_Consensus,Unidentified,,,False,True,False,False,True,False,False,False,False,False,False,False,False,False,False,False,False,False,False,False,False,False,True,False,True
A15_20566,760.424876,3.1649,Streptophyta,Viridiplantae,indval_consensus,IndVal,CrossBatch_Consensus,Unidentified,,,False,True,False,False,True,False,False,False,False,False,False,False,False,False,False,False,False,False,False,False,False,False,True,False,True
A15_2069,221.153365,1.8178,Streptophyta,Viridiplantae,indval_consensus,IndVal,CrossBatch_Consensus,Unidentified,,,False,True,False,False,True,False,False,False,False,False,False,False,False,False,False,False,False,False,False,False,False,False,True,False,True
A15_208830,1059.746329,19.4944,Streptophyta,Viridiplantae,indval_consensus,IndVal,CrossBatch_Consensus,Unidentified,,,False,True,False,False,True,False,False,False,False,False,False,False,False,False,False,False,False,False,False,False,False,False,True,False,True
A15_2154,333.242162,1.7659,Streptophyta,Viridiplantae,indval_consensus,IndVal,CrossBatch_Consensus,Unidentified,,,False,True,False,False,True,False,False,False,False,False,False,False,False,False,False,False,False,False,False,False,False,False,True,False,True
A15_215767,1742.137556,20.2723,Streptophyta,Viridiplantae,indval_consensus,IndVal,CrossBatch_Consensus,Unidentified,,,False,True,False,False,True,False,False,False,False,False,False,False,False,False,False,False,False,False,False,False,False,False,True,False,True
A15_218534,943.679487,20.7738,Nematoda,Animalia,composite,Platinum,Platinum,Unidentified,,,False,True,False,False,True,False,False,False,False,False,False,False,False,False,False,False,False,False,False,False,False,False,True,False,True
A15_21905,459.383423,3.3232,Streptophyta,Viridiplantae,indval_consensus,IndVal,CrossBatch_Consensus,Unidentified,,,False,True,False,False,True,False,False,False,False,False,False,False,False,False,False,False,False,False,False,False,False,False,True,False,True
A15_219295,777.650655,20.7306,Streptophyta,Viridiplantae,indval_consensus,IndVal,CrossBatch_Consensus,Unidentified,,,False,True,False,False,True,False,False,False,False,False,False,False,False,False,False,False,False,False,False,False,False,False,True,False,True
A15_219838,609.582562,21.1036,Nematoda,Animalia,composite,Platinum,Platinum,Unidentified,,,False,True,False,False,True,False,False,False,False,False,False,False,False,False,False,False,False,False,False,False,False,False,True,False,True
A15_222249,1501.005346,21.616,Nematoda,Animalia,composite,Platinum,Platinum,Unidentified,,,False,True,False,False,True,False,False,False,False,False,False,False,False,False,False,False,False,False,False,False,False,False,True,False,True
A15_222590,1526.014043,21.6962,Nematoda,Animalia,composite,Platinum,Diamond,Unidentified,,,False,True,False,False,True,False,False,False,False,False,False,False,False,False,False,False,False,False,False,False,False,False,True,False,True
A15_223277,1575.011694,21.8839,Nematoda,Animalia,composite,Platinum,Platinum,Unidentified,,,False,True,False,False,True,False,False,False,False,False,False,False,False,False,False,False,False,False,False,False,False,False,True,False,True
A15_223548,1554.039273,21.9273,Nematoda,Animalia,composite,Platinum,Diamond,Unidentified,,,False,True,False,False,True,False,False,False,False,False,False,False,False,False,False,False,False,False,False,False,False,False,True,False,True
A15_224118,1529.033577,22.1539,Nematoda,Animalia,composite,Platinum,Platinum,Unidentified,,,False,True,False,False,True,False,False,False,False,False,False,False,False,False,False,False,False,False,False,False,False,False,True,False,True
A15_224552,1554.040716,22.2304,Nematoda,Animalia,composite,Platinum,Diamond,Unidentified,,,False,True,False,False,True,False,False,False,False,False,False,False,False,False,False,False,False,False,False,False,False,False,True,False,True
A15_226187,942.702866,22.8441,Nematoda,Animalia,composite,Platinum,Platinum,Unidentified,,,False,True,False,False,True,False,False,False,False,False,False,False,False,False,False,False,False,False,False,False,False,False,True,False,True
A15_228770,917.756378,24.0773,Nematoda,Animalia,composite,Platinum,Platinum,Unidentified,,,False,True,False,False,True,False,False,False,False,False,False,False,False,False,False,False,False,False,False,False,False,False,True,False,True
A15_238,446.310973,1.7,Streptophyta,Viridiplantae,indval_consensus,IndVal,CrossBatch_Consensus,Unidentified,,,False,True,False,False,True,False,False,False,False,False,False,False,False,False,False,False,False,False,False,False,False,False,True,False,True
A15_24725,249.14814,3.3756,Streptophyta,Viridiplantae,indval_consensus,IndVal,CrossBatch_Consensus,Unidentified,,,False,True,False,False,True,False,False,False,False,False,False,False,False,False,False,False,False,False,False,False,False,False,True,False,True
A15_27281,1021.762829,3.9228,Chlorophyta,Viridiplantae,composite,Platinum,Platinum,Unidentified,,,False,True,False,False,True,False,False,False,False,False,False,False,False,False,False,False,False,False,False,False,False,False,True,False,True
A15_27969,408.30973,3.6092,Streptophyta,Viridiplantae,indval_consensus,IndVal,CrossBatch_Consensus,Unidentified,,,False,True,False,False,True,False,False,False,False,False,False,False,False,False,False,False,False,False,False,False,False,False,True,False,True
A15_29928,649.448883,3.6749,Streptophyta,Viridiplantae,indval_consensus,IndVal,CrossBatch_Consensus,Bronze,Phosphatidylcholine/Sphingomyelin,True,True,False,False,False,True,False,False,False,False,False,False,False,False,False,False,False,False,False,False,False,False,False,True,False,True
A15_30235,473.325364,3.9063,Streptophyta,Viridiplantae,indval_consensus,IndVal,CrossBatch_Consensus,Unidentified,,,False,True,False,False,True,False,False,False,False,False,False,False,False,False,False,False,False,False,False,False,False,False,True,False,True
A15_30672,758.46119,3.9377,Streptophyta,Viridiplantae,indval_consensus,IndVal,CrossBatch_Consensus,Unidentified,,,False,True,False,False,True,False,False,False,False,False,False,False,False,False,False,False,False,False,False,False,False,False,True,False,True
A15_30935,403.282341,3.9191,Streptophyta,Viridiplantae,indval_consensus,IndVal,CrossBatch_Consensus,Unidentified,,,False,True,False,False,True,False,False,False,False,False,False,False,False,False,False,False,False,False,False,False,False,False,True,False,True
A15_31283,589.446339,3.8565,Streptophyta,Viridiplantae,indval_consensus,IndVal,CrossBatch_Consensus,Unidentified,,,False,True,False,False,True,False,False,False,False,False,False,False,False,False,False,False,False,False,False,False,False,False,True,False,True
A15_31488,485.323555,4.2064,Streptophyta,Viridiplantae,indval_consensus,IndVal,CrossBatch_Consensus,Unidentified,,,False,True,False,False,True,False,False,False,False,False,False,False,False,False,False,False,False,False,False,False,False,False,True,False,True
A15_31574,652.441537,3.9243,Streptophyta,Viridiplantae,indval_consensus,IndVal,CrossBatch_Consensus,Unidentified,,,False,True,False,False,True,False,False,False,False,False,False,False,False,False,False,False,False,False,False,False,False,False,True,False,True
A15_31647,1312.562686,4.1983,Arthropoda,Animalia,composite,Platinum,Platinum,Unidentified,,,False,True,False,False,True,False,False,False,False,False,False,False,False,False,False,False,False,False,False,False,False,False,True,False,True
A15_31668,638.424264,4.1273,Streptophyta,Viridiplantae,indval_consensus,IndVal,CrossBatch_Consensus,Unidentified,,,False,True,False,False,True,False,False,False,False,False,False,False,False,False,False,False,False,False,False,False,False,False,True,False,True
A15_31928,607.398735,3.9603,Streptophyta,Viridiplantae,indval_consensus,IndVal,CrossBatch_Consensus,Unidentified,,,False,True,False,False,True,False,False,False,False,False,False,False,False,False,False,False,False,False,False,False,False,False,True,False,True
A15_34931,475.381214,4.2424,Streptophyta,Viridiplantae,indval_consensus,IndVal,CrossBatch_Consensus,Bronze,Phosphatidylcholine/Sphingomyelin,True,True,False,False,False,True,False,False,False,False,False,False,False,False,False,False,False,False,False,False,False,False,False,True,False,True
A15_35076,737.465174,4.3347,Chlorophyta,Viridiplantae,composite,Platinum,Platinum,Unidentified,,,False,True,False,False,True,False,False,False,False,False,False,False,False,False,False,False,False,False,False,False,False,False,True,False,True
A15_3522,669.310656,1.7321,Chlorophyta,Viridiplantae,composite,Platinum,Platinum,Unidentified,,,False,True,False,False,True,False,False,False,False,False,False,False,False,False,False,False,False,False,False,False,False,False,True,False,True
A15_35229,685.468119,4.3663,Streptophyta,Viridiplantae,indval_consensus,IndVal,CrossBatch_Consensus,Unidentified,,,False,True,False,False,True,False,False,False,False,False,False,False,False,False,False,False,False,False,False,False,False,False,True,False,True
A15_36789,419.351883,4.6202,Streptophyta,Viridiplantae,indval_consensus,IndVal,CrossBatch_Consensus,Unidentified,,,False,True,False,False,True,False,False,False,False,False,False,False,False,False,False,False,False,False,False,False,False,False,True,False,True
A15_37103,405.262653,4.4061,Streptophyta,Viridiplantae,indval_consensus,IndVal,CrossBatch_Consensus,Unidentified,,,False,True,False,False,True,False,False,False,False,False,False,False,False,False,False,False,False,False,False,False,False,False,True,False,True
A15_38235,654.435453,4.5401,Streptophyta,Viridiplantae,indval_consensus,IndVal,CrossBatch_Consensus,Unidentified,,,False,True,False,False,True,False,False,False,False,False,False,False,False,False,False,False,False,False,False,False,False,False,True,False,True
A15_38356,629.456995,4.7382,Streptophyta,Viridiplantae,indval_consensus,IndVal,CrossBatch_Consensus,Unidentified,,,False,True,False,False,True,False,False,False,False,False,False,False,False,False,False,False,False,False,False,False,False,False,True,False,True
A15_39172,365.247864,4.6241,Chlorophyta,Viridiplantae,composite,Platinum,Platinum,Unidentified,,,False,True,False,False,True,False,False,False,False,False,False,False,False,False,False,False,False,False,False,False,False,False,True,False,True
A15_39296,419.352108,4.6778,Streptophyta,Viridiplantae,indval_consensus,IndVal,CrossBatch_Consensus,Unidentified,,,False,True,False,False,True,False,False,False,False,False,False,False,False,False,False,False,False,False,False,False,False,False,True,False,True
A15_41425,667.416961,4.685,Streptophyta,Viridiplantae,indval_consensus,IndVal,CrossBatch_Consensus,Unidentified,,,False,True,False,False,True,False,False,False,False,False,False,False,False,False,False,False,False,False,False,False,False,False,True,False,True
A15_42332,762.491134,4.7972,Streptophyta,Viridiplantae,indval_consensus,IndVal,CrossBatch_Consensus,Unidentified,,,False,True,False,False,True,False,False,False,False,False,False,False,False,False,False,False,False,False,False,False,False,False,True,False,True
A15_42787,685.413693,4.9607,Streptophyta,Viridiplantae,indval_consensus,IndVal,CrossBatch_Consensus,Unidentified,Unknown,False,False,True,False,False,True,False,False,False,False,False,False,False,False,False,False,False,False,False,False,False,False,False,True,False,True
A15_4290,572.379176,1.8091,Streptophyta,Viridiplantae,indval_consensus,IndVal,CrossBatch_Consensus,Unidentified,,,False,True,False,False,True,False,False,False,False,False,False,False,False,False,False,False,False,False,False,False,False,False,True,False,True
A15_44446,655.397075,5.1465,Streptophyta,Viridiplantae,indval_consensus,IndVal,CrossBatch_Consensus,Unidentified,,,False,True,False,False,True,False,False,False,False,False,False,False,False,False,False,False,False,False,False,False,False,False,True,False,True
A15_451,360.237575,1.7099,Streptophyta,Viridiplantae,indval_consensus,IndVal,CrossBatch_Consensus,Unidentified,,,False,True,False,False,True,False,False,False,False,False,False,False,False,False,False,False,False,False,False,False,False,False,True,False,True
A15_45509,371.294599,5.0348,Arthropoda,Animalia,composite,Platinum,Platinum,Unidentified,,,False,True,False,False,True,False,False,False,False,False,False,False,False,False,False,False,False,False,False,False,False,False,True,False,True
A15_46171,842.556833,5.2182,Streptophyta,Viridiplantae,indval_consensus,IndVal,CrossBatch_Consensus,Unidentified,,,False,True,False,False,True,False,False,False,False,False,False,False,False,False,False,False,False,False,False,False,False,False,True,False,True
A15_48203,458.370827,5.25,Arthropoda,Animalia,composite,Platinum,Platinum,Unidentified,,,False,True,False,False,True,False,False,False,False,False,False,False,False,False,False,False,False,False,False,False,False,False,True,False,True
A15_49540,565.351091,5.1662,Streptophyta,Viridiplantae,indval_consensus,IndVal,CrossBatch_Consensus,Unidentified,,,False,True,False,False,True,False,False,False,False,False,False,False,False,False,False,False,False,False,False,False,False,False,True,False,True
A15_50244,710.519691,5.5271,Streptophyta,Viridiplantae,indval_consensus,IndVal,CrossBatch_Consensus,Unidentified,,,False,True,False,False,True,False,False,False,False,False,False,False,False,False,False,False,False,False,False,False,False,False,True,False,True
A15_50811,431.314396,5.5199,Streptophyta,Viridiplantae,indval_consensus,IndVal,CrossBatch_Consensus,Unidentified,Unknown,False,False,True,False,False,True,False,False,False,False,False,False,False,False,False,False,False,False,False,False,False,False,False,True,False,True
A15_51177,564.448173,5.776,Streptophyta,Viridiplantae,indval_consensus,IndVal,CrossBatch_Consensus,Unidentified,,,False,True,False,False,True,False,False,False,False,False,False,False,False,False,False,False,False,False,False,False,False,False,True,False,True
A15_52580,612.429735,5.8287,Streptophyta,Viridiplantae,indval_consensus,IndVal,CrossBatch_Consensus,Unidentified,,,False,True,False,False,True,False,False,False,False,False,False,False,False,False,False,False,False,False,False,False,False,False,True,False,True
A15_53041,752.493863,5.6427,Streptophyta,Viridiplantae,indval_consensus,IndVal,CrossBatch_Consensus,Unidentified,,,False,True,False,False,True,False,False,False,False,False,False,False,False,False,False,False,False,False,False,False,False,False,True,False,True
A15_53986,413.362294,5.7433,Streptophyta,Viridiplantae,indval_consensus,IndVal,CrossBatch_Consensus,Unidentified,,,False,True,False,False,True,False,False,False,False,False,False,False,False,False,False,False,False,False,False,False,False,False,True,False,True
A15_54235,612.430183,5.8937,Streptophyta,Viridiplantae,indval_consensus,IndVal,CrossBatch_Consensus,Unidentified,,,False,True,False,False,True,False,False,False,False,False,False,False,False,False,False,False,False,False,False,False,False,False,True,False,True
A15_54512,666.457421,5.8706,Streptophyta,Viridiplantae,indval_consensus,IndVal,CrossBatch_Consensus,Unidentified,Unknown,False,False,True,False,False,True,False,False,False,False,False,False,False,False,False,False,False,False,False,False,False,False,False,True,False,True
A15_54676,412.341397,5.7349,Streptophyta,Viridiplantae,indval_consensus,IndVal,CrossBatch_Consensus,Unidentified,,,False,True,False,False,True,False,False,False,False,False,False,False,False,False,False,False,False,False,False,False,False,False,True,False,True
A15_548,607.380262,1.7282,Streptophyta,Viridiplantae,indval_consensus,IndVal,CrossBatch_Consensus,Unidentified,,,False,True,False,False,True,False,False,False,False,False,False,False,False,False,False,False,False,False,False,False,False,False,True,False,True
A15_54965,757.45031,5.8453,Streptophyta,Viridiplantae,indval_consensus,IndVal,CrossBatch_Consensus,Unidentified,,,False,True,False,False,True,False,False,False,False,False,False,False,False,False,False,False,False,False,False,False,False,False,True,False,True
A15_55315,746.494483,5.8059,Streptophyta,Viridiplantae,indval_consensus,IndVal,CrossBatch_Consensus,Unidentified,,,False,True,False,False,True,False,False,False,False,False,False,False,False,False,False,False,False,False,False,False,False,False,True,False,True
A15_55849,442.330674,6.0352,Basidiomycota,Fungi,indval_consensus,IndVal,CrossBatch_Consensus,Unidentified,,,False,True,False,False,True,False,False,False,False,False,False,False,False,False,False,False,False,False,False,False,False,False,True,False,True
A15_56533,826.563258,6.1582,Streptophyta,Viridiplantae,indval_consensus,IndVal,CrossBatch_Consensus,Unidentified,,,False,True,False,False,True,False,False,False,False,False,False,False,False,False,False,False,False,False,False,False,False,False,True,False,True
A15_5749,499.303681,1.9164,Streptophyta,Viridiplantae,indval_consensus,IndVal,CrossBatch_Consensus,Unidentified,,,False,True,False,False,True,False,False,False,False,False,False,False,False,False,False,False,False,False,False,False,False,False,True,False,True
A15_58117,634.445784,6.2921,Streptophyta,Viridiplantae,indval_consensus,IndVal,CrossBatch_Consensus,Unidentified,,,False,True,False,False,True,False,False,False,False,False,False,False,False,False,False,False,False,False,False,False,False,False,True,False,True
A15_59411,727.475924,6.3475,Streptophyta,Viridiplantae,indval_consensus,IndVal,CrossBatch_Consensus,Unidentified,Unknown,False,False,True,False,False,True,False,False,False,False,False,False,False,False,False,False,False,False,False,False,False,False,False,True,False,True
A15_60757,682.467248,6.3489,Streptophyta,Viridiplantae,indval_consensus,IndVal,CrossBatch_Consensus,Bronze,Acylglycerol/Glycerophospholipid,True,True,False,False,False,True,False,False,False,False,False,False,False,False,False,False,False,False,False,False,False,False,False,True,False,True
A15_61134,1007.532532,6.6228,Streptophyta,Viridiplantae,composite,Platinum,Platinum,Unidentified,,,False,True,False,False,True,False,False,False,False,False,False,False,False,False,False,False,False,False,False,False,False,False,True,False,True
A15_61876,1007.532521,6.6388,Streptophyta,Viridiplantae,composite,Platinum,Platinum,Unidentified,,,False,True,False,False,True,False,False,False,False,False,False,False,False,False,False,False,False,False,False,False,False,False,True,False,True
A15_622,434.274775,1.6491,Streptophyta,Viridiplantae,indval_consensus,IndVal,CrossBatch_Consensus,Unidentified,,,False,True,False,False,True,False,False,False,False,False,False,False,False,False,False,False,False,False,False,False,False,False,True,False,True
A15_6222,459.235875,1.8776,Streptophyta,Viridiplantae,indval_consensus,IndVal,CrossBatch_Consensus,Unidentified,,,False,True,False,False,True,False,False,False,False,False,False,False,False,False,False,False,False,False,False,False,False,False,True,False,True
A15_62556,415.299415,6.4198,Streptophyta,Viridiplantae,indval_consensus,IndVal,CrossBatch_Consensus,Unidentified,,,False,True,False,False,True,False,False,False,False,False,False,False,False,False,False,False,False,False,False,False,False,False,True,False,True
A15_65490,543.40306,6.8462,Streptophyta,Viridiplantae,indval_consensus,IndVal,CrossBatch_Consensus,Unidentified,Unknown,False,False,True,False,False,True,False,False,False,False,False,False,False,False,False,False,False,False,False,False,False,False,False,True,False,True
A15_66971,779.515088,6.6188,Streptophyta,Viridiplantae,indval_consensus,IndVal,CrossBatch_Consensus,Bronze,Phosphatidylcholine/Sphingomyelin,True,True,False,False,False,True,False,False,False,False,False,False,False,False,False,False,False,False,False,False,False,False,False,True,False,True
A15_67430,711.4218,6.9267,Streptophyta,Viridiplantae,indval_consensus,IndVal,CrossBatch_Consensus,Unidentified,,,False,True,False,False,True,False,False,False,False,False,False,False,False,False,False,False,False,False,False,False,False,False,True,False,True
A15_68289,599.430282,6.8453,Streptophyta,Viridiplantae,indval_consensus,IndVal,CrossBatch_Consensus,Unidentified,,,False,True,False,False,True,False,False,False,False,False,False,False,False,False,False,False,False,False,False,False,False,False,True,False,True
A15_68768,631.473257,6.8921,Streptophyta,Viridiplantae,indval_consensus,IndVal,CrossBatch_Consensus,Unidentified,,,False,True,False,False,True,False,False,False,False,False,False,False,False,False,False,False,False,False,False,False,False,False,True,False,True
A15_691,425.230421,1.7862,Streptophyta,Viridiplantae,indval_consensus,IndVal,CrossBatch_Consensus,Unidentified,,,False,True,False,False,True,False,False,False,False,False,False,False,False,False,False,False,False,False,False,False,False,False,True,False,True
A15_69519,975.563484,6.9516,Streptophyta,Viridiplantae,indval_consensus,IndVal,CrossBatch_Consensus,Unidentified,,,False,True,False,False,True,False,False,False,False,False,False,False,False,False,False,False,False,False,False,False,False,False,True,False,True
A15_69525,970.609381,7.0333,Streptophyta,Viridiplantae,indval_consensus,IndVal,CrossBatch_Consensus,Unidentified,Unknown,False,False,True,False,False,True,False,False,False,False,False,False,False,False,False,False,False,False,False,False,False,False,False,True,False,True
A15_6991,525.179987,2.0489,Arthropoda,Animalia,composite,Platinum,Platinum,Unidentified,,,False,True,False,False,True,False,False,False,False,False,False,False,False,False,False,False,False,False,False,False,False,False,True,False,True
A15_70259,565.424928,7.059,Streptophyta,Viridiplantae,indval_consensus,IndVal,CrossBatch_Consensus,Unidentified,,,False,True,False,False,True,False,False,False,False,False,False,False,False,False,False,False,False,False,False,False,False,False,True,False,True
A15_70652,719.44479,7.1895,Streptophyta,Viridiplantae,indval_consensus,IndVal,CrossBatch_Consensus,Unidentified,,,False,True,False,False,True,False,False,False,False,False,False,False,False,False,False,False,False,False,False,False,False,False,True,False,True
A15_7196,542.206733,2.0395,Arthropoda,Animalia,composite,Platinum,Platinum,Unidentified,,,False,True,False,False,True,False,False,False,False,False,False,False,False,False,False,False,False,False,False,False,False,False,True,False,True
A15_72164,803.525931,7.1147,Streptophyta,Viridiplantae,indval_consensus,IndVal,CrossBatch_Consensus,Unidentified,,,False,True,False,False,True,False,False,False,False,False,False,False,False,False,False,False,False,False,False,False,False,False,True,False,True
A15_72292,935.572857,7.1418,Streptophyta,Viridiplantae,indval_consensus,IndVal,CrossBatch_Consensus,Unidentified,,,False,True,False,False,True,False,False,False,False,False,False,False,False,False,False,False,False,False,False,False,False,False,True,False,True
A15_73710,494.347071,7.2087,Chlorophyta,Viridiplantae,composite,Platinum,Platinum,Unidentified,,,False,True,False,False,True,False,False,False,False,False,False,False,False,False,False,False,False,False,False,False,False,False,True,False,True
A15_74960,563.428962,7.3276,Streptophyta,Viridiplantae,indval_consensus,IndVal,CrossBatch_Consensus,Unidentified,,,False,True,False,False,True,False,False,False,False,False,False,False,False,False,False,False,False,False,False,False,False,False,True,False,True
A15_755,385.237264,1.7006,Streptophyta,Viridiplantae,indval_consensus,IndVal,CrossBatch_Consensus,Unidentified,,,False,True,False,False,True,False,False,False,False,False,False,False,False,False,False,False,False,False,False,False,False,False,True,False,True
A15_7747,331.166085,2.2711,Streptophyta,Viridiplantae,indval_consensus,IndVal,CrossBatch_Consensus,Unidentified,,,False,True,False,False,True,False,False,False,False,False,False,False,False,False,False,False,False,False,False,False,False,False,True,False,True
A15_79153,493.388135,7.6731,Streptophyta,Viridiplantae,indval_consensus,IndVal,CrossBatch_Consensus,Unidentified,,,False,True,False,False,True,False,False,False,False,False,False,False,False,False,False,False,False,False,False,False,False,False,True,False,True
A15_80258,652.45585,7.8342,Streptophyta,Viridiplantae,indval_consensus,IndVal,CrossBatch_Consensus,Unidentified,,,False,True,False,False,True,False,False,False,False,False,False,False,False,False,False,False,False,False,False,False,False,False,True,False,True
A15_80390,768.517609,8.0141,Streptophyta,Viridiplantae,indval_consensus,IndVal,CrossBatch_Consensus,Unidentified,,,False,True,False,False,True,False,False,False,False,False,False,False,False,False,False,False,False,False,False,False,False,False,True,False,True
A15_80697,816.502475,7.9502,Streptophyta,Viridiplantae,indval_consensus,IndVal,CrossBatch_Consensus,Bronze,Phosphatidylcholine/Sphingomyelin,True,True,False,False,False,True,False,False,False,False,False,False,False,False,False,False,False,False,False,False,False,False,False,True,False,True
A15_80819,747.502109,7.9373,Streptophyta,Viridiplantae,indval_consensus,IndVal,CrossBatch_Consensus,Unidentified,Unknown,False,False,True,False,False,True,False,False,False,False,False,False,False,False,False,False,False,False,False,False,False,False,False,True,False,True
A15_81623,833.527287,7.6796,Streptophyta,Viridiplantae,indval_consensus,IndVal,CrossBatch_Consensus,Unidentified,Unknown,False,False,True,False,False,True,False,False,False,False,False,False,False,False,False,False,False,False,False,False,False,False,False,True,False,True
A15_81695,837.477973,8.0516,Streptophyta,Viridiplantae,indval_consensus,IndVal,CrossBatch_Consensus,Unidentified,,,False,True,False,False,True,False,False,False,False,False,False,False,False,False,False,False,False,False,False,False,False,False,True,False,True
A15_81944,560.432136,7.7935,Streptophyta,Viridiplantae,indval_consensus,IndVal,CrossBatch_Consensus,Unidentified,,,False,True,False,False,True,False,False,False,False,False,False,False,False,False,False,False,False,False,False,False,False,False,True,False,True
A15_82025,628.460334,8.0767,Streptophyta,Viridiplantae,indval_consensus,IndVal,CrossBatch_Consensus,Unidentified,,,False,True,False,False,True,False,False,False,False,False,False,False,False,False,False,False,False,False,False,False,False,False,True,False,True
A15_82239,552.425591,8.0164,Streptophyta,Viridiplantae,indval_consensus,IndVal,CrossBatch_Consensus,Unidentified,,,False,True,False,False,True,False,False,False,False,False,False,False,False,False,False,False,False,False,False,False,False,False,True,False,True
A15_82530,755.41277,8.0188,Chlorophyta,Viridiplantae,composite,Platinum,Platinum,Unidentified,,,False,True,False,False,True,False,False,False,False,False,False,False,False,False,False,False,False,False,False,False,False,False,True,False,True
A15_83476,800.544277,7.8876,Streptophyta,Viridiplantae,indval_consensus,IndVal,CrossBatch_Consensus,Unidentified,,,False,True,False,False,True,False,False,False,False,False,False,False,False,False,False,False,False,False,False,False,False,False,True,False,True
A15_83628,481.38713,7.9509,Streptophyta,Viridiplantae,indval_consensus,IndVal,CrossBatch_Consensus,Unidentified,,,False,True,False,False,True,False,False,False,False,False,False,False,False,False,False,False,False,False,False,False,False,False,True,False,True
A15_83808,459.402935,8.1878,Streptophyta,Viridiplantae,indval_consensus,IndVal,CrossBatch_Consensus,Unidentified,,,False,True,False,False,True,False,False,False,False,False,False,False,False,False,False,False,False,False,False,False,False,False,True,False,True
A15_84055,784.553646,8.0465,Streptophyta,Viridiplantae,indval_consensus,IndVal,CrossBatch_Consensus,Unidentified,,,False,True,False,False,True,False,False,False,False,False,False,False,False,False,False,False,False,False,False,False,False,False,True,False,True
A15_84286,589.408093,8.1766,Streptophyta,Viridiplantae,indval_consensus,IndVal,CrossBatch_Consensus,Unidentified,,,False,True,False,False,True,False,False,False,False,False,False,False,False,False,False,False,False,False,False,False,False,False,True,False,True
A15_85610,517.38788,8.3535,Streptophyta,Viridiplantae,indval_consensus,IndVal,CrossBatch_Consensus,Bronze,Phosphatidylcholine/Sphingomyelin,True,True,False,False,False,True,False,False,False,False,False,False,False,False,False,False,False,False,False,False,False,False,False,True,False,True
A15_86599,499.357798,8.39,Chlorophyta,Viridiplantae,composite,Platinum,Platinum,Unidentified,,,False,True,False,False,True,False,False,False,False,False,False,False,False,False,False,False,False,False,False,False,False,False,True,False,True
A15_87823,950.634064,8.6156,Streptophyta,Viridiplantae,indval_consensus,IndVal,CrossBatch_Consensus,Unidentified,,,False,True,False,False,True,False,False,False,False,False,False,False,False,False,False,False,False,False,False,False,False,False,True,False,True
A15_88024,784.552414,8.692,Streptophyta,Viridiplantae,indval_consensus,IndVal,CrossBatch_Consensus,Unidentified,,,False,True,False,False,True,False,False,False,False,False,False,False,False,False,False,False,False,False,False,False,False,False,True,False,True
A15_88717,679.453684,8.4474,Streptophyta,Viridiplantae,indval_consensus,IndVal,CrossBatch_Consensus,Unidentified,,,False,True,False,False,True,False,False,False,False,False,False,False,False,False,False,False,False,False,False,False,False,False,True,False,True
A15_89005,510.415109,8.7217,Streptophyta,Viridiplantae,indval_consensus,IndVal,CrossBatch_Consensus,Unidentified,,,False,True,False,False,True,False,False,False,False,False,False,False,False,False,False,False,False,False,False,False,False,False,True,False,True
A15_89136,970.609759,8.626,Streptophyta,Viridiplantae,indval_consensus,IndVal,CrossBatch_Consensus,Unidentified,,,False,True,False,False,True,False,False,False,False,False,False,False,False,False,False,False,False,False,False,False,False,False,True,False,True
A15_89344,975.564359,8.6651,Streptophyta,Viridiplantae,indval_consensus,IndVal,CrossBatch_Consensus,Unidentified,,,False,True,False,False,True,False,False,False,False,False,False,False,False,False,False,False,False,False,False,False,False,False,True,False,True
A15_89677,447.382689,8.6281,Streptophyta,Viridiplantae,indval_consensus,IndVal,CrossBatch_Consensus,Unidentified,,,False,True,False,False,True,False,False,False,False,False,False,False,False,False,False,False,False,False,False,False,False,False,True,False,True
A15_89997,635.469112,8.5431,Streptophyta,Viridiplantae,indval_consensus,IndVal,CrossBatch_Consensus,Unidentified,Unknown,False,False,True,False,False,True,False,False,False,False,False,False,False,False,False,False,False,False,False,False,False,False,False,True,False,True
A15_90664,788.505612,8.8027,Streptophyta,Viridiplantae,indval_consensus,IndVal,CrossBatch_Consensus,Unidentified,,,False,True,False,False,True,False,False,False,False,False,False,False,False,False,False,False,False,False,False,False,False,False,True,False,True
A15_91113,868.543137,9.0178,Streptophyta,Viridiplantae,indval_consensus,IndVal,CrossBatch_Consensus,Unidentified,,,False,True,False,False,True,False,False,False,False,False,False,False,False,False,False,False,False,False,False,False,False,False,True,False,True
A15_92813,681.511765,9.2439,Streptophyta,Viridiplantae,indval_consensus,IndVal,CrossBatch_Consensus,Unidentified,,,False,True,False,False,True,False,False,False,False,False,False,False,False,False,False,False,False,False,False,False,False,False,True,False,True
A15_92839,469.401963,8.971,Streptophyta,Viridiplantae,indval_consensus,IndVal,CrossBatch_Consensus,Unidentified,,,False,True,False,False,True,False,False,False,False,False,False,False,False,False,False,False,False,False,False,False,False,False,True,False,True
A15_9337,357.18248,2.1451,Arthropoda,Animalia,composite,Platinum,Platinum,Unidentified,,,False,True,False,False,True,False,False,False,False,False,False,False,False,False,False,False,False,False,False,False,False,False,True,False,True
A15_936,353.194922,1.6342,Streptophyta,Viridiplantae,indval_consensus,IndVal,CrossBatch_Consensus,Bronze,Digalactolipid,True,True,False,False,False,True,False,False,False,False,False,False,False,False,False,False,False,False,False,False,False,False,False,True,False,True
A15_94353,433.366796,8.9923,Streptophyta,Viridiplantae,indval_consensus,IndVal,CrossBatch_Consensus,Unidentified,,,False,True,False,False,True,False,False,False,False,False,False,False,False,False,False,False,False,False,False,False,False,False,True,False,True
A15_94894,847.496228,8.9721,Streptophyta,Viridiplantae,indval_consensus,IndVal,CrossBatch_Consensus,Unidentified,,,False,True,False,False,True,False,False,False,False,False,False,False,False,False,False,False,False,False,False,False,False,False,True,False,True
A15_95228,673.480466,9.2844,Streptophyta,Viridiplantae,indval_consensus,IndVal,CrossBatch_Consensus,Unidentified,,,False,True,False,False,True,False,False,False,False,False,False,False,False,False,False,False,False,False,False,False,False,False,True,False,True
A15_96088,979.594146,9.3398,Streptophyta,Viridiplantae,composite,Platinum,Platinum,Unidentified,,,False,True,False,False,True,False,False,False,False,False,False,False,False,False,False,False,False,False,False,False,False,False,True,False,True
A15_96615,857.597313,9.1649,Chlorophyta,Viridiplantae,composite,Platinum,Platinum,Unidentified,,,False,True,False,False,True,False,False,False,False,False,False,False,False,False,False,False,False,False,False,False,False,False,True,False,True
A15_99520,776.50756,9.7479,Streptophyta,Viridiplantae,indval_consensus,IndVal,CrossBatch_Consensus,Unidentified,Unknown,False,False,True,False,False,True,False,False,False,False,False,False,False,False,False,False,False,False,False,False,False,False,False,True,False,True
A15_99687,861.478879,9.6908,Streptophyta,Viridiplantae,indval_consensus,IndVal,CrossBatch_Consensus,Unidentified,,,False,True,False,False,True,False,False,False,False,False,False,False,False,False,False,False,False,False,False,False,False,False,True,False,True
A15_99783,859.529724,9.6869,Streptophyta,Viridiplantae,indval_consensus,IndVal,CrossBatch_Consensus,Unidentified,,,False,True,False,False,True,False,False,False,False,False,False,False,False,False,False,False,False,False,False,False,False,False,True,False,True
A15_OE21-4-POS_225,393.120965,1.6285,Thermoproteota,Archaea,composite,Platinum,Platinum,Unidentified,,,False,True,False,False,True,False,False,False,False,False,False,False,False,False,False,False,False,False,False,False,False,False,True,False,True
A15_OE25-1-ALL_12537,688.43011,9.4942,Evosea,Protists,composite,Platinum,Platinum,Unidentified,,,False,True,False,False,True,False,False,False,False,False,False,False,False,False,False,False,False,False,False,False,False,False,True,False,True
A15_OE25-1-ALL_13080,825.512028,9.8465,Evosea,Protists,composite,Platinum,Platinum,Unidentified,,,False,True,False,False,True,False,False,False,False,False,False,False,False,False,False,False,False,False,False,False,False,False,True,False,True
A15_OE25-1-ALL_13164,696.456421,9.861,Evosea,Protists,composite,Platinum,Platinum,Unidentified,,,False,True,False,False,True,False,False,False,False,False,False,False,False,False,False,False,False,False,False,False,False,False,True,False,True
A15_OE25-1-ALL_13734,972.637489,10.2426,Evosea,Protists,composite,Platinum,Platinum,Unidentified,,,False,True,False,False,True,False,False,False,False,False,False,False,False,False,False,False,False,False,False,False,False,False,True,False,True
A15_OE25-1-ALL_13786,955.610216,10.2391,Evosea,Protists,composite,Platinum,Platinum,Unidentified,,,False,True,False,False,True,False,False,False,False,False,False,False,False,False,False,False,False,False,False,False,False,False,True,False,True
A15_OE25-1-ALL_15317,959.582513,11.074,Evosea,Protists,composite,Platinum,Platinum,Unidentified,,,False,True,False,False,True,False,False,False,False,False,False,False,False,False,False,False,False,False,False,False,False,False,True,False,True
A15_OE25-1-ALL_15318,751.451496,11.0563,Evosea,Protists,composite,Platinum,Diamond,Unidentified,,,False,True,False,False,True,False,False,False,False,False,False,False,False,False,False,False,False,False,False,False,False,False,True,False,True
A15_OE25-1-ALL_16593,1529.926976,11.6767,Evosea,Protists,composite,Platinum,Platinum,Unidentified,,,False,True,False,False,True,False,False,False,False,False,False,False,False,False,False,False,False,False,False,False,False,False,True,False,True
A15_OE25-1-ALL_17297,1432.941845,11.9479,Evosea,Protists,composite,Platinum,Platinum,Unidentified,,,False,True,False,False,True,False,False,False,False,False,False,False,False,False,False,False,False,False,False,False,False,False,True,False,True
A15_OE25-1-ALL_18711,781.438807,12.3961,Evosea,Protists,composite,Platinum,Platinum,Unidentified,,,False,True,False,False,True,False,False,False,False,False,False,False,False,False,False,False,False,False,False,False,False,False,True,False,True
A15_OE25-1-ALL_19155,615.380359,12.5426,Evosea,Protists,composite,Platinum,Platinum,Unidentified,,,False,True,False,False,True,False,False,False,False,False,False,False,False,False,False,False,False,False,False,False,False,False,True,False,True
A15_OE25-1-ALL_19185,783.45423,12.5826,Evosea,Protists,composite,Platinum,Platinum,Unidentified,,,False,True,False,False,True,False,False,False,False,False,False,False,False,False,False,False,False,False,False,False,False,False,True,False,True
A15_OE25-1-ALL_19217,789.463186,12.5919,Evosea,Protists,composite,Platinum,Platinum,Unidentified,,,False,True,False,False,True,False,False,False,False,False,False,False,False,False,False,False,False,False,False,False,False,False,True,False,True
A15_OE25-1-ALL_20570,1475.016332,13.0103,Evosea,Protists,composite,Platinum,Platinum,Unidentified,,,False,True,False,False,True,False,False,False,False,False,False,False,False,False,False,False,False,False,False,False,False,False,True,False,True
A15_OE25-1-ALL_21152,815.479812,13.1799,Evosea,Protists,composite,Platinum,Platinum,Unidentified,,,False,True,False,False,True,False,False,False,False,False,False,False,False,False,False,False,False,False,False,False,False,False,True,False,True
A15_OE25-1-ALL_21360,1531.104036,13.2058,Evosea,Protists,composite,Platinum,Diamond,Unidentified,,,False,True,False,False,True,False,False,False,False,False,False,False,False,False,False,False,False,False,False,False,False,False,True,False,True
A15_OE25-1-ALL_2671,449.287175,2.1778,Evosea,Protists,composite,Platinum,Platinum,Unidentified,,,False,True,False,False,True,False,False,False,False,False,False,False,False,False,False,False,False,False,False,False,False,False,True,False,True
A15_OE25-1-ALL_2989,492.270436,2.3482,Evosea,Protists,composite,Platinum,Diamond,Unidentified,,,False,True,False,False,True,False,False,False,False,False,False,False,False,False,False,False,False,False,False,False,False,False,True,False,True
A15_OE25-1-ALL_3016,532.264453,2.3609,Evosea,Protists,composite,Platinum,Platinum,Unidentified,,,False,True,False,False,True,False,False,False,False,False,False,False,False,False,False,False,False,False,False,False,False,False,True,False,True
A15_OE25-1-ALL_35990,830.540232,18.0739,Evosea,Protists,composite,Platinum,Platinum,Unidentified,,,False,True,False,False,True,False,False,False,False,False,False,False,False,False,False,False,False,False,False,False,False,False,True,False,True
A15_OE25-1-ALL_36654,822.539064,18.266,Evosea,Protists,composite,Platinum,Platinum,Unidentified,,,False,True,False,False,True,False,False,False,False,False,False,False,False,False,False,False,False,False,False,False,False,False,True,False,True
A15_OE25-1-ALL_36669,634.575299,18.2937,Evosea,Protists,composite,Platinum,Platinum,Unidentified,,,False,True,False,False,True,False,False,False,False,False,False,False,False,False,False,False,False,False,False,False,False,False,True,False,True
A15_OE25-1-ALL_37093,1454.093149,18.382,Evosea,Protists,composite,Platinum,Diamond,Unidentified,,,False,True,False,False,True,False,False,False,False,False,False,False,False,False,False,False,False,False,False,False,False,False,True,False,True
A15_OE25-1-ALL_37104,634.575334,18.3362,Evosea,Protists,composite,Platinum,Platinum,Unidentified,,,False,True,False,False,True,False,False,False,False,False,False,False,False,False,False,False,False,False,False,False,False,False,True,False,True
A15_OE25-1-ALL_3837,1039.547099,2.8219,Evosea,Protists,composite,Platinum,Platinum,Unidentified,,,False,True,False,False,True,False,False,False,False,False,False,False,False,False,False,False,False,False,False,False,False,False,True,False,True
A15_OE25-1-ALL_39604,1256.784507,19.2845,Evosea,Protists,composite,Platinum,Platinum,Unidentified,,,False,True,False,False,True,False,False,False,False,False,False,False,False,False,False,False,False,False,False,False,False,False,True,False,True
A15_OE25-1-ALL_41108,1037.765177,19.9878,Evosea,Protists,composite,Platinum,Diamond,Unidentified,,,False,True,False,False,True,False,False,False,False,False,False,False,False,False,False,False,False,False,False,False,False,False,True,False,True
A15_OE25-1-ALL_42253,1251.846019,20.3801,Evosea,Protists,composite,Platinum,Platinum,Unidentified,,,False,True,False,False,True,False,False,False,False,False,False,False,False,False,False,False,False,False,False,False,False,False,True,False,True
A15_OE25-1-ALL_42513,996.822974,20.5516,Evosea,Protists,composite,Platinum,Platinum,Unidentified,,,False,True,False,False,True,False,False,False,False,False,False,False,False,False,False,False,False,False,False,False,False,False,True,False,True
A15_OE25-1-ALL_45232,789.687807,22.0411,Evosea,Protists,composite,Platinum,Platinum,Unidentified,,,False,True,False,False,True,False,False,False,False,False,False,False,False,False,False,False,False,False,False,False,False,False,True,False,True
A15_OE25-1-ALL_47486,785.622427,23.5033,Evosea,Protists,composite,Platinum,Platinum,Unidentified,,,False,True,False,False,True,False,False,False,False,False,False,False,False,False,False,False,False,False,False,False,False,False,True,False,True
A15_OE25-1-ALL_6486,919.552085,4.5574,Evosea,Protists,composite,Platinum,Platinum,Unidentified,,,False,True,False,False,True,False,False,False,False,False,False,False,False,False,False,False,False,False,False,False,False,False,True,False,True
A15_OE25-1-ALL_6846,462.295459,4.6768,Evosea,Protists,composite,Platinum,Platinum,Unidentified,,,False,True,False,False,True,False,False,False,False,False,False,False,False,False,False,False,False,False,False,False,False,False,True,False,True
A15_OE25-1-ALL_9647,391.341734,7.0115,Evosea,Protists,composite,Platinum,Platinum,Unidentified,,,False,True,False,False,True,False,False,False,False,False,False,False,False,False,False,False,False,False,False,False,False,False,True,False,True
