soil_id,feature_id,soil_pepmass,phylum,kingdom,max_cosine,confirmed
27,NEG_35399,619.0397085750695,Actinomycetota,Bacteria,0.5360684073803446,False
28,NEG_76163,833.0501168097773,Bacillota,Bacteria,0.0,False
32,NEG_80693,855.0317079113277,Bacillota,Bacteria,0.6586509088048098,False
33,NEG_38876,641.0218622429699,Bacillota,Bacteria,0.9194834819292057,True
48,NEG_9335,405.0294274140056,Actinomycetota,Bacteria,0.994303127381457,True
63,NEG_13920,448.99354755088,Evosea,Protozoa,0.9025528596246356,True
504,NEG_4906,343.08288764926937,Actinomycetota,Bacteria,0.3596908445391699,False
765,NEG_5083,347.1505458964146,Actinomycetota,Bacteria,0.5349686591910496,False
954,NEG_9352,405.1924383636261,Basidiomycota,Fungi,0.9090749310892134,True
957,NEG_16426,469.2447724383579,Streptophyta,Plantae,0.16305961190799106,False
983,NEG_8094,391.1768025189145,Arthropoda,Animalia,0.14938809582347817,False
1071,NEG_5924,363.1819815003328,Arthropoda,Animalia,0.051395459628971435,False
1162,NEG_14161,451.234365376011,Chlorophyta,Plantae,0.03667653588253661,False
1228,NEG_4806,341.19740306815885,Actinomycetota,Bacteria,0.3147007483935058,False
1244,NEG_4920,343.21299079784126,Actinomycetota,Bacteria,0.7878452684193267,True
1218,NEG_6812,375.1817742156318,Arthropoda,Animalia,0.19540375949424427,False
1253,NEG_4095,329.06719412628127,Actinomycetota,Bacteria,0.5951406061442668,False
1252,NEG_4627,339.1817041994435,Basidiomycota,Fungi,0.23185930150675008,False
1338,NEG_25642,549.2710912456638,Chlorophyta,Plantae,0.0,False
1326,NEG_8096,391.213071145076,Actinomycetota,Bacteria,0.3722771798884146,False
1323,NEG_2523,303.1453384965773,Evosea,Protozoa,0.8809246246235911,True
801,NEG_12164,433.22312498427385,Streptophyta,Plantae,0.29668082242410587,False
1400,NEG_8438,395.2079054242791,Streptophyta,Plantae,0.1904467823295539,False
1351,NEG_6041,365.1973063776259,Actinomycetota,Bacteria,0.4949707350904558,False
1367,NEG_23778,533.276700491614,Basidiomycota,Fungi,0.02599702232934967,False
1415,NEG_3175,313.03612530713195,Streptophyta,Plantae,0.4126854467387217,False
1423,NEG_5028,345.22862780040737,Arthropoda,Animalia,0.8393739091942993,True
1427,NEG_6921,377.1973526509936,Arthropoda,Animalia,0.05096670716894131,False
1478,NEG_3575,321.17117090827975,Chlorophyta,Plantae,0.553654915603939,False
1561,NEG_5762,359.163057767737,Chlorophyta,Plantae,0.11046891726896016,False
1556,NEG_5010,345.1710942452942,Arthropoda,Animalia,0.33978961392015683,False
1680,NEG_7080,379.2128744928936,Bacillota,Bacteria,0.574888542016924,False
1633,NEG_6194,367.2132066084116,Chlorophyta,Plantae,0.4888733021259639,False
1670,NEG_5094,347.186832915544,Actinomycetota,Bacteria,0.7563073418350151,True
1659,NEG_21947,517.282137866116,Basidiomycota,Fungi,0.08176547720164595,False
1671,NEG_6384,369.2286726866574,Actinomycetota,Bacteria,0.7139995307684947,True
1676,NEG_3695,323.18684706266487,Actinomycetota,Bacteria,0.6073195108484499,False
1761,NEG_4174,330.2371187089123,Actinomycetota,Bacteria,0.8956146164117263,True
1704,NEG_20618,505.2817221581364,Basidiomycota,Fungi,0.056421488891407176,False
1709,NEG_4134,329.2337256032183,Actinomycetota,Bacteria,0.9165866537224436,True
1825,NEG_24051,535.3280959316015,Basidiomycota,Fungi,0.08740011269367294,False
1714,NEG_5704,357.2286398886467,Streptophyta,Plantae,0.12395564760254149,False
1769,NEG_20366,503.30262573372767,Basidiomycota,Fungi,0.2644293378947821,False
1801,NEG_3970,327.2181106175439,Actinomycetota,Bacteria,0.6922313858995817,False
1809,NEG_10703,419.2441773485074,Basidiomycota,Fungi,0.34696877214805333,False
1815,NEG_22449,521.312461505242,Basidiomycota,Fungi,0.24265981149168409,False
1813,NEG_5190,349.2024897544538,Actinomycetota,Bacteria,0.6576967018097537,False
1816,NEG_3831,325.20245677730924,Actinomycetota,Bacteria,0.41283607476406836,False
1885,NEG_10149,413.2549171644921,Actinomycetota,Bacteria,0.14601040670876597,False
1912,NEG_2998,311.1869751293094,Actinomycetota,Bacteria,0.6469117842150357,False
2348,NEG_5310,351.21815665768094,Actinomycetota,Bacteria,0.40018189092460715,False
2017,NEG_2632,305.1762400164091,Actinomycetota,Bacteria,0.4341965751468386,False
2030,NEG_4685,339.21786790146416,Streptophyta,Plantae,0.6040168029104621,False
2031,NEG_20914,507.2608495236131,Ascomycota,Fungi,0.49376061646841835,False
2155,NEG_26080,553.2660729479416,Chlorophyta,Plantae,0.7689329087382609,True
2016,NEG_18385,485.2918142495615,Basidiomycota,Fungi,0.36271901999726164,False
2300,NEG_18807,489.286291216602,Ascomycota,Fungi,0.09838096980837059,False
2078,NEG_40190,649.3965025095263,Actinomycetota,Bacteria,0.0804039282651693,False
2164,NEG_2802,309.1712695224029,Actinomycetota,Bacteria,0.6092782844032039,False
2146,NEG_39883,647.3809783190641,Basidiomycota,Fungi,0.22706051791690474,False
2463,NEG_5449,353.233783131689,Actinomycetota,Bacteria,0.7283501330529324,True
2307,NEG_99384,997.5382435971754,Arthropoda,Animalia,0.05773022610118671,False
2191,NEG_40507,651.4110548201508,Basidiomycota,Fungi,0.0,False
2309,NEG_16877,473.2912205703313,Basidiomycota,Fungi,0.47500551341965574,False
2613,NEG_13431,444.2391978747437,Arthropoda,Animalia,0.06025842305768801,False
2275,NEG_5571,355.24949176725096,Arthropoda,Animalia,0.8460703300454311,True
2437,NEG_9515,407.05413521752087,Actinomycetota,Bacteria,0.7792981320763653,True
2507,NEG_37650,633.4017157953466,Basidiomycota,Fungi,0.40978092936081684,False
2541,NEG_57814,749.4490736771563,Chlorophyta,Plantae,0.0,False
2294,NEG_4937,343.2492113709153,Actinomycetota,Bacteria,0.8792938188347044,True
2496,NEG_8467,395.24413904099055,Basidiomycota,Fungi,0.6994796263411052,False
2636,NEG_19288,493.2444898137359,Streptophyta,Plantae,0.8363710675217315,True
2539,NEG_2705,307.19190001508025,Actinomycetota,Bacteria,0.4989801002880412,False
2588,NEG_21011,507.3330320213868,Ascomycota,Fungi,0.21760191828199632,False
2557,NEG_12201,433.2596082173693,Chlorophyta,Plantae,0.89201720421985,True
2729,NEG_17411,477.2860987548973,Chlorophyta,Plantae,0.0,False
2608,NEG_4312,333.20754904811446,Actinomycetota,Bacteria,0.3589570857317234,False
2433,NEG_3056,311.22313073840564,Actinomycetota,Bacteria,0.9475509991546269,True
2600,NEG_18653,487.3435574875824,Arthropoda,Animalia,0.7286654676470237,True
2648,NEG_4431,335.2232241611745,Actinomycetota,Bacteria,0.5411307413847217,False
2816,NEG_6227,367.2491915539215,Arthropoda,Animalia,0.5525040040674231,False
2858,NEG_5940,363.2181361244839,Actinomycetota,Bacteria,0.7771705461839108,True
2856,NEG_3293,314.24219343679454,Actinomycetota,Bacteria,0.9505804178390881,True
2893,NEG_3147,312.2265702590305,Actinomycetota,Bacteria,0.9775570106596054,True
2860,NEG_3245,313.23880680524667,Actinomycetota,Bacteria,0.9857391264396461,True
2970,NEG_5100,347.19965370138067,Arthropoda,Animalia,0.35684001626231887,False
3004,NEG_3841,325.2387418524159,Arthropoda,Animalia,0.5549006403444479,False
3108,NEG_19937,499.3278732218539,Basidiomycota,Fungi,0.16791717627143726,False
3119,NEG_2642,305.2126035170814,Streptophyta,Plantae,0.9392723227060311,True
3121,NEG_2824,309.2075822716885,Actinomycetota,Bacteria,0.985597134925,True
3183,NEG_37331,631.386081276076,Ascomycota,Fungi,0.02031764733883568,False
3160,NEG_4559,337.23883997866426,Chlorophyta,Plantae,0.359692999065496,False
3266,NEG_15043,457.2964246908916,Basidiomycota,Fungi,0.8965065554516699,True
3314,NEG_5772,359.20793894217564,Actinomycetota,Bacteria,0.9381712844421478,True
3326,NEG_11470,426.2655075633947,Arthropoda,Animalia,0.0,False
3419,NEG_35425,619.3264344009419,Basidiomycota,Fungi,0.8595249910429128,True
3392,NEG_5720,357.2651103409658,Basidiomycota,Fungi,0.8787341158868105,True
3424,NEG_4517,337.2010368380604,Basidiomycota,Fungi,0.0,False
3469,NEG_10344,415.270675937349,Actinomycetota,Bacteria,0.2942609873873875,False
3434,NEG_9854,410.2339338762917,Actinomycetota,Bacteria,0.0,False
3452,NEG_94729,947.5383813627686,Streptophyta,Plantae,0.0,False
3533,NEG_5015,345.18395358614475,Actinomycetota,Bacteria,0.20715403729674864,False
3569,NEG_57402,747.4275786033079,Actinomycetota,Bacteria,0.0,False
3550,NEG_3421,317.2124016474687,Actinomycetota,Bacteria,0.6859444422498912,False
3557,NEG_24519,539.3155164821516,Actinomycetota,Bacteria,0.07529769928414565,False
3626,NEG_18282,484.27077855998016,Basidiomycota,Fungi,0.0,False
3656,NEG_3323,315.1967849165433,Arthropoda,Animalia,0.9201968780071876,True
3687,NEG_21948,517.2808520474683,Basidiomycota,Fungi,0.3935107642955303,False
3698,NEG_21554,512.3021159609126,Actinomycetota,Bacteria,0.0034291458933352705,False
3697,NEG_3346,315.25424622488543,Actinomycetota,Bacteria,0.981326468105113,True
3690,NEG_3367,316.2575795431408,Arthropoda,Animalia,0.21274358831923962,False
3693,NEG_3108,312.1725741285841,Actinomycetota,Bacteria,0.990007273957932,True
3717,NEG_2982,311.1692459307348,Actinomycetota,Bacteria,0.9179725397896271,True
3754,NEG_9004,400.2493770131067,Bacillota,Bacteria,0.0,False
3809,NEG_4116,329.1892065120619,Streptophyta,Plantae,0.5442725115590579,False
3846,NEG_18221,483.33296013286696,Basidiomycota,Fungi,0.33941002207726717,False
3795,NEG_19647,496.2708237103161,Actinomycetota,Bacteria,0.07695902883555479,False
3824,NEG_11243,424.2491257372988,Actinomycetota,Bacteria,0.6028563118355317,False
3845,NEG_16435,469.2578835180997,Ascomycota,Fungi,0.8919466414519855,True
3863,NEG_11961,431.2208459229232,Actinomycetota,Bacteria,0.9760874929883542,True
3908,NEG_10894,421.2266979065866,Actinomycetota,Bacteria,0.9642837966003666,True
3907,NEG_3711,323.2230604859649,Chlorophyta,Plantae,0.9667474351466158,True
3906,NEG_5424,353.20080501063813,Actinomycetota,Bacteria,0.9719275349342783,True
3935,NEG_4111,329.17612389694807,Actinomycetota,Bacteria,0.7102775412905478,True
3912,NEG_5765,359.18682685839417,Streptophyta,Plantae,0.45651669172736886,False
3937,NEG_17953,481.3087629292688,Arthropoda,Animalia,0.7880965262087164,True
3931,NEG_10548,417.2861099821803,Arthropoda,Animalia,0.0,False
3910,NEG_5212,349.238647897156,Streptophyta,Plantae,0.15075125057410163,False
3976,NEG_23163,527.3157189155612,Arthropoda,Animalia,0.4352424886174946,False
3958,NEG_5937,363.216063093953,Arthropoda,Animalia,0.9430331466742337,True
3964,NEG_4820,341.23361397390937,Actinomycetota,Bacteria,0.520152755932801,False
3989,NEG_8420,395.152969767232,Basidiomycota,Fungi,0.6032539331330518,False
4022,NEG_11356,425.2913314962616,Basidiomycota,Fungi,0.0,False
4013,NEG_3488,319.2280614760116,Arthropoda,Animalia,0.8526911821253562,True
4074,NEG_19421,494.2526740014744,Ascomycota,Fungi,0.23742564577239117,False
4097,NEG_8673,397.22653395527647,Chlorophyta,Plantae,0.9733427926246184,True
4149,NEG_10372,415.307038454376,Actinomycetota,Bacteria,0.5676620618928482,False
4197,NEG_13105,441.2526015249168,Chlorophyta,Plantae,0.39273768494985095,False
4256,NEG_18376,485.2782868569263,Chlorophyta,Plantae,0.926018120233084,True
4229,NEG_11957,431.2071605864666,Streptophyta,Plantae,0.0,False
4196,NEG_24412,538.3157907755796,Actinomycetota,Bacteria,0.9212977187513215,True
4274,NEG_3850,325.23870922634654,Arthropoda,Animalia,0.9619825953307893,True
4261,NEG_14079,450.26300763898126,Actinomycetota,Bacteria,0.9790875789577019,True
4268,NEG_16150,466.2955536119609,Actinomycetota,Bacteria,0.5641609461833269,False
4271,NEG_6087,365.2699105216716,Basidiomycota,Fungi,0.5099264109518165,False
4279,NEG_38245,637.2313129332587,Chlorophyta,Plantae,0.12598946684302267,False
4280,NEG_24562,539.3589519493436,Basidiomycota,Fungi,0.21908112237668778,False
4286,NEG_17174,475.3068327473212,Basidiomycota,Fungi,0.1845656414097021,False
4294,NEG_3815,325.1847614721762,Actinomycetota,Bacteria,0.9981360289752319,True
4289,NEG_15357,459.3122416191773,Ascomycota,Fungi,0.641955929823643,False
4288,NEG_3662,322.2391003781973,Basidiomycota,Fungi,0.03869301189675807,False
4295,NEG_5735,358.2027731674113,Basidiomycota,Fungi,0.9022092352006779,True
4250,NEG_28367,571.2895444690744,Actinomycetota,Bacteria,0.7715555833458937,True
4320,NEG_23375,529.3044488199234,Actinomycetota,Bacteria,0.1370653995673523,False
4342,NEG_40453,651.352651404968,Streptophyta,Plantae,0.3158690996371953,False
4350,NEG_13511,445.2235629645906,Streptophyta,Plantae,0.0,False
4369,NEG_27863,567.3332487417782,Evosea,Protozoa,0.0,False
4331,NEG_30923,589.338400426556,Actinomycetota,Bacteria,0.0,False
4420,NEG_16724,471.3483730723337,Arthropoda,Animalia,0.9087988477096787,True
4412,NEG_4216,331.2048871653538,Arthropoda,Animalia,0.0,False
4426,NEG_12760,438.26288011098535,Actinomycetota,Bacteria,0.9940883843227386,True
4449,NEG_22016,517.3538252765819,Chlorophyta,Plantae,0.0,False
4428,NEG_5429,353.21306449722886,Basidiomycota,Fungi,0.8576868971472359,True
4457,NEG_11006,422.2679418507755,Basidiomycota,Fungi,0.9460796419300219,True
4473,NEG_4886,342.26498730486907,Bacillota,Bacteria,0.6628798302089633,False
4499,NEG_21217,509.2968505733989,Chlorophyta,Plantae,0.7972924146324899,True
4505,NEG_45961,685.3658824199682,Actinomycetota,Bacteria,0.4654878646177833,False
4521,NEG_4425,335.22189477804227,Actinomycetota,Bacteria,0.8292429999442321,True
4513,NEG_3615,321.24376635370896,Actinomycetota,Bacteria,0.9599136463528842,True
4519,NEG_22156,519.2967299065318,Basidiomycota,Fungi,0.7619783843249429,True
4518,NEG_56124,741.436009473795,Basidiomycota,Fungi,0.19690183450407175,False
4542,NEG_20015,500.2789197201764,Actinomycetota,Bacteria,0.783933226272476,True
4554,NEG_6923,377.21026967919454,Basidiomycota,Fungi,0.9612497886344483,True
4549,NEG_4212,331.1919779232702,Actinomycetota,Bacteria,0.47236313486504444,False
4561,NEG_12188,433.23647932062977,Actinomycetota,Bacteria,0.9784424230789618,True
4621,NEG_6056,365.2317082949514,Basidiomycota,Fungi,0.9676826429840572,True
4576,NEG_17293,476.27880236193295,Actinomycetota,Bacteria,0.9500343786610371,True
4599,NEG_42889,666.0608923514726,Actinomycetota,Bacteria,0.8682297426194465,True
4597,NEG_16061,465.32256593121326,Basidiomycota,Fungi,0.5651634977976632,False
4626,NEG_5327,351.2545336604197,Basidiomycota,Fungi,0.8719151278841757,True
4634,NEG_27475,564.3314039691556,Actinomycetota,Bacteria,0.728618027151263,True
4647,NEG_10320,415.22590351363255,Actinomycetota,Bacteria,0.945000810543649,True
4655,NEG_4958,343.28569717321085,Actinomycetota,Bacteria,0.9199438494675818,True
4644,NEG_15913,464.2781770153383,Actinomycetota,Bacteria,0.9569657129131312,True
4651,NEG_18371,485.2757688700434,Mucoromycota,Fungi,0.9347358427562236,True
4671,NEG_35744,621.2363911279153,Chlorophyta,Plantae,0.47782397746610367,False
4675,NEG_9978,411.3120296001457,Arthropoda,Animalia,0.7728726557849274,True
4690,NEG_16924,473.3277759003959,Arthropoda,Animalia,0.8690960273124131,True
4712,NEG_33361,605.3121548269237,Chlorophyta,Plantae,0.0,False
4720,NEG_21205,509.2858287623425,Actinomycetota,Bacteria,0.7932477796518812,True
4731,NEG_33973,609.3422142524934,Streptophyta,Plantae,0.8078306207016317,True
4734,NEG_35509,619.4223335957123,Basidiomycota,Fungi,0.23896498885294984,False
4778,NEG_26003,552.3316565539527,Actinomycetota,Bacteria,0.8692465068383645,True
4772,NEG_29508,579.3338008665202,Streptophyta,Plantae,0.4780818761664497,False
4774,NEG_20368,503.3021459365286,Basidiomycota,Fungi,0.29874995330800985,False
4802,NEG_27329,563.3227815776911,Actinomycetota,Bacteria,0.0,False
4793,NEG_4521,337.2061609397179,Chlorophyta,Plantae,0.92705695692529,True
4800,NEG_18714,488.3025154090065,Ascomycota,Fungi,0.030291205595138995,False
4814,NEG_21259,509.3398702598384,Mucoromycota,Fungi,0.6834314665230967,False
4815,NEG_11255,424.28394523290495,Arthropoda,Animalia,0.9596697912768813,True
4822,NEG_4658,339.2003604894608,Basidiomycota,Fungi,0.9838595570236952,True
4835,NEG_28905,575.2622330174345,Evosea,Protozoa,0.0,False
4870,NEG_5328,351.2545111029042,Basidiomycota,Fungi,0.2638045678556701,False
4874,NEG_25069,543.4638119797885,Ascomycota,Fungi,0.0,False
4877,NEG_4683,339.2152296766623,Basidiomycota,Fungi,0.9609971362574051,True
4898,NEG_11808,429.3009240298244,Arthropoda,Animalia,0.8971768184241009,True
4954,NEG_11671,428.20806340440384,Actinomycetota,Bacteria,0.0,False
4963,NEG_40143,649.3372752727945,Actinomycetota,Bacteria,0.2032061480208005,False
4997,NEG_22642,523.2686515611144,Streptophyta,Plantae,0.8478993179972059,True
5020,NEG_15046,457.2969234622235,Bacillota,Bacteria,0.24339981694830484,False
5032,NEG_23805,533.3123886975026,Chlorophyta,Plantae,0.0,False
5033,NEG_24656,540.3313611686597,Actinomycetota,Bacteria,0.9721336104254064,True
5046,NEG_8657,397.2022050035407,Actinomycetota,Bacteria,0.0,False
5056,NEG_6829,375.2543758450879,Actinomycetota,Bacteria,0.028564763821272442,False
5061,NEG_4838,341.2700492081396,Ascomycota,Fungi,0.7436415744521739,True
5065,NEG_21211,509.2892114615891,Evosea,Protozoa,0.8180447687088398,True
5072,NEG_7254,381.2316635973435,Chlorophyta,Plantae,0.9317344085556838,True
5088,NEG_4317,333.2207012247878,Actinomycetota,Bacteria,0.21935548798137794,False
5120,NEG_6057,365.2329629679927,Basidiomycota,Fungi,0.7211710255750224,True
5092,NEG_22228,519.3703725810279,Actinomycetota,Bacteria,0.9078331616038855,True
5116,NEG_33339,605.2417618849729,Chlorophyta,Plantae,0.9634654955406641,True
5119,NEG_16867,473.28325669765616,Actinomycetota,Bacteria,0.9992505231824024,True
5128,NEG_17018,474.2865632320876,Actinomycetota,Bacteria,0.0,False
5142,NEG_19778,497.3491394907363,Streptophyta,Plantae,0.0,False
5147,NEG_7758,386.23417598034194,Actinomycetota,Bacteria,0.0,False
5127,NEG_31587,593.3526612349559,Streptophyta,Plantae,0.0,False
5157,NEG_12788,438.2996108119473,Basidiomycota,Fungi,0.8935921567499279,True
5161,NEG_37947,635.3583237916635,Streptophyta,Plantae,0.6334921973118135,False
5160,NEG_14336,452.2788484107858,Actinomycetota,Bacteria,0.9889799331634136,True
5173,NEG_11407,425.3279306445662,Arthropoda,Animalia,0.5821210070597667,False
5175,NEG_40503,651.412658324705,Chlorophyta,Plantae,0.0,False
5179,NEG_4936,343.24945737649364,Actinomycetota,Bacteria,0.9569848220138928,True
5207,NEG_11331,425.2573704641128,Chlorophyta,Plantae,0.675332168884501,False
5201,NEG_27749,566.3471453218307,Actinomycetota,Bacteria,0.972415895565977,True
5202,NEG_13175,441.3227876036888,Arthropoda,Animalia,0.4214811747218452,False
5215,NEG_27587,565.316033485507,Mucoromycota,Fungi,0.506370590274228,False
5209,NEG_9733,409.2365048595522,Actinomycetota,Bacteria,0.9975637258510499,True
5246,NEG_6596,371.31715333033327,Arthropoda,Animalia,0.9121181098004011,True
5245,NEG_8101,391.2261521027065,Streptophyta,Plantae,0.9879248448371675,True
5251,NEG_5528,354.3017718772883,Actinomycetota,Bacteria,0.0,False
5252,NEG_3322,315.1969975864688,Arthropoda,Animalia,0.0,False
5264,NEG_4706,339.2544940872221,Actinomycetota,Bacteria,0.8258429054382265,True
5254,NEG_26248,554.3474674142382,Actinomycetota,Bacteria,0.0,False
5257,NEG_18780,489.2608149054119,Discosea,Protozoa,0.9041976942499059,True
5269,NEG_18798,489.2779353912281,Actinomycetota,Bacteria,0.9335840984849282,True
5270,NEG_16063,465.3218213281141,Arthropoda,Animalia,0.31188154681888075,False
5295,NEG_11809,429.301291319569,Basidiomycota,Fungi,0.23112628980182415,False
5299,NEG_17563,478.2944875540445,Actinomycetota,Bacteria,0.9759812166274874,True
5297,NEG_3261,313.27541007059386,Actinomycetota,Bacteria,0.9175840003508104,True
5308,NEG_3732,323.2596245735812,Actinomycetota,Bacteria,0.7538501798719661,True
5305,NEG_19222,492.3104664099164,Actinomycetota,Bacteria,0.6448880000962035,False
5320,NEG_3871,325.27523021128667,Streptophyta,Plantae,0.2790384892463633,False
5324,NEG_3589,321.2110280471809,Chlorophyta,Plantae,0.7458673161562257,True
5325,NEG_12384,435.2523121858789,Actinomycetota,Bacteria,0.9857034711545094,True
5331,NEG_88910,901.4590302305902,Chlorophyta,Plantae,0.0,False
5347,NEG_24146,536.3003523073484,Actinomycetota,Bacteria,0.33510591553705926,False
5340,NEG_18612,487.30746743719743,Chlorophyta,Plantae,0.3941159107659392,False
5350,NEG_5309,351.2182669487015,Basidiomycota,Fungi,0.138788849958855,False
5351,NEG_29220,577.3163518655286,Streptophyta,Plantae,0.5146005525190219,False
5345,NEG_5278,350.270505590786,Actinomycetota,Bacteria,0.0,False
5357,NEG_3239,313.2391147519963,Actinomycetota,Bacteria,0.7301098839086475,True
5368,NEG_15803,463.3058205698642,Basidiomycota,Fungi,0.09422761288115952,False
5370,NEG_10524,417.2417726713618,Actinomycetota,Bacteria,0.9531349479897577,True
5373,NEG_6259,367.2858354791302,Actinomycetota,Bacteria,0.877626703102971,True
5376,NEG_16155,466.29435506633246,Actinomycetota,Bacteria,0.9518784988983521,True
5391,NEG_18646,487.3438314461354,Streptophyta,Plantae,0.30000452843033143,False
5398,NEG_13763,447.2758745130009,Basidiomycota,Fungi,0.966087984936122,True
5397,NEG_3874,325.2751958723344,Streptophyta,Plantae,0.47368758735036576,False
5413,NEG_19216,492.3091927598836,Actinomycetota,Bacteria,0.6569266229957682,False
5447,NEG_11976,431.2395108130304,Streptophyta,Plantae,0.0,False
5477,NEG_11101,423.2524475514319,Actinomycetota,Bacteria,0.97384284416507,True
5473,NEG_16881,473.2913477137948,Basidiomycota,Fungi,0.7984520393861567,True
5484,NEG_9057,401.14291245356856,Arthropoda,Animalia,0.7922184354886506,True
5494,NEG_2473,301.2176625349932,Actinomycetota,Bacteria,0.7430452475450983,True
5503,NEG_24314,537.3281755193584,Actinomycetota,Bacteria,0.8462871828754019,True
5522,NEG_10198,413.3277892607974,Streptophyta,Plantae,0.8769329597387336,True
5502,NEG_12448,435.3099055343801,Basidiomycota,Fungi,0.670420012781152,False
5499,NEG_3985,327.2544865808986,Actinomycetota,Bacteria,0.5587842727900438,False
5512,NEG_5591,355.2858787716164,Arthropoda,Animalia,0.05555574583449185,False
5535,NEG_4601,338.2706274180621,Actinomycetota,Bacteria,0.042287768989623095,False
5542,NEG_16252,467.3174779213925,Actinomycetota,Bacteria,0.0,False
5571,NEG_36546,626.3456295550956,Discosea,Protozoa,0.005566413251995781,False
5579,NEG_19132,491.3387829039767,Ascomycota,Fungi,0.21377579149701814,False
5599,NEG_18001,481.3543258241834,Arthropoda,Animalia,0.44661188599842777,False
5586,NEG_16282,467.3381871105621,Basidiomycota,Fungi,0.44993827431626493,False
5594,NEG_18877,489.32278989371866,Actinomycetota,Bacteria,0.5205828119877164,False
5595,NEG_17743,479.33834442479,Arthropoda,Animalia,0.6126492240132171,False
5604,NEG_15361,459.3123534892522,Ascomycota,Fungi,0.4515405607456625,False
5623,NEG_23064,526.3520237075741,Actinomycetota,Bacteria,0.0,False
5633,NEG_3073,311.25972424392927,Arthropoda,Animalia,0.9204621462668842,True
5649,NEG_27487,564.3452345157665,Chlorophyta,Plantae,0.034262742313135516,False
5661,NEG_12231,433.2940554413415,Basidiomycota,Fungi,0.8661943854125377,True
5656,NEG_31222,591.3321275024243,Streptophyta,Plantae,0.6611723106517109,False
5665,NEG_6908,377.1429912452628,Actinomycetota,Bacteria,0.6352505349298877,False
5704,NEG_29506,579.3313647922218,Actinomycetota,Bacteria,0.9076086606588344,True
5707,NEG_38286,637.3753533968898,Chlorophyta,Plantae,0.08523439496446888,False
5706,NEG_25899,551.3370440730091,Streptophyta,Plantae,0.7465708919424776,True
5716,NEG_8819,398.2550201467886,Arthropoda,Animalia,0.0,False
5738,NEG_6335,368.3172963719375,Actinomycetota,Bacteria,0.566964464017862,False
5713,NEG_33379,605.3479972651692,Actinomycetota,Bacteria,0.8346374164781089,True
5763,NEG_5464,353.270293510654,Actinomycetota,Bacteria,0.8223207042755206,True
5768,NEG_29658,580.3624425909155,Actinomycetota,Bacteria,0.7063116084128886,True
5782,NEG_31243,591.3546242920928,Arthropoda,Animalia,0.2935297095578493,False
5779,NEG_36069,623.252177500557,Actinomycetota,Bacteria,0.5904378911398064,False
5792,NEG_20932,507.2778211564961,Actinomycetota,Bacteria,0.6306963692295837,False
5775,NEG_16056,465.3207860765058,Arthropoda,Animalia,0.0,False
5804,NEG_46959,691.400012483418,Chlorophyta,Plantae,0.0,False
5808,NEG_40813,653.4088673810442,Chlorophyta,Plantae,0.8316562201881309,True
5827,NEG_36174,623.4543409627623,Basidiomycota,Fungi,0.349006373406355,False
5846,NEG_34071,609.4745332539535,Basidiomycota,Fungi,0.0,False
5842,NEG_15628,461.32819181666576,Arthropoda,Animalia,0.7817829775809464,True
5848,NEG_33671,607.2575432072019,Streptophyta,Plantae,0.5483294955723831,False
5845,NEG_35847,621.4380356367803,Basidiomycota,Fungi,0.17242368689981155,False
5855,NEG_35961,622.3736188071524,Ascomycota,Fungi,0.8352693992133448,True
5859,NEG_3954,327.12752165764,Actinomycetota,Bacteria,0.5804254259552889,False
5862,NEG_11814,429.3013507334648,Ascomycota,Fungi,0.49569017935896326,False
5865,NEG_25665,549.3211599268047,Streptophyta,Plantae,0.7052647746849178,True
5880,NEG_27609,565.3537711605027,Chlorophyta,Plantae,0.5359930376838056,False
5877,NEG_27351,563.344281688991,Actinomycetota,Bacteria,0.9303299371952521,True
5866,NEG_2439,300.2629518046812,Arthropoda,Animalia,0.9948418302993755,True
5891,NEG_6219,367.2471428888248,Arthropoda,Animalia,0.8728121725104154,True
5896,NEG_3973,327.23359084213064,Actinomycetota,Bacteria,0.9626688080396888,True
5901,NEG_24294,537.3070503672193,Ascomycota,Fungi,0.11720255360864187,False
5881,NEG_19225,492.3104405970563,Actinomycetota,Bacteria,0.0,False
5924,NEG_14843,455.3536928552135,Actinomycetota,Bacteria,0.9288001649209675,True
5936,NEG_20849,506.3257730829636,Actinomycetota,Bacteria,0.7734118248424681,True
5920,NEG_19979,499.40115598353566,Streptophyta,Plantae,0.7540800468755331,True
5962,NEG_4020,327.2908857903073,Actinomycetota,Bacteria,0.9982797837740462,True
5950,NEG_40806,653.3917753307408,Basidiomycota,Fungi,0.0,False
5978,NEG_16927,473.3276311359925,Arthropoda,Animalia,0.6929374673831068,False
5975,NEG_29653,580.3619825477214,Arthropoda,Animalia,0.9356109262831618,True
5985,NEG_14731,455.2110776349775,Arthropoda,Animalia,0.5819669060473619,False
5970,NEG_8957,399.3482741625987,Streptophyta,Plantae,0.9474679115874333,True
6018,NEG_20490,504.2740416767087,Evosea,Protozoa,0.0,False
6022,NEG_15229,458.3491409308568,Arthropoda,Animalia,0.0,False
6046,NEG_21498,511.36409799495374,Basidiomycota,Fungi,0.0,False
6044,NEG_4959,343.28563523501043,Actinomycetota,Bacteria,0.8318763260936678,True
6050,NEG_9985,411.31195904476976,Arthropoda,Animalia,0.36523176246899614,False
6065,NEG_6437,369.3012546295948,Arthropoda,Animalia,0.9120724993789935,True
6077,NEG_26151,553.3753775337734,Chlorophyta,Plantae,0.7937249211070176,True
6092,NEG_17963,481.3118548262312,Actinomycetota,Bacteria,0.3057590052754429,False
6098,NEG_17210,475.3429204870592,Actinomycetota,Bacteria,0.8506733733286616,True
6110,NEG_31094,590.364766754068,Ascomycota,Fungi,0.7987928681186797,True
6106,NEG_5403,353.1430070549625,Arthropoda,Animalia,0.8858297622941835,True
6141,NEG_4842,341.2699710567956,Arthropoda,Animalia,0.6844669749315433,False
6134,NEG_6799,375.087691394333,Arthropoda,Animalia,0.0,False
6188,NEG_19328,493.3171947037045,Arthropoda,Animalia,0.15285710711702943,False
6220,NEG_18881,489.3229213266855,Actinomycetota,Bacteria,0.20121096386681217,False
6232,NEG_9209,403.1584247281713,Actinomycetota,Bacteria,0.739319269843821,True
6237,NEG_2559,303.2332837764933,Actinomycetota,Bacteria,0.964455821702766,True
6236,NEG_13391,443.3170624321532,Ascomycota,Fungi,0.7330501438028275,True
6257,NEG_27341,563.3362421372684,Mucoromycota,Fungi,0.6689641300485055,False
6304,NEG_3266,313.2752350169995,Arthropoda,Animalia,0.9446098035255193,True
6265,NEG_24884,542.3494060507754,Ascomycota,Fungi,0.9733037192971709,True
6274,NEG_11412,425.3277837383818,Basidiomycota,Fungi,0.7278617587070543,True
6334,NEG_31588,593.3474376797609,Streptophyta,Plantae,0.6824328167412956,False
6318,NEG_33108,603.4275677490945,Basidiomycota,Fungi,0.0,False
6372,NEG_15362,459.3120580986762,Basidiomycota,Fungi,0.4324805198566315,False
6403,NEG_7395,382.3327477478941,Arthropoda,Animalia,0.5144565405163048,False
6413,NEG_18880,489.3228259574969,Basidiomycota,Fungi,0.9150288502787005,True
6422,NEG_4793,341.14282423377045,Actinomycetota,Bacteria,0.8903087667052277,True
6421,NEG_21445,511.3098841929388,Ascomycota,Fungi,0.49134348023036645,False
6445,NEG_107178,1183.5303807763776,Chlorophyta,Plantae,0.0,False
6465,NEG_9232,403.2645831428837,Arthropoda,Animalia,0.9063559059570264,True
6456,NEG_31398,592.2654931602639,Chlorophyta,Plantae,0.397130860323335,False
6454,NEG_31201,591.2622088996712,Actinomycetota,Bacteria,0.8982039539098996,True
6443,NEG_34506,613.243881915007,Chlorophyta,Plantae,0.0,False
6470,NEG_5465,353.2702178800795,Actinomycetota,Bacteria,0.7413911248685681,True
6469,NEG_12624,437.2678541076679,Actinomycetota,Bacteria,0.9366968955901736,True
6460,NEG_41723,659.2498788404985,Chlorophyta,Plantae,0.21942002996365784,False
6494,NEG_33708,607.3629632105557,Streptophyta,Plantae,0.9014068206969361,True
6549,NEG_30932,589.3527139612089,Streptophyta,Plantae,0.7052739281533871,True
6513,NEG_6066,365.24666144707135,Arthropoda,Animalia,0.0,False
6515,NEG_10709,419.2572547765112,Basidiomycota,Fungi,0.9647565383499223,True
6462,NEG_14026,449.3297381940237,Streptophyta,Plantae,0.8945783510485047,True
6563,NEG_3876,325.2751873620716,Basidiomycota,Fungi,0.7843952158463631,True
6555,NEG_6851,375.275688795784,Actinomycetota,Bacteria,0.20085829501868474,False
6573,NEG_4139,329.24894237790784,Actinomycetota,Bacteria,0.7450944335393257,True
6579,NEG_36480,625.4694962029359,Basidiomycota,Fungi,0.3903356613356911,False
6577,NEG_18004,481.35381577182886,Streptophyta,Plantae,0.0,False
6572,NEG_15854,463.3435218279188,Arthropoda,Animalia,0.7868334573435802,True
6650,NEG_29507,579.3319525376676,Basidiomycota,Fungi,0.8899498677779261,True
6591,NEG_3826,325.18474816956643,Actinomycetota,Bacteria,0.8203079573313999,True
6594,NEG_2994,311.1692027990576,Actinomycetota,Bacteria,0.9207073590330332,True
6604,NEG_7061,379.1586133363913,Actinomycetota,Bacteria,0.8594532380935799,True
6595,NEG_5110,347.22081710799324,Arthropoda,Animalia,0.0,False
6610,NEG_13968,449.27021254600527,Evosea,Protozoa,0.0,False
6661,NEG_41622,658.3917770497691,Evosea,Protozoa,0.8594842097699869,True
6643,NEG_7505,383.3172120882048,Basidiomycota,Fungi,0.08722570303315398,False
6674,NEG_16485,469.3178056232002,Arthropoda,Animalia,0.8794305186654432,True
6676,NEG_19946,499.3436925870468,Arthropoda,Animalia,0.39173441662306563,False
6680,NEG_16153,466.2966920186985,Arthropoda,Animalia,0.0,False
6686,NEG_4858,341.3064397475794,Arthropoda,Animalia,0.9577886028523406,True
6681,NEG_14555,453.3381249413928,Arthropoda,Animalia,0.7841511065076098,True
6691,NEG_5220,349.2422643197808,Actinomycetota,Bacteria,0.8516448812066246,True
6733,NEG_17326,476.3106231287511,Arthropoda,Animalia,0.0,False
6724,NEG_17176,475.3072512701074,Actinomycetota,Bacteria,0.8219608582881748,True
6730,NEG_17833,480.3101887501798,Actinomycetota,Bacteria,0.921219055380131,True
6734,NEG_15623,461.3265222553418,Basidiomycota,Fungi,0.6817325215802649,False
6740,NEG_12030,431.317045120365,Actinomycetota,Bacteria,0.6048416884286137,False
6770,NEG_37964,635.3806716251202,Streptophyta,Plantae,0.19345900230686217,False
6794,NEG_9779,409.2939791467994,Actinomycetota,Bacteria,0.717679250838551,True
6802,NEG_22737,523.3641420098714,Basidiomycota,Fungi,0.7706690487679999,True
6857,NEG_6435,369.3012202823377,Actinomycetota,Bacteria,0.9768941816066112,True
6855,NEG_20975,507.3142045509924,Arthropoda,Animalia,0.5196812738806392,False
6939,NEG_52410,721.4658844934454,Basidiomycota,Fungi,0.8600419578062883,True
6954,NEG_15852,463.3420709332711,Arthropoda,Animalia,0.8094095100879043,True
6955,NEG_5728,357.3016350170314,Arthropoda,Animalia,0.8044983634814703,True
6966,NEG_16960,473.3643194318091,Actinomycetota,Bacteria,0.0,False
6973,NEG_13597,445.3329551658403,Arthropoda,Animalia,0.0,False
6972,NEG_7272,381.2628954321007,Basidiomycota,Fungi,0.7750436688346533,True
6992,NEG_35788,621.3786155741333,Pseudomonadota,Bacteria,0.7507848683045671,True
6997,NEG_49218,703.5745601546395,Ascomycota,Fungi,0.014320098300534663,False
7004,NEG_2655,305.2491309090665,Actinomycetota,Bacteria,0.9134578164993443,True
7018,NEG_15202,458.3131494004924,Ascomycota,Fungi,0.05415945438738099,False
7021,NEG_8522,395.31713899770256,Actinomycetota,Bacteria,0.9421626218308712,True
7028,NEG_7299,381.301651179617,Arthropoda,Animalia,0.7194001557828955,True
7040,NEG_27099,561.3210107524148,Ascomycota,Fungi,0.5491070538659282,False
7052,NEG_52015,719.4517112047218,Streptophyta,Plantae,0.8090475907790113,True
7067,NEG_20413,503.3399710572727,Discosea,Protozoa,0.0,False
7061,NEG_10787,419.3535839830424,Arthropoda,Animalia,0.0,False
7072,NEG_17766,479.3750474961817,Arthropoda,Animalia,0.0,False
7078,NEG_14561,453.359301536636,Basidiomycota,Fungi,0.5838356163737334,False
7081,NEG_8960,399.34842473612593,Basidiomycota,Fungi,0.9429234503420125,True
7101,NEG_51247,715.4175141137331,Streptophyta,Plantae,0.0,False
7106,NEG_15106,457.3334331060005,Arthropoda,Animalia,0.22087376030353878,False
7110,NEG_15127,457.3691778258842,Arthropoda,Animalia,0.0,False
7112,NEG_49083,703.4213394103958,Streptophyta,Plantae,0.4301778803407321,False
7129,NEG_33703,607.3634682524233,Actinomycetota,Bacteria,0.9168963614380636,True
7132,NEG_7706,385.29657574201366,Actinomycetota,Bacteria,0.46669017879836117,False
7143,NEG_19138,491.3400107849437,Discosea,Protozoa,0.7170505136076966,True
7157,NEG_31257,591.3692153394818,Streptophyta,Plantae,0.6925990543181837,False
7160,NEG_5481,353.30677507980045,Basidiomycota,Fungi,0.9464745955983968,True
7202,NEG_34003,609.3788968636516,Basidiomycota,Fungi,0.5352881381839447,False
7206,NEG_18878,489.3227402297576,Actinomycetota,Bacteria,0.07775574889431297,False
7214,NEG_5670,356.32563138147185,Arthropoda,Animalia,0.0,False
7226,NEG_19595,495.3694565851768,Chlorophyta,Plantae,0.07578720710557744,False
7260,NEG_16178,466.33050995886026,Actinomycetota,Bacteria,0.9375394969384395,True
7275,NEG_21145,508.36453162336375,Chlorophyta,Plantae,0.0,False
7274,NEG_16722,471.3486247395276,Streptophyta,Plantae,0.6821969697455705,False
7335,NEG_8525,395.3166100891942,Basidiomycota,Fungi,0.7777824615439874,True
7323,NEG_7323,381.3376374766352,Actinomycetota,Bacteria,0.8422098769358144,True
7336,NEG_23230,527.4320897763711,Chlorophyta,Plantae,0.9172593946773576,True
7314,NEG_28060,568.4585813582385,Chlorophyta,Plantae,0.5137556773663458,False
7378,NEG_5623,355.3220941274691,Actinomycetota,Bacteria,0.9774850160060147,True
7424,NEG_6595,371.3166128402383,Actinomycetota,Bacteria,0.0,False
7368,NEG_5631,356.1605526704541,Actinomycetota,Bacteria,0.19319910975993973,False
7369,NEG_38927,641.3807932764568,Streptophyta,Plantae,0.0,False
7415,NEG_5407,353.16428206681013,Arthropoda,Animalia,0.37676122815398433,False
7384,NEG_17742,479.33769709572334,Chlorophyta,Plantae,0.2595780150856287,False
7396,NEG_5553,355.15876832901927,Actinomycetota,Bacteria,0.6484079365390416,False
7411,NEG_6431,369.30111302328464,Arthropoda,Animalia,0.9505036162143938,True
7397,NEG_34159,610.3906972863463,Actinomycetota,Bacteria,0.9782005461781385,True
7432,NEG_3705,323.22075813298324,Arthropoda,Animalia,0.4744512143805708,False
7427,NEG_41262,655.5892637660813,Streptophyta,Plantae,0.0,False
7433,NEG_4014,327.2907516328017,Actinomycetota,Bacteria,0.983480599075871,True
7434,NEG_55086,735.4728521472767,Chlorophyta,Plantae,0.020446451211850854,False
7446,NEG_9445,405.2987204982924,Bacillota,Bacteria,0.943431962793735,True
7477,NEG_52012,719.4506686278827,Streptophyta,Plantae,0.0,False
7471,NEG_16872,473.28635266957735,Basidiomycota,Fungi,0.04673328021429272,False
7473,NEG_69421,803.457712845287,Chlorophyta,Plantae,0.0,False
7495,NEG_8754,397.3324406165444,Streptophyta,Plantae,0.8871372083152246,True
7513,NEG_7146,379.32205048651394,Streptophyta,Plantae,0.39865250530948243,False
7523,NEG_5532,354.31000912151706,Arthropoda,Animalia,0.0,False
7535,NEG_48062,697.4080254040973,Streptophyta,Plantae,0.6975391410239083,False
7532,NEG_45370,681.4130246217646,Streptophyta,Plantae,0.034395763480255845,False
7567,NEG_7349,382.1764392300997,Actinomycetota,Bacteria,0.6089677416454876,False
7578,NEG_42266,662.423013155653,Arthropoda,Animalia,0.862681830079279,True
7573,NEG_39778,646.4277414626002,Mucoromycota,Fungi,0.7312386940656189,True
7577,NEG_7226,381.1743403825937,Actinomycetota,Bacteria,0.8705284778833672,True
7560,NEG_53560,727.456509803229,Ascomycota,Fungi,0.4641870966891074,False
7611,NEG_48761,701.4407340231785,Basidiomycota,Fungi,0.8629753097277947,True
7628,NEG_19966,499.36481171305553,Actinomycetota,Bacteria,0.494471714815458,False
7656,NEG_10400,415.3435486983221,Arthropoda,Animalia,0.9259529215743587,True
7666,NEG_56603,743.4485107022055,Basidiomycota,Fungi,0.0,False
7670,NEG_46343,687.4509333057055,Basidiomycota,Fungi,0.11136738678065086,False
7701,NEG_47670,695.3923391412593,Streptophyta,Plantae,0.0,False
7693,NEG_33269,604.4234042330839,Streptophyta,Plantae,0.0,False
7712,NEG_22968,525.3805180644359,Arthropoda,Animalia,0.72976078028856,True
7717,NEG_16031,465.3050007167149,Actinomycetota,Bacteria,0.0,False
7741,NEG_17499,477.3624056474277,Arthropoda,Animalia,0.9448645366242954,True
7746,NEG_5480,353.30675306110726,Actinomycetota,Bacteria,0.9888856328883255,True
7750,NEG_82301,863.4927797161253,Streptophyta,Plantae,0.0,False
7765,NEG_6278,367.32218503934297,Streptophyta,Plantae,0.910826559561203,True
7771,NEG_54047,729.5898418000467,Ascomycota,Fungi,0.0,False
7799,NEG_53192,725.442115411451,Basidiomycota,Fungi,0.6009967154526326,False
7798,NEG_32747,601.3922143623877,Streptophyta,Plantae,0.0,False
7816,NEG_17432,477.30415701446776,Actinomycetota,Bacteria,0.821158511520647,True
7822,NEG_33115,603.4294849006085,Basidiomycota,Fungi,0.0,False
7855,NEG_7502,383.31738886104864,Arthropoda,Animalia,0.10789443371750697,False
7857,NEG_48422,699.4259661973308,Streptophyta,Plantae,0.7358756088101375,True
7875,NEG_18023,481.3906880190612,Streptophyta,Plantae,0.7105503734468328,True
7891,NEG_41474,657.4059259323118,Chlorophyta,Plantae,0.0,False
7879,NEG_40833,653.4277699590236,Streptophyta,Plantae,0.5254804198411375,False
7894,NEG_33068,603.3915267514805,Actinomycetota,Bacteria,0.677498187352309,False
7897,NEG_29827,581.4434743839912,Streptophyta,Plantae,0.0,False
7912,NEG_19092,491.32057513637807,Arthropoda,Animalia,0.7721363486827573,True
7941,NEG_40338,650.3920952418478,Basidiomycota,Fungi,0.2174299953160884,False
7942,NEG_45222,680.4417304344669,Streptophyta,Plantae,0.24661283546972657,False
7949,NEG_7726,385.3326243455781,Arthropoda,Animalia,0.0,False
7944,NEG_19798,497.4219954617627,Streptophyta,Plantae,0.0,False
7966,NEG_50166,709.446072303296,Ascomycota,Fungi,0.6451977941520717,False
7998,NEG_10767,419.3145288521407,Bacillota,Bacteria,0.9102974496444433,True
7996,NEG_100783,1017.6033753433886,Streptophyta,Plantae,0.0,False
8041,NEG_98895,991.5859157457136,Chlorophyta,Plantae,0.0,False
8075,NEG_38297,637.3862695845149,Chlorophyta,Plantae,0.8666744274443894,True
8103,NEG_15395,459.3468195628572,Streptophyta,Plantae,0.0,False
8097,NEG_34075,609.4741760989702,Basidiomycota,Fungi,0.0,False
8123,NEG_79130,847.4747778936312,Actinomycetota,Bacteria,0.014151153893397111,False
8099,NEG_74000,823.490900681314,Chlorophyta,Plantae,0.1410809842085673,False
8104,NEG_13595,445.33281535866246,Streptophyta,Plantae,0.8232164037050711,True
8150,NEG_35349,618.4419526183252,Arthropoda,Animalia,0.2644272772164253,False
8149,NEG_79125,847.473842395038,Actinomycetota,Bacteria,0.0,False
8181,NEG_33424,605.4070279568498,Chlorophyta,Plantae,0.6341094198415254,False
8199,NEG_9816,409.3327796405832,Arthropoda,Animalia,0.6421353861111576,False
8198,NEG_61878,769.5261350471127,Streptophyta,Plantae,0.1440435566764896,False
8207,NEG_60390,762.5031358803004,Streptophyta,Plantae,0.0,False
8231,NEG_47555,694.4581124802845,Streptophyta,Plantae,0.478980239132956,False
8253,NEG_79612,849.5072295434716,Streptophyta,Plantae,0.0,False
8261,NEG_41476,657.4139412939413,Actinomycetota,Bacteria,0.3326166705703766,False
8310,NEG_49121,703.4561009149734,Streptophyta,Plantae,0.8531786088983236,True
8326,NEG_7335,381.33792529537806,Actinomycetota,Bacteria,0.941085144876038,True
8362,NEG_41168,655.4589215155734,Streptophyta,Plantae,0.26321369704129766,False
8371,NEG_15648,461.3643578456383,Streptophyta,Plantae,0.97622028491509,True
8385,NEG_43486,669.4596496049903,Chlorophyta,Plantae,0.6132281072544304,False
8384,NEG_20687,505.3329151138278,Discosea,Protozoa,0.8917689424043636,True
8414,NEG_48758,701.4410015512686,Streptophyta,Plantae,0.9582777331011391,True
8430,NEG_7536,383.35373582243113,Arthropoda,Animalia,0.98434738294551,True
8432,NEG_43074,667.3982196394628,Chlorophyta,Plantae,0.0,False
8411,NEG_53562,727.456176665254,Actinomycetota,Bacteria,0.6375214568709194,False
8441,NEG_64393,781.4548427088786,Chlorophyta,Plantae,0.22243533103761098,False
8469,NEG_48057,697.4080208465158,Chlorophyta,Plantae,0.0,False
8482,NEG_6451,369.33777750140064,Actinomycetota,Bacteria,0.988149179979818,True
8495,NEG_5617,355.322268453744,Actinomycetota,Bacteria,0.9410185401676643,True
8490,NEG_79616,849.510349777624,Streptophyta,Plantae,0.0,False
8486,NEG_30501,586.416036523417,Actinomycetota,Bacteria,0.0,False
8507,NEG_19357,493.33622995581067,Actinomycetota,Bacteria,0.9121947314565604,True
8502,NEG_27676,565.4477747094741,Streptophyta,Plantae,0.23176243628632842,False
8512,NEG_32936,602.4468582397175,Chlorophyta,Plantae,0.5637895624220197,False
8516,NEG_50537,711.4616728868573,Basidiomycota,Fungi,0.8903444749174518,True
8522,NEG_31362,591.4658222801089,Basidiomycota,Fungi,0.5907215924170571,False
8513,NEG_79168,847.4991810347427,Ascomycota,Fungi,0.4651412498154712,False
8528,NEG_38961,641.4182092130048,Actinomycetota,Bacteria,0.3258161134516784,False
8591,NEG_23859,533.38320576142,Arthropoda,Animalia,0.8295010251592655,True
8584,NEG_48958,702.478687392329,Pseudomonadota,Bacteria,0.9625324502789576,True
8592,NEG_8956,399.3479751517575,Actinomycetota,Bacteria,0.0,False
8663,NEG_20442,503.37782993051695,Actinomycetota,Bacteria,0.9126910376484296,True
8721,NEG_7404,382.3409523960784,Arthropoda,Animalia,0.11196348566204449,False
8684,NEG_35499,619.4215779283087,Chlorophyta,Plantae,0.06433811599426917,False
8676,NEG_46011,685.4449237371832,Streptophyta,Plantae,0.939480826097088,True
8683,NEG_6275,367.3218030547376,Basidiomycota,Fungi,0.894949162224568,True
8697,NEG_32932,602.4466732390641,Streptophyta,Plantae,0.8665881519984979,True
8695,NEG_62109,770.5287269298215,Actinomycetota,Bacteria,0.0,False
8706,NEG_52177,719.6377490042479,Arthropoda,Animalia,0.8571931805924958,True
8723,NEG_9834,409.36883324884576,Arthropoda,Animalia,0.9338424580680493,True
8736,NEG_2862,309.31657640655044,Arthropoda,Animalia,0.7665670531947497,True
8729,NEG_50663,711.6514291515199,Actinomycetota,Bacteria,0.9690353880134772,True
8746,NEG_11150,423.3095033195408,Arthropoda,Animalia,0.9888039937259019,True
8766,NEG_61189,766.4884266079014,Basidiomycota,Fungi,0.8196857409460706,True
8763,NEG_7427,383.1898028185464,Actinomycetota,Bacteria,0.7334063914733994,True
8779,NEG_7553,384.1923836673269,Arthropoda,Animalia,0.23030821982752087,False
8826,NEG_4865,341.30616093094926,Evosea,Protozoa,0.8795625592918368,True
8847,NEG_19140,491.3378554168716,Arthropoda,Animalia,0.6755818110328279,False
8837,NEG_55843,739.5170687796943,Streptophyta,Plantae,0.0,False
8838,NEG_36173,623.4530624809036,Chlorophyta,Plantae,0.7667352800801884,True
8851,NEG_62561,772.5210171661425,Actinomycetota,Bacteria,0.27427583016147805,False
8866,NEG_42115,661.4418166336354,Ascomycota,Fungi,0.8918240818318328,True
8855,NEG_42283,662.4445000968554,Pseudomonadota,Bacteria,0.0646200474345172,False
8867,NEG_69167,802.4792401263829,Mucoromycota,Fungi,0.7596552514131257,True
8878,NEG_20751,505.39378663149705,Actinomycetota,Bacteria,0.9145980492602074,True
8884,NEG_54182,730.5034459507583,Actinomycetota,Bacteria,0.3239548039172648,False
8912,NEG_95411,953.5495762572616,Actinomycetota,Bacteria,0.7150873230665741,True
8896,NEG_45368,681.4127752781861,Chlorophyta,Plantae,0.7810893817414146,True
8923,NEG_49333,704.4877023813676,Pseudomonadota,Bacteria,0.4794007588275091,False
8905,NEG_68661,799.7046696931001,Ascomycota,Fungi,0.0,False
8913,NEG_9039,400.351543539348,Ascomycota,Fungi,0.0,False
8922,NEG_36398,625.3867466228654,Chlorophyta,Plantae,0.30546714111566475,False
8927,NEG_42374,663.3664701464903,Chlorophyta,Plantae,0.2659619472100274,False
8931,NEG_77065,837.4832978889494,Actinomycetota,Bacteria,0.0,False
8940,NEG_23626,531.369677538467,Streptophyta,Plantae,0.30512878285307526,False
8935,NEG_42724,665.3822659552252,Chlorophyta,Plantae,0.0,False
8950,NEG_30830,588.4311582796507,Actinomycetota,Bacteria,0.6930862078033967,False
8951,NEG_6733,373.2753096813639,Actinomycetota,Bacteria,0.0,False
8971,NEG_56791,744.4090482427505,Chlorophyta,Plantae,0.0,False
8962,NEG_31142,590.4476083496616,Actinomycetota,Bacteria,0.0,False
8984,NEG_8542,395.35326547374825,Streptophyta,Plantae,0.9577419999878016,True
9017,NEG_97773,978.5961477320416,Discosea,Protozoa,0.0,False
9036,NEG_90642,913.584788623794,Bacillota,Bacteria,0.7296298514931879,True
9038,NEG_9818,409.3325472669065,Streptophyta,Plantae,0.9081611985725346,True
9047,NEG_35695,620.4571380241343,Streptophyta,Plantae,0.4246871508594642,False
9062,NEG_51898,718.5036509041228,Bacillota,Bacteria,0.3829662868542289,False
9069,NEG_98890,991.5922602163228,Streptophyta,Plantae,0.0,False
9093,NEG_50004,708.4732004652556,Streptophyta,Plantae,0.0,False
9109,NEG_57051,745.466749635374,Basidiomycota,Fungi,0.12891279596881852,False
9126,NEG_37693,633.4376994440952,Mucoromycota,Fungi,0.0,False
9135,NEG_35505,619.4217663493637,Streptophyta,Plantae,0.16194716563389766,False
9152,NEG_30990,589.433842371411,Actinomycetota,Bacteria,0.0,False
9172,NEG_42761,665.4175944055594,Actinomycetota,Bacteria,0.18183309587383173,False
9184,NEG_27955,567.4636336711606,Mucoromycota,Fungi,0.255038250971238,False
9188,NEG_54905,734.4893971857462,Streptophyta,Plantae,0.09831058750780292,False
9202,NEG_66045,788.5527845981038,Actinomycetota,Bacteria,0.4374955700025235,False
9253,NEG_15405,459.34848781644814,Arthropoda,Animalia,0.8498629777787844,True
9262,NEG_6454,369.33763465779685,Actinomycetota,Bacteria,0.9924364631984762,True
9275,NEG_11434,425.3641322668405,Streptophyta,Plantae,0.9879431058195428,True
9300,NEG_39645,645.4599095521795,Chlorophyta,Plantae,0.4104618826646289,False
9313,NEG_52633,722.4892681165846,Streptophyta,Plantae,0.30035092261893254,False
9330,NEG_72917,818.5555181916379,Actinomycetota,Bacteria,0.0,False
9315,NEG_50540,711.4615737301427,Basidiomycota,Fungi,0.45828086111716426,False
9307,NEG_46360,687.4613875783064,Actinomycetota,Bacteria,0.9465845314883007,True
9354,NEG_31681,593.4794559320733,Actinomycetota,Bacteria,0.604224830460721,False
9362,NEG_63480,776.5548077978943,Basidiomycota,Fungi,0.17223155857759342,False
9360,NEG_46883,690.4994543274587,Streptophyta,Plantae,0.7727270917682231,True
9374,NEG_80013,851.5217872276763,Chlorophyta,Plantae,0.047373849502665856,False
9396,NEG_34728,614.446696842887,Streptophyta,Plantae,0.38888844818074314,False
9391,NEG_50929,713.4761386363347,Basidiomycota,Fungi,0.7110656768147231,True
9459,NEG_67367,794.5201456409476,Actinomycetota,Bacteria,0.19720561603681894,False
9420,NEG_46014,685.445807944696,Basidiomycota,Fungi,0.9182441741242547,True
9428,NEG_58627,753.5310993435047,Actinomycetota,Bacteria,0.0,False
9460,NEG_7331,381.3376541559149,Basidiomycota,Fungi,0.9335380044707479,True
9491,NEG_28556,572.4354701610422,Actinomycetota,Bacteria,0.8719218800826924,True
9477,NEG_53837,728.5319361462948,Chlorophyta,Plantae,0.2291301294974415,False
9526,NEG_101594,1029.5802524131957,Actinomycetota,Bacteria,0.0,False
9535,NEG_61823,769.4884669391301,Chlorophyta,Plantae,0.12666273828233776,False
9539,NEG_70820,809.4856351035173,Chlorophyta,Plantae,0.0,False
9555,NEG_32935,602.4467502539642,Chlorophyta,Plantae,0.7717691510100955,True
9558,NEG_72391,816.4949925253849,Actinomycetota,Bacteria,0.22719285303033027,False
9580,NEG_33286,604.4623161285256,Actinomycetota,Bacteria,0.9223462019736062,True
9603,NEG_56896,744.5180207843038,Pseudomonadota,Bacteria,0.2048063518798377,False
9621,NEG_66663,791.4959575021187,Actinomycetota,Bacteria,0.6532646724705887,False
9638,NEG_34726,614.4464688129175,Streptophyta,Plantae,0.8647959230780237,True
9643,NEG_23005,525.4529475091025,Streptophyta,Plantae,0.9112103373086471,True
9645,NEG_58392,752.5080745048392,Pseudomonadota,Bacteria,0.0,False
9683,NEG_63998,779.4735738833888,Ascomycota,Fungi,0.0,False
9672,NEG_28244,569.4793486475851,Streptophyta,Plantae,0.0,False
9668,NEG_33749,607.4224611900638,Streptophyta,Plantae,0.057735626703668046,False
9686,NEG_31302,591.4297759165333,Actinomycetota,Bacteria,0.8317911869778686,True
9702,NEG_58230,751.5043264593586,Streptophyta,Plantae,0.0,False
9691,NEG_10044,411.3849407830472,Streptophyta,Plantae,0.9357668492825527,True
9697,NEG_95595,955.5652643031226,Chlorophyta,Plantae,0.5741292706156452,False
9714,NEG_96700,967.541119373929,Chlorophyta,Plantae,0.0,False
9723,NEG_77480,839.4999089791894,Actinomycetota,Bacteria,0.0,False
9729,NEG_23216,527.4115707441807,Bacillota,Bacteria,0.5662322163321881,False
9737,NEG_99958,1005.5778273494802,Streptophyta,Plantae,0.6738177442870246,False
9731,NEG_9831,409.3691451562224,Basidiomycota,Fungi,0.9550173789134735,True
9742,NEG_66047,788.5531717731607,Actinomycetota,Bacteria,0.22331637879850377,False
9748,NEG_52447,721.4912366097088,Ascomycota,Fungi,0.0,False
9758,NEG_28706,573.4193716276715,Chlorophyta,Plantae,0.0,False
9778,NEG_32937,602.4469952492786,Streptophyta,Plantae,0.913640355267152,True
9790,NEG_25967,551.4691434616195,Basidiomycota,Fungi,0.24745176838051008,False
9789,NEG_80766,855.5047448854392,Actinomycetota,Bacteria,0.779576403448468,True
9809,NEG_79016,846.5877301919719,Arthropoda,Animalia,0.19723563678018144,False
9807,NEG_42957,666.4512321068992,Bacillota,Bacteria,0.27037782964012924,False
9825,NEG_39957,647.4779957044333,Streptophyta,Plantae,0.37487525256509413,False
9847,NEG_66886,792.5047674877951,Actinomycetota,Bacteria,0.05578185176463964,False
9848,NEG_73099,819.5168544210762,Chlorophyta,Plantae,0.03375454743385481,False
9859,NEG_52045,719.4759986050301,Chlorophyta,Plantae,0.0,False
9880,NEG_99464,998.5706658953565,Streptophyta,Plantae,0.0,False
9888,NEG_98045,981.581138342012,Chlorophyta,Plantae,0.9077995505182818,True
9882,NEG_46984,691.4329828040646,Actinomycetota,Bacteria,0.8696857840744577,True
9901,NEG_73820,822.5304934151417,Arthropoda,Animalia,0.058048736693013886,False
9881,NEG_102630,1049.5693728778988,Streptophyta,Plantae,0.83447531864809,True
9897,NEG_61606,768.4980548768232,Actinomycetota,Bacteria,0.0,False
9898,NEG_27161,561.4153352586028,Chlorophyta,Plantae,0.0,False
9910,NEG_43150,667.4806357395615,Streptophyta,Plantae,0.0,False
9927,NEG_27952,567.4640057042299,Streptophyta,Plantae,0.2961070127668597,False
9935,NEG_28863,574.4518913994135,Actinomycetota,Bacteria,0.8982231930268598,True
9932,NEG_30106,583.4041126635004,Basidiomycota,Fungi,0.03350220842149694,False
9945,NEG_71490,812.5314197871503,Arthropoda,Animalia,0.02865968750045675,False
9956,NEG_68725,800.4861603245587,Streptophyta,Plantae,0.0,False
9958,NEG_69938,805.4886587803753,Chlorophyta,Plantae,0.13723649718558195,False
9960,NEG_7328,381.33790207456246,Streptophyta,Plantae,0.8956503488193602,True
9970,NEG_7849,387.2909762174194,Actinomycetota,Bacteria,0.9796319865681679,True
9983,NEG_46714,689.4767527984027,Streptophyta,Plantae,0.668773455871417,False
9995,NEG_67359,794.5204288335125,Actinomycetota,Bacteria,0.15868310459501025,False
9992,NEG_35222,617.4645616942672,Streptophyta,Plantae,0.629373625123607,False
10002,NEG_35038,616.4618964940846,Actinomycetota,Bacteria,0.22938750104660866,False
10006,NEG_7535,383.35358370115216,Actinomycetota,Bacteria,0.99833928067779,True
10021,NEG_82167,862.5824720861609,Basidiomycota,Fungi,0.6229785117329609,False
10026,NEG_72365,816.4811105357036,Actinomycetota,Bacteria,0.0030071352312197866,False
10034,NEG_30528,586.4518411281318,Chlorophyta,Plantae,0.8532461740936591,True
10047,NEG_73121,819.5271534896289,Actinomycetota,Bacteria,0.0,False
10050,NEG_31679,593.4793106313748,Actinomycetota,Bacteria,0.758854382553934,True
10070,NEG_34297,611.4094852116916,Evosea,Protozoa,0.001717314585547188,False
10073,NEG_35839,621.4378843884311,Actinomycetota,Bacteria,0.18041196889483518,False
10083,NEG_22611,522.4529243792643,Mucoromycota,Fungi,0.0,False
10080,NEG_46359,687.4622056065735,Streptophyta,Plantae,0.8294770130914962,True
10099,NEG_35368,618.4781124735892,Basidiomycota,Fungi,0.884780239788899,True
10110,NEG_35569,619.4812413641233,Actinomycetota,Bacteria,0.0,False
10119,NEG_33289,604.4625162746875,Streptophyta,Plantae,0.8797646555747983,True
10140,NEG_45071,679.4562505124069,Actinomycetota,Bacteria,0.5488644256226496,False
10145,NEG_41660,658.4463093556285,Evosea,Protozoa,0.01583023546718671,False
10143,NEG_83085,867.5269692016318,Chlorophyta,Plantae,0.0,False
10159,NEG_12713,437.3638263254837,Streptophyta,Plantae,0.0,False
10166,NEG_47017,691.4571320467757,Actinomycetota,Bacteria,0.5220969272485534,False
10206,NEG_23002,525.4528847475639,Chlorophyta,Plantae,0.8154398627622664,True
10211,NEG_67109,793.4878200502452,Actinomycetota,Bacteria,0.3009775873729471,False
10207,NEG_47408,693.4946871366938,Basidiomycota,Fungi,0.3827959574902698,False
10224,NEG_47370,693.4624630182507,Bacillota,Bacteria,0.0,False
10209,NEG_44789,677.4999850621239,Basidiomycota,Fungi,0.0,False
10249,NEG_22852,524.4686960113137,Pseudomonadota,Bacteria,0.1724353233049078,False
10256,NEG_46390,687.4999345277014,Basidiomycota,Fungi,0.6640182873998909,False
10272,NEG_51688,717.4725425883796,Chlorophyta,Plantae,0.7402051954572659,True
10294,NEG_101708,1031.595792557722,Chlorophyta,Plantae,0.5000750860003974,False
10275,NEG_75751,831.5044212767128,Actinomycetota,Bacteria,0.0,False
10333,NEG_4572,337.3115058602131,Arthropoda,Animalia,0.8390858139541544,True
10327,NEG_13694,446.3752831246355,Chlorophyta,Plantae,0.0,False
10335,NEG_73123,819.5274934943274,Actinomycetota,Bacteria,0.0,False
10379,NEG_45857,684.450542184362,Discosea,Protozoa,0.3206234308808747,False
10389,NEG_29055,575.4686211699633,Actinomycetota,Bacteria,0.7846027409825358,True
10396,NEG_67142,793.5140333957763,Streptophyta,Plantae,0.6104020664712433,False
10377,NEG_60992,765.4857488525236,Actinomycetota,Bacteria,0.0,False
10400,NEG_36715,627.4257061107938,Actinomycetota,Bacteria,0.0,False
10406,NEG_32191,597.415465005286,Basidiomycota,Fungi,0.21437939259450048,False
10416,NEG_3081,311.29593433013343,Actinomycetota,Bacteria,0.9275805648875806,True
10420,NEG_45070,679.4559873488951,Actinomycetota,Bacteria,0.735688936395462,True
10414,NEG_73791,822.5145946127755,Actinomycetota,Bacteria,0.0,False
10411,NEG_29957,582.4750525672274,Basidiomycota,Fungi,0.9087670443907898,True
10444,NEG_77891,841.5147717785759,Chlorophyta,Plantae,0.0,False
10452,NEG_78288,843.5249225231298,Chlorophyta,Plantae,0.0,False
10451,NEG_56186,741.4734293043089,Actinomycetota,Bacteria,0.8853128280969719,True
10464,NEG_72161,815.4998653035618,Streptophyta,Plantae,0.2340853310020213,False
10474,NEG_95790,957.5801870419142,Chlorophyta,Plantae,0.47844688637459526,False
10493,NEG_67360,794.5198924858788,Mucoromycota,Fungi,0.4976264675173997,False
10501,NEG_100126,1007.5966064553272,Chlorophyta,Plantae,0.41184393018224646,False
10530,NEG_55116,735.5072044556891,Actinomycetota,Bacteria,0.01443219880198799,False
10536,NEG_92579,927.539483770552,Arthropoda,Animalia,0.0,False
10557,NEG_37860,634.4458279149171,Actinomycetota,Bacteria,0.7435139919023606,True
10564,NEG_37537,632.4940397468204,Streptophyta,Plantae,0.6787237488271596,False
10570,NEG_42136,661.4692638398834,Mucoromycota,Fungi,0.5668484120023882,False
10567,NEG_25972,551.469004314074,Mucoromycota,Fungi,0.4981200339436234,False
10574,NEG_64440,781.4884210404898,Actinomycetota,Bacteria,0.9888059958705002,True
10575,NEG_79582,849.4762007892087,Actinomycetota,Bacteria,0.6561234940134718,False
10587,NEG_49490,705.4724480230565,Arthropoda,Animalia,0.8245753565069217,True
10597,NEG_67107,793.4873225754568,Actinomycetota,Bacteria,0.0,False
10600,NEG_61685,768.5626845660421,Actinomycetota,Bacteria,0.2313530057948757,False
10602,NEG_30854,588.4670750566216,Chlorophyta,Plantae,0.7192380910213646,True
10596,NEG_81181,857.5189891497995,Actinomycetota,Bacteria,0.6678588267078441,False
10610,NEG_48760,701.4410976066391,Ascomycota,Fungi,0.5858427242662734,False
10605,NEG_29013,575.4356915081843,Actinomycetota,Bacteria,0.7489649075002673,True
10616,NEG_40561,651.4829848160344,Chlorophyta,Plantae,0.0,False
10608,NEG_28057,568.4589457583903,Mucoromycota,Fungi,0.0,False
10620,NEG_22610,522.4524535999518,Chlorophyta,Plantae,0.0,False
10619,NEG_30402,585.4507752191882,Chlorophyta,Plantae,0.0,False
10651,NEG_32318,598.4523893850087,Actinomycetota,Bacteria,0.02982911930167247,False
10646,NEG_25517,547.4373988225134,Chlorophyta,Plantae,0.7005086278050235,True
10669,NEG_32196,597.4194751683802,Basidiomycota,Fungi,0.1385941695473225,False
10677,NEG_70432,807.503884178132,Actinomycetota,Bacteria,0.544525188954661,False
10695,NEG_44924,678.4724315207691,Pseudomonadota,Bacteria,0.3473464847393938,False
10703,NEG_98198,983.5965521534728,Actinomycetota,Bacteria,0.8460013574071498,True
10717,NEG_102725,1051.5831007358888,Chlorophyta,Plantae,0.0,False
10718,NEG_32633,600.4676312967711,Chlorophyta,Plantae,0.8337321166814846,True
10712,NEG_74281,824.5464971749597,Actinomycetota,Bacteria,0.890499751032818,True
10722,NEG_40567,651.497359632655,Ascomycota,Fungi,0.4132352442081802,False
10729,NEG_52058,719.4839609263341,Bacillota,Bacteria,0.32858101283065305,False
10741,NEG_7531,383.3535182860833,Actinomycetota,Bacteria,0.9947985663676475,True
10747,NEG_53749,728.4498278583727,Pseudomonadota,Bacteria,0.23289559657896802,False
10746,NEG_41986,660.4621618896771,Actinomycetota,Bacteria,0.7944499550919529,True
10775,NEG_54375,731.4923276772669,Actinomycetota,Bacteria,0.38197534215275175,False
10763,NEG_29049,575.4685527734968,Basidiomycota,Fungi,0.2899545903588028,False
10761,NEG_63483,776.5539552984555,Streptophyta,Plantae,0.5697515351687925,False
10762,NEG_61216,766.5245422433657,Actinomycetota,Bacteria,0.4665323476206772,False
10732,NEG_47376,693.4735000885253,Actinomycetota,Bacteria,0.9310547297520048,True
10819,NEG_73080,819.5023953776404,Ascomycota,Fungi,0.4892568385774382,False
10815,NEG_49491,705.4718995065043,Chlorophyta,Plantae,0.8902210845228187,True
10820,NEG_47346,693.4492521410682,Chlorophyta,Plantae,0.769160714213412,True
10814,NEG_67604,795.5041085528036,Actinomycetota,Bacteria,0.44708969773097973,False
10831,NEG_60159,761.4616818571968,Actinomycetota,Bacteria,0.3897002851777103,False
10830,NEG_29327,577.4844250138468,Actinomycetota,Bacteria,0.1697916849644873,False
10838,NEG_61022,765.5178830935688,Discosea,Protozoa,0.0,False
10859,NEG_8779,397.36911456982136,Basidiomycota,Fungi,0.9436840479071719,True
10872,NEG_56661,743.4884433849817,Actinomycetota,Bacteria,0.864733857671519,True
10882,NEG_47344,693.4486763665687,Actinomycetota,Bacteria,0.8218877718613515,True
10876,NEG_28330,570.4746434305706,Chlorophyta,Plantae,0.9899868156060603,True
10886,NEG_27027,560.4453548123355,Pseudomonadota,Bacteria,0.0,False
10884,NEG_22850,524.4688580054282,Basidiomycota,Fungi,0.672044690453736,False
10892,NEG_61415,767.5082765251645,Actinomycetota,Bacteria,0.0,False
10895,NEG_57698,748.5144627826312,Actinomycetota,Bacteria,0.0,False
10914,NEG_96138,961.5349359674948,Chlorophyta,Plantae,0.0,False
10917,NEG_66666,791.4995860924403,Actinomycetota,Bacteria,0.031161265474721866,False
10923,NEG_28740,573.4531915292457,Basidiomycota,Fungi,0.6193709992117777,False
10925,NEG_12979,439.4163673221228,Streptophyta,Plantae,0.9439262092838088,True
10907,NEG_25748,549.4528573292554,Streptophyta,Plantae,0.0,False
10948,NEG_9829,409.3691487622686,Streptophyta,Plantae,0.8977956842746249,True
10937,NEG_47337,693.4417982060547,Mucoromycota,Fungi,0.32429444491509013,False
10954,NEG_62999,774.5305498841718,Actinomycetota,Bacteria,0.0,False
10955,NEG_34442,612.432946686165,Chlorophyta,Plantae,0.31699257901151723,False
10961,NEG_38713,639.4968416655637,Basidiomycota,Fungi,0.3834924456019766,False
10953,NEG_78070,842.5182250100862,Mucoromycota,Fungi,0.8006508148426702,True
10962,NEG_55265,736.4907835918738,Actinomycetota,Bacteria,0.8096147036676817,True
10964,NEG_46208,686.4774679234802,Actinomycetota,Bacteria,0.5553375936669881,False
10967,NEG_58731,754.4652831929482,Pseudomonadota,Bacteria,0.0,False
10966,NEG_52065,719.4879019387674,Actinomycetota,Bacteria,0.7744903778928952,True
10974,NEG_59626,758.5429808221521,Actinomycetota,Bacteria,0.5719351670240206,False
10981,NEG_83468,869.5443207132396,Chlorophyta,Plantae,0.46374145236538755,False
10990,NEG_73842,822.5519678383254,Actinomycetota,Bacteria,0.19265781311687144,False
11008,NEG_39161,642.4779894716972,Actinomycetota,Bacteria,0.7538272742370781,True
11011,NEG_108610,1254.768303538718,Discosea,Protozoa,0.0,False
10993,NEG_24218,536.4688026092382,Basidiomycota,Fungi,0.0,False
11007,NEG_43505,669.4950410847836,Streptophyta,Plantae,0.0,False
11001,NEG_100276,1009.612663942308,Chlorophyta,Plantae,0.8056747440614883,True
11026,NEG_54371,731.4873110707699,Actinomycetota,Bacteria,0.2949140563913732,False
11056,NEG_101825,1033.6116051909803,Chlorophyta,Plantae,0.0,False
11061,NEG_27530,564.4636690734801,Chlorophyta,Plantae,0.8664376146610334,True
11065,NEG_39304,643.4357438585788,Pseudomonadota,Bacteria,0.5989618991105982,False
11079,NEG_58552,753.4720635221165,Actinomycetota,Bacteria,0.921138906231267,True
11095,NEG_42841,665.5120083768126,Chlorophyta,Plantae,0.35132950494034976,False
11110,NEG_44740,677.4405513927207,Bacillota,Bacteria,0.45015895572349857,False
11092,NEG_57092,745.5037739512502,Actinomycetota,Bacteria,0.8455059547542735,True
11108,NEG_62131,770.5440947593383,Actinomycetota,Bacteria,0.8585815711219846,True
11125,NEG_40083,648.46192559823,Actinomycetota,Bacteria,0.8364860580316511,True
11121,NEG_53083,724.5379306825039,Chlorophyta,Plantae,0.4991294461183118,False
11149,NEG_15878,463.416128171253,Actinomycetota,Bacteria,0.0,False
11151,NEG_51151,714.5090571200848,Ascomycota,Fungi,0.8515503841835595,True
11156,NEG_58603,753.516128804557,Actinomycetota,Bacteria,0.0,False
11177,NEG_43664,670.4828745069234,Discosea,Protozoa,0.7573543946811625,True
11188,NEG_42131,661.4659273622586,Actinomycetota,Bacteria,0.299648997978149,False
11159,NEG_43106,667.4352169330223,Actinomycetota,Bacteria,0.5863917408956224,False
11186,NEG_44301,674.4766177557341,Actinomycetota,Bacteria,0.45621360767594965,False
11194,NEG_58977,755.4981212868487,Mucoromycota,Fungi,0.44225939855934243,False
11204,NEG_32958,602.4829772003335,Arthropoda,Animalia,0.682270204141147,False
11206,NEG_72640,817.5153455101619,Actinomycetota,Bacteria,0.15762873148715914,False
11195,NEG_28453,571.4375054277745,Basidiomycota,Fungi,0.0,False
11229,NEG_50790,712.5379466326073,Basidiomycota,Fungi,0.6012187999131848,False
11219,NEG_63228,775.5336607571415,Actinomycetota,Bacteria,0.1957454987920759,False
11235,NEG_78733,845.5437498346657,Chlorophyta,Plantae,0.6438598796714721,False
11233,NEG_74672,826.5310713001168,Basidiomycota,Fungi,0.0,False
11226,NEG_64043,779.507930510685,Actinomycetota,Bacteria,0.019633684699150993,False
11240,NEG_94227,942.5570112851572,Arthropoda,Animalia,0.0,False
11247,NEG_48628,700.4927372995694,Actinomycetota,Bacteria,0.8958469301365947,True
11243,NEG_47063,691.4937512546898,Discosea,Protozoa,0.41998801068303043,False
11262,NEG_32502,599.4675617595259,Arthropoda,Animalia,0.7682467764062039,True
11268,NEG_45129,679.516073384255,Basidiomycota,Fungi,0.0,False
11277,NEG_68809,800.5454934421308,Actinomycetota,Bacteria,0.6588200485359164,False
11286,NEG_56224,741.5169927355935,Actinomycetota,Bacteria,0.504360044334005,False
11297,NEG_31013,589.4482962350423,Streptophyta,Plantae,0.5637627626007918,False
11331,NEG_92598,927.5823741542328,Actinomycetota,Bacteria,0.0,False
11361,NEG_26532,556.4960737738534,Arthropoda,Animalia,0.6115646072689845,False
11373,NEG_25284,545.4219039892746,Arthropoda,Animalia,0.0,False
11378,NEG_90091,909.5805043673348,Actinomycetota,Bacteria,0.30236845806846,False
11362,NEG_41358,656.4940175255942,Actinomycetota,Bacteria,0.2966978843563344,False
11404,NEG_27267,562.4611418241144,Pseudomonadota,Bacteria,0.6075989397015267,False
11369,NEG_61442,767.5349016097399,Actinomycetota,Bacteria,0.5367747876552347,False
11417,NEG_65716,787.4760261400555,Chlorophyta,Plantae,0.5069607244636342,False
11414,NEG_23096,526.4844660417963,Pseudomonadota,Bacteria,0.3439178475323099,False
11418,NEG_40897,653.5121857602606,Ascomycota,Fungi,0.4598884856018961,False
11413,NEG_26202,553.4847805462563,Actinomycetota,Bacteria,0.32268769789242874,False
11426,NEG_88940,901.5080030090176,Mucoromycota,Fungi,0.5620352227054902,False
11436,NEG_76256,833.5198694001019,Actinomycetota,Bacteria,0.9947727358164908,True
11450,NEG_49843,707.4876279837437,Actinomycetota,Bacteria,0.9223366596387654,True
11477,NEG_54178,730.5040997681087,Pseudomonadota,Bacteria,0.3250575962460174,False
11460,NEG_66030,788.5456929811323,Actinomycetota,Bacteria,0.3617689537961577,False
11469,NEG_26286,554.4801646392209,Arthropoda,Animalia,0.0,False
11475,NEG_72862,818.5182957379518,Actinomycetota,Bacteria,0.0,False
11482,NEG_36595,626.4825231590245,Chlorophyta,Plantae,0.0,False
11496,NEG_71701,813.4916511565883,Pseudomonadota,Bacteria,0.12671093006743236,False
11497,NEG_73593,821.5178913811777,Ascomycota,Fungi,0.4315410332170208,False
11508,NEG_30708,587.4331128279824,Chlorophyta,Plantae,0.6204426123239729,False
11509,NEG_32352,598.5062080211186,Actinomycetota,Bacteria,0.8842547497897234,True
11523,NEG_19624,495.4424506516513,Streptophyta,Plantae,0.9224081125853869,True
11522,NEG_26052,552.4999500127545,Actinomycetota,Bacteria,0.0,False
11559,NEG_34200,610.5057442246431,Basidiomycota,Fungi,0.03522147931711596,False
11536,NEG_81555,859.5351341020913,Ascomycota,Fungi,0.5988823357133012,False
11552,NEG_46554,688.4925755917326,Arthropoda,Animalia,0.8560271353861163,True
11553,NEG_59580,758.498439041469,Actinomycetota,Bacteria,0.8182804286735559,True
11554,NEG_98369,985.6122419901604,Chlorophyta,Plantae,0.889789389853119,True
11564,NEG_50730,712.4922517897461,Actinomycetota,Bacteria,0.6650183246114061,False
11545,NEG_10043,411.3848358967731,Basidiomycota,Fungi,0.9510292405957468,True
11566,NEG_44461,675.4810981913873,Actinomycetota,Bacteria,0.5866012116940468,False
11577,NEG_44302,674.477389550057,Actinomycetota,Bacteria,0.8775273324039186,True
11579,NEG_56366,742.4653852005563,Bacillota,Bacteria,0.46505821578630036,False
11581,NEG_79453,848.56769845269,Chlorophyta,Plantae,0.0,False
11583,NEG_47355,693.450526964472,Bacillota,Bacteria,0.3448632072040701,False
11593,NEG_74713,826.5621845037132,Actinomycetota,Bacteria,0.949721506462803,True
11595,NEG_87845,894.5485448871858,Mucoromycota,Fungi,0.0,False
11603,NEG_8782,397.369010846145,Discosea,Protozoa,0.9223855633165049,True
11615,NEG_101478,1027.5835573107686,Chlorophyta,Plantae,0.0,False
11616,NEG_10386,415.322061446039,Streptophyta,Plantae,0.9298566724790309,True
11617,NEG_70430,807.5041166585384,Actinomycetota,Bacteria,0.0,False
11629,NEG_95976,959.5959215052168,Chlorophyta,Plantae,0.7489032050893132,True
11632,NEG_57854,749.5007608586463,Actinomycetota,Bacteria,0.0,False
11657,NEG_65082,784.5154356418079,Actinomycetota,Bacteria,0.8569993346243197,True
11646,NEG_68810,800.5455264526635,Actinomycetota,Bacteria,0.7566652078130919,True
11678,NEG_57089,745.5042697102313,Actinomycetota,Bacteria,0.7594834411586764,True
11661,NEG_30128,583.4582748767541,Chlorophyta,Plantae,0.7300371667313491,True
11662,NEG_76942,836.5670201007723,Arthropoda,Animalia,0.15701525210854755,False
11666,NEG_63145,775.475172279686,Bacillota,Bacteria,0.41926742302962294,False
11699,NEG_60432,762.5309456584049,Evosea,Protozoa,0.4830962985290113,False
11686,NEG_53463,726.5538043557244,Actinomycetota,Bacteria,0.6474272976041991,False
11688,NEG_62617,772.5589811932997,Actinomycetota,Bacteria,0.9257042495392994,True
11693,NEG_66277,789.5497221447849,Actinomycetota,Bacteria,0.9603439352672234,True
11700,NEG_18029,481.42676420219215,Streptophyta,Plantae,0.37795281029038086,False
11681,NEG_59793,759.4826160855472,Mucoromycota,Fungi,0.5810903248253979,False
11715,NEG_59000,755.5321331172865,Discosea,Protozoa,0.12098796035669065,False
11710,NEG_49126,703.4566637626599,Chlorophyta,Plantae,0.6394855196761177,False
11711,NEG_51145,714.5082954002796,Actinomycetota,Bacteria,0.7169580138217067,True
11724,NEG_63472,776.5459337591984,Actinomycetota,Bacteria,0.29157429559495307,False
11726,NEG_48629,700.4928844322357,Basidiomycota,Fungi,0.8513624555516842,True
11718,NEG_47754,695.4666851559654,Actinomycetota,Bacteria,0.9720167435607167,True
11713,NEG_35519,619.435306539606,Actinomycetota,Bacteria,0.7309583315676539,True
11750,NEG_31348,591.4631879317797,Chlorophyta,Plantae,0.0,False
11749,NEG_60052,760.5576136123565,Basidiomycota,Fungi,0.7158883129692056,True
11747,NEG_67150,793.5238768374415,Ascomycota,Fungi,0.0,False
11790,NEG_45890,684.4873505838979,Actinomycetota,Bacteria,0.07994498308745447,False
11789,NEG_70091,805.6077652960489,Actinomycetota,Bacteria,0.0697976481108359,False
11804,NEG_54756,733.5034826870619,Actinomycetota,Bacteria,0.5601748155737514,False
11815,NEG_27794,566.4795367477877,Basidiomycota,Fungi,0.9209985269655228,True
11851,NEG_68944,801.4917770417695,Pseudomonadota,Bacteria,0.059891249272339964,False
11813,NEG_46756,689.5205278391093,Arthropoda,Animalia,0.4858704531348293,False
11826,NEG_70862,809.5196742936247,Actinomycetota,Bacteria,0.8289930118035653,True
11834,NEG_83854,871.5591845532172,Actinomycetota,Bacteria,0.0,False
11839,NEG_84995,877.5076878829285,Actinomycetota,Bacteria,0.04113279922008222,False
11884,NEG_43476,669.4511321953329,Streptophyta,Plantae,0.996438559314591,True
11837,NEG_29600,579.4998608942906,Actinomycetota,Bacteria,0.6640998751634436,False
11852,NEG_68241,798.4524581763803,Bacillota,Bacteria,0.08184800911923007,False
11862,NEG_54134,730.4657135724342,Bacillota,Bacteria,0.5793152691416679,False
11861,NEG_55633,738.5089220409294,Actinomycetota,Bacteria,0.953771533833307,True
11877,NEG_42468,663.4814606042196,Actinomycetota,Bacteria,0.8244760099875739,True
11863,NEG_44619,676.4914283168035,Actinomycetota,Bacteria,0.9216740599367457,True
11866,NEG_42307,662.4774485328912,Actinomycetota,Bacteria,0.9412818391419896,True
11878,NEG_79196,847.5344068568655,Ascomycota,Fungi,0.14138305674996432,False
11891,NEG_64486,781.5242213083023,Actinomycetota,Bacteria,0.21313773789144366,False
11892,NEG_69288,802.5612735922236,Actinomycetota,Bacteria,0.03992926595086389,False
11899,NEG_62329,771.5253055820584,Actinomycetota,Bacteria,0.2585838974188001,False
11920,NEG_50736,712.4930700338119,Actinomycetota,Bacteria,0.9461059245397271,True
11935,NEG_73137,819.5398497557279,Evosea,Protozoa,0.15322631876080975,False
11928,NEG_32356,598.5063377212788,Basidiomycota,Fungi,0.8166499856540034,True
11989,NEG_106906,1173.7656513213428,Bacillota,Bacteria,0.0,False
11918,NEG_57460,747.4829487139473,Actinomycetota,Bacteria,0.3921764147684118,False
11961,NEG_106973,1175.7772874425716,Actinomycetota,Bacteria,0.3954665762758141,False
11981,NEG_6108,365.34254643287073,Arthropoda,Animalia,0.9255348218181341,True
11990,NEG_53965,729.4726885707481,Actinomycetota,Bacteria,0.9474692772331662,True
12001,NEG_93527,935.5959968464914,Actinomycetota,Bacteria,0.7831475304106519,True
12002,NEG_25829,550.4846715920851,Ascomycota,Fungi,0.25679570594884277,False
12020,NEG_44617,676.4831684630728,Bacillota,Bacteria,0.4129904033702227,False
12004,NEG_46729,689.4963790885994,Actinomycetota,Bacteria,0.6879591753122248,False
12015,NEG_46557,688.4929841979894,Actinomycetota,Bacteria,0.8533433928637254,True
12018,NEG_59134,756.4812703564693,Actinomycetota,Bacteria,0.4038767345441072,False
12021,NEG_49001,702.5067470066753,Actinomycetota,Bacteria,0.7050578630036481,True
12017,NEG_41507,657.4510794469068,Basidiomycota,Fungi,0.5262075896805729,False
12029,NEG_67147,793.5155434160398,Actinomycetota,Bacteria,0.3888249975753887,False
12041,NEG_58617,753.5293487006498,Evosea,Protozoa,0.2698470170387601,False
12067,NEG_67361,794.5164575794228,Actinomycetota,Bacteria,0.0,False
12049,NEG_29872,581.5158493564936,Arthropoda,Animalia,0.007914343486748479,False
12058,NEG_66198,789.4914290880649,Bacillota,Bacteria,0.2667816870437898,False
12065,NEG_52469,721.5033928339366,Actinomycetota,Bacteria,0.9664372550520768,True
12052,NEG_51888,718.5036222817395,Pseudomonadota,Bacteria,0.19723197932421546,False
12080,NEG_51681,717.4726564538564,Basidiomycota,Fungi,0.0,False
12090,NEG_44017,672.4981551823115,Actinomycetota,Bacteria,0.8997133741922334,True
12091,NEG_92095,923.5960260127788,Actinomycetota,Bacteria,0.879815878761057,True
12102,NEG_55968,740.4859454150134,Mucoromycota,Fungi,0.16043612442733515,False
12087,NEG_36231,623.5383091034611,Chlorophyta,Plantae,0.8172153887673217,True
12092,NEG_74044,823.5351051020374,Discosea,Protozoa,0.788712768987124,True
12111,NEG_35088,616.5169020553838,Evosea,Protozoa,0.8536495728610441,True
12112,NEG_37751,633.5071622917833,Evosea,Protozoa,0.9866356600075905,True
12115,NEG_28343,570.5107549484155,Evosea,Protozoa,0.5870840300921222,False
12117,NEG_33634,606.4880754463129,Evosea,Protozoa,0.5355125235108159,False
12122,NEG_73130,819.5326167390617,Actinomycetota,Bacteria,0.36854650380627196,False
12150,NEG_29603,579.5004783701936,Basidiomycota,Fungi,0.7139519630255419,True
12147,NEG_53830,728.5245900631279,Pseudomonadota,Bacteria,0.6887146224758458,False
12146,NEG_76722,835.5355134339114,Actinomycetota,Bacteria,0.8380659189481386,True
12148,NEG_89257,903.5240153670164,Mucoromycota,Fungi,0.33116985302196844,False
12159,NEG_64631,782.4961844510551,Bacillota,Bacteria,0.0,False
12128,NEG_59833,759.5214387081244,Actinomycetota,Bacteria,0.25542158133107074,False
12151,NEG_51142,714.5075403832466,Actinomycetota,Bacteria,0.8205004740413828,True
12166,NEG_4734,339.3270644972301,Arthropoda,Animalia,0.9406960702497579,True
12181,NEG_62576,772.5233583716677,Arthropoda,Animalia,0.07199664640410224,False
12180,NEG_78488,844.5332619078613,Chlorophyta,Plantae,0.890593609258804,True
12184,NEG_54752,733.5029646584712,Actinomycetota,Bacteria,0.6177860764462835,False
12191,NEG_49509,705.5084512198108,Mucoromycota,Fungi,0.19653072644935848,False
12234,NEG_47422,693.5085528471459,Actinomycetota,Bacteria,0.3134954993420033,False
12250,NEG_61455,767.546609067556,Basidiomycota,Fungi,0.0,False
12261,NEG_26053,552.5002730140156,Basidiomycota,Fungi,0.1020401936070803,False
12252,NEG_83639,870.5487536903914,Arthropoda,Animalia,0.886791715765385,True
12258,NEG_15394,459.348460245291,Streptophyta,Plantae,0.9456040917628933,True
12253,NEG_69293,802.5615088639839,Actinomycetota,Bacteria,0.7203560247868458,True
12312,NEG_77135,837.5486503991801,Actinomycetota,Bacteria,0.9350138758415009,True
12311,NEG_16320,467.44735048617366,Actinomycetota,Bacteria,0.9300846516644368,True
12345,NEG_48150,697.5211517889038,Ascomycota,Fungi,0.24527038950581498,False
12344,NEG_60811,764.5164179575008,Actinomycetota,Bacteria,0.8059564990749305,True
12353,NEG_28088,568.4953307552206,Actinomycetota,Bacteria,0.24486268422720148,False
12336,NEG_37708,633.4509026044141,Actinomycetota,Bacteria,0.0,False
12416,NEG_65596,786.5734714088553,Actinomycetota,Bacteria,0.5972404627919197,False
12367,NEG_57504,747.5235377626946,Actinomycetota,Bacteria,0.2187102448362619,False
12383,NEG_68121,797.5445463359564,Actinomycetota,Bacteria,0.5554368021853892,False
12408,NEG_53016,724.4836696319472,Arthropoda,Animalia,0.0,False
12390,NEG_34487,612.521900353379,Arthropoda,Animalia,0.791454802382428,True
12399,NEG_37132,629.5120200465482,Bacillota,Bacteria,0.0066314665850862745,False
12400,NEG_36788,627.4963192271854,Bacillota,Bacteria,0.9956815507488188,True
12406,NEG_27538,564.500117039994,Basidiomycota,Fungi,0.46178694606330256,False
12424,NEG_67643,795.5391213573171,Actinomycetota,Bacteria,0.09299000317000268,False
12426,NEG_96172,961.6114525609696,Actinomycetota,Bacteria,0.9088811103417991,True
12440,NEG_95000,949.6108267243148,Actinomycetota,Bacteria,0.0,False
12443,NEG_56461,742.5400889205074,Actinomycetota,Bacteria,0.6646259767949796,False
12453,NEG_49002,702.508561670404,Actinomycetota,Bacteria,0.9714088636905533,True
12452,NEG_60840,764.5460442086187,Pseudomonadota,Bacteria,0.5070060181875273,False
12444,NEG_26676,557.4584187000836,Basidiomycota,Fungi,0.6187880988731417,False
12458,NEG_39639,645.4508491781681,Actinomycetota,Bacteria,0.8092337572402427,True
12457,NEG_29163,576.4753534274931,Basidiomycota,Fungi,0.0,False
12470,NEG_59133,756.4804480704457,Discosea,Protozoa,0.66696162443216,False
12481,NEG_62761,773.4989311179719,Actinomycetota,Bacteria,0.2823951305239667,False
12486,NEG_81974,861.5508446418854,Actinomycetota,Bacteria,0.765428238349678,True
12488,NEG_98542,987.6272659085552,Streptophyta,Plantae,0.0,False
12509,NEG_60009,760.5151806683087,Arthropoda,Animalia,0.7302647227134533,True
12495,NEG_44623,676.4927148019655,Actinomycetota,Bacteria,0.6899948632788434,False
12522,NEG_24466,538.4850734956528,Basidiomycota,Fungi,0.03409297827232373,False
12507,NEG_66509,790.5617413557633,Actinomycetota,Bacteria,0.4740037051549929,False
12512,NEG_44785,677.4970131930439,Actinomycetota,Bacteria,0.7625905004703696,True
12526,NEG_46882,690.4980180578424,Actinomycetota,Bacteria,0.1837775737746258,False
12527,NEG_51148,714.508705609764,Actinomycetota,Bacteria,0.9907893808438321,True
12537,NEG_81365,858.5495155555928,Arthropoda,Animalia,0.8157034460367264,True
12542,NEG_68391,798.5748379869591,Actinomycetota,Bacteria,0.6768501649665369,False
12545,NEG_61888,769.5481061227732,Actinomycetota,Bacteria,0.7910074056576553,True
12553,NEG_72237,815.5647500234913,Actinomycetota,Bacteria,0.5549234059692677,False
12554,NEG_67674,795.5674716325561,Arthropoda,Animalia,0.7643160353484247,True
12569,NEG_35252,617.5118946204785,Basidiomycota,Fungi,0.9190031001015313,True
12577,NEG_29069,575.5383109834283,Arthropoda,Animalia,0.6809322109730059,False
12589,NEG_32670,600.5218440289917,Evosea,Protozoa,0.5763577685660906,False
12587,NEG_31528,592.5301591349855,Ascomycota,Fungi,0.0,False
12609,NEG_75151,828.5774467639549,Actinomycetota,Bacteria,0.9880505834792902,True
12606,NEG_54576,732.5186177152864,Pseudomonadota,Bacteria,0.34133349562991194,False
12624,NEG_59609,758.5338168355228,Evosea,Protozoa,0.4002774708762395,False
12618,NEG_115234,1497.0468479532324,Chlorophyta,Plantae,0.0,False
12636,NEG_72166,815.5069465102291,Chlorophyta,Plantae,0.8747823386953582,True
12638,NEG_116330,1522.057992882974,Actinomycetota,Bacteria,0.0,False
12639,NEG_115189,1496.0429925551457,Actinomycetota,Bacteria,0.0,False
12642,NEG_57500,747.5195360480656,Actinomycetota,Bacteria,0.9883470422829245,True
12641,NEG_116371,1523.0620376332813,Discosea,Protozoa,0.0,False
12669,NEG_93753,937.611838621514,Ascomycota,Fungi,0.8730034208670994,True
12671,NEG_29716,580.4951279442231,Ascomycota,Fungi,0.6194645009495953,False
12684,NEG_79647,849.5507124485443,Ascomycota,Fungi,0.8009973393371653,True
12686,NEG_77894,841.5225820114183,Pseudomonadota,Bacteria,0.14660335767744342,False
12690,NEG_62806,773.5346064166937,Arthropoda,Animalia,0.6183603611338803,False
12699,NEG_91202,917.539033892508,Streptophyta,Plantae,0.24060182974624536,False
12713,NEG_53646,727.5405459468985,Chlorophyta,Plantae,0.15799735159029787,False
12720,NEG_34936,615.4966351342421,Bacillota,Bacteria,0.9884605828732154,True
12721,NEG_76291,833.554649187412,Actinomycetota,Bacteria,0.23854856427168158,False
12733,NEG_51537,716.5234545354151,Actinomycetota,Bacteria,0.7715927017386257,True
12745,NEG_56843,744.4814435334532,Bacillota,Bacteria,0.5052520377734045,False
12726,NEG_72491,816.5769628160933,Actinomycetota,Bacteria,0.728013429822291,True
12712,NEG_43827,671.466735097587,Actinomycetota,Bacteria,0.8424395809117371,True
12760,NEG_58858,754.585117880183,Actinomycetota,Bacteria,0.07890238659300594,False
12751,NEG_72716,817.5807434419261,Actinomycetota,Bacteria,0.09699903920887559,False
12759,NEG_55137,735.5185941779628,Bacillota,Bacteria,0.7754254805664231,True
12761,NEG_70894,809.5567607918043,Actinomycetota,Bacteria,0.026663093786097842,False
12771,NEG_91088,916.6013396248904,Chlorophyta,Plantae,0.0,False
12801,NEG_52060,719.4874929163749,Streptophyta,Plantae,0.18073158394641464,False
12803,NEG_33507,605.479294511123,Arthropoda,Animalia,0.20204177629010206,False
12784,NEG_48116,697.4829036788336,Chlorophyta,Plantae,0.9680967874758906,True
12812,NEG_63886,778.5613936862892,Streptophyta,Plantae,0.5700307847595185,False
12824,NEG_65764,787.5133790957391,Chlorophyta,Plantae,0.2391697724216382,False
12792,NEG_49877,707.5242196258711,Actinomycetota,Bacteria,0.4535665457583836,False
12846,NEG_36627,626.5372191602365,Actinomycetota,Bacteria,0.0,False
12845,NEG_56008,740.5241894287569,Actinomycetota,Bacteria,0.9410203065773655,True
12852,NEG_54372,731.4876067658874,Ascomycota,Fungi,0.42137159660912393,False
12856,NEG_65074,784.5116955828021,Actinomycetota,Bacteria,0.13858466202462594,False
12868,NEG_77137,837.5506611684391,Actinomycetota,Bacteria,0.8397443568223341,True
12888,NEG_57137,745.551135880646,Pseudomonadota,Bacteria,0.04432473561997975,False
12952,NEG_46239,686.5135947803169,Actinomycetota,Bacteria,0.4230092094187951,False
12897,NEG_82558,864.599346883629,Arthropoda,Animalia,0.08853336197053083,False
12898,NEG_59382,757.5037722467041,Basidiomycota,Fungi,0.42286593760279495,False
12902,NEG_64922,783.5630933897372,Discosea,Protozoa,0.20661763239769404,False
12904,NEG_56462,742.5397041573844,Actinomycetota,Bacteria,0.5870708179101805,False
12927,NEG_57896,749.5337888089363,Bacillota,Bacteria,0.24784881243018902,False
12923,NEG_77909,841.5297607794532,Chlorophyta,Plantae,0.12129152820569097,False
12933,NEG_99376,997.5197899437773,Actinomycetota,Bacteria,0.0,False
12934,NEG_62817,773.5420497254635,Actinomycetota,Bacteria,0.6714902434659916,False
12939,NEG_87045,889.5442824037947,Evosea,Protozoa,0.0,False
12905,NEG_39057,641.5128010172855,Ascomycota,Fungi,0.0,False
12937,NEG_61007,765.5117781729641,Pseudomonadota,Bacteria,0.0,False
12950,NEG_66473,790.5323352287297,Ascomycota,Fungi,0.8903307717081865,True
12955,NEG_60242,761.5351454449454,Ascomycota,Fungi,0.45387639447475703,False
12981,NEG_75316,829.5236168037171,Pseudomonadota,Bacteria,0.1567497041616873,False
13014,NEG_32528,599.502495081647,Arthropoda,Animalia,0.9601498093413591,True
13015,NEG_29971,582.5111854955131,Actinomycetota,Bacteria,0.4343925714701712,False
13027,NEG_72494,816.5776800271651,Actinomycetota,Bacteria,0.559074123155263,False
13030,NEG_86175,884.5648160341888,Evosea,Protozoa,0.8081747661663671,True
13035,NEG_31802,594.5111424216,Arthropoda,Animalia,0.666076710344117,False
13040,NEG_84652,875.5667925466678,Arthropoda,Animalia,0.0,False
13039,NEG_65811,787.5502117489813,Actinomycetota,Bacteria,0.6114770291444979,False
13071,NEG_104548,1095.73611240179,Actinomycetota,Bacteria,0.0,False
13046,NEG_47087,691.5124154735992,Bacillota,Bacteria,0.8076293110699835,True
13074,NEG_79245,847.5729671741866,Ascomycota,Fungi,0.1791450135911018,False
13077,NEG_59571,758.4980884823727,Actinomycetota,Bacteria,0.8494075006972097,True
13084,NEG_46895,690.5088148466317,Actinomycetota,Bacteria,0.7691257154090492,True
13093,NEG_56010,740.5245223176803,Actinomycetota,Bacteria,0.8035493735761909,True
13101,NEG_57895,749.5323856797603,Actinomycetota,Bacteria,0.5153508808475114,False
13115,NEG_68592,799.5589597262846,Chlorophyta,Plantae,0.6226915763375847,False
13132,NEG_12728,437.40035967520726,Discosea,Protozoa,0.0,False
13133,NEG_13405,443.35343479374416,Streptophyta,Plantae,0.978044090247802,True
13137,NEG_94162,941.598449241508,Actinomycetota,Bacteria,0.0,False
13146,NEG_54026,729.556806603869,Actinomycetota,Bacteria,0.11715916569941144,False
13165,NEG_71736,813.5300000607577,Chlorophyta,Plantae,0.29893741414436176,False
13181,NEG_34782,614.537376492821,Evosea,Protozoa,0.5237190671990853,False
13189,NEG_28586,572.4818723639752,Arthropoda,Animalia,0.0,False
13209,NEG_95237,951.6268741677586,Actinomycetota,Bacteria,0.15236148290017237,False
13222,NEG_26946,559.4737671065701,Actinomycetota,Bacteria,0.16353518488938965,False
13223,NEG_30263,584.5272902463395,Actinomycetota,Bacteria,0.0,False
13230,NEG_96382,963.62725302736,Actinomycetota,Bacteria,0.4766908601676641,False
13245,NEG_39397,643.5278978569366,Pseudomonadota,Bacteria,0.7546288520684903,True
13253,NEG_32792,601.4481316081345,Streptophyta,Plantae,0.559564614411596,False
13265,NEG_54779,733.5443915897362,Actinomycetota,Bacteria,0.1753861931853252,False
13254,NEG_41838,659.4666805055136,Pseudomonadota,Bacteria,0.7568972388808879,True
13271,NEG_63887,778.5615741296925,Arthropoda,Animalia,0.9013466334043683,True
13273,NEG_60241,761.534583666632,Actinomycetota,Bacteria,0.5440775022404674,False
13286,NEG_62606,772.5499590193489,Arthropoda,Animalia,0.059637768774960395,False
13290,NEG_65815,787.5538701649238,Chlorophyta,Plantae,0.5148187146258899,False
13317,NEG_118223,1564.1524367034149,Actinomycetota,Bacteria,0.0,False
13331,NEG_69811,804.5772352861272,Actinomycetota,Bacteria,0.8335431281039769,True
13342,NEG_56935,744.5552149782135,Actinomycetota,Bacteria,0.47613664411551415,False
13352,NEG_81451,858.6317209633679,Streptophyta,Plantae,0.04494871091017513,False
13350,NEG_39534,644.548862461554,Basidiomycota,Fungi,0.8110094388481819,True
13356,NEG_32372,598.5420638738593,Arthropoda,Animalia,0.2537305411225893,False
13357,NEG_119202,1590.1706324782951,Actinomycetota,Bacteria,0.8338819143167215,True
13369,NEG_119248,1591.1726385213822,Discosea,Protozoa,0.797531744471354,True
13340,NEG_46049,685.4820242495454,Basidiomycota,Fungi,0.6536836619167137,False
13381,NEG_33937,608.5267069780168,Basidiomycota,Fungi,0.26908124354652524,False
13375,NEG_91514,919.5547518138452,Chlorophyta,Plantae,0.0,False
13389,NEG_28585,572.4815358043788,Actinomycetota,Bacteria,0.0,False
13376,NEG_76340,833.6015663320262,Actinomycetota,Bacteria,0.39482556219143644,False
13387,NEG_79254,847.5807317385766,Discosea,Protozoa,0.9160012245260638,True
13399,NEG_75619,830.5929477767341,Actinomycetota,Bacteria,0.9988522171012318,True
13394,NEG_90900,915.566059460062,Chlorophyta,Plantae,0.5325319611730078,False
13400,NEG_120005,1616.1860328156406,Discosea,Protozoa,0.0,False
13405,NEG_120030,1617.1886688602756,Arthropoda,Animalia,0.8322726887978056,True
13406,NEG_88466,898.580148285947,Arthropoda,Animalia,0.985915860207926,True
13420,NEG_60664,763.54780624284,Actinomycetota,Bacteria,0.231365908984603,False
13415,NEG_78160,842.5922278464122,Actinomycetota,Bacteria,0.6624067754632628,False
13440,NEG_52511,721.5402029376578,Ascomycota,Fungi,0.0,False
13448,NEG_46585,688.5292942407019,Actinomycetota,Bacteria,0.7139070471593411,True
13451,NEG_62171,770.5709944800797,Arthropoda,Animalia,0.8981536180149712,True
13471,NEG_66990,792.5771689070516,Arthropoda,Animalia,0.355101693176954,False
13479,NEG_76752,835.5714196681678,Evosea,Protozoa,0.152441146289128,False
13478,NEG_80627,854.5893103861215,Actinomycetota,Bacteria,0.0,False
13494,NEG_95615,955.6134661746072,Actinomycetota,Bacteria,0.0,False
13525,NEG_54220,730.5395716622592,Actinomycetota,Bacteria,0.7500281852862222,True
13520,NEG_48998,702.5074225785899,Actinomycetota,Bacteria,0.38070009225920576,False
13544,NEG_68331,798.5278224596299,Pseudomonadota,Bacteria,0.0,False
13545,NEG_34655,613.5173806706182,Arthropoda,Animalia,0.0,False
13533,NEG_37894,634.5188769716701,Evosea,Protozoa,0.8287863893696295,True
13532,NEG_51538,716.5245216216648,Arthropoda,Animalia,0.8080658451820875,True
13546,NEG_56466,742.54036288587,Actinomycetota,Bacteria,0.9964869839345243,True
13547,NEG_32102,596.5266966018413,Actinomycetota,Bacteria,0.574835144601962,False
13559,NEG_71091,810.5278411986088,Actinomycetota,Bacteria,0.3723760595448641,False
13562,NEG_59216,756.5556133442211,Actinomycetota,Bacteria,0.7647065586419942,True
13577,NEG_38857,640.5531318925788,Arthropoda,Animalia,0.7377626178741086,True
13608,NEG_68152,797.5792787143466,Mucoromycota,Fungi,0.4639060775267354,False
13638,NEG_32831,601.5171392992356,Pseudomonadota,Bacteria,0.9814098068622464,True
13642,NEG_28884,574.4976912527926,Actinomycetota,Bacteria,0.0,False
13656,NEG_18664,487.37975122773327,Streptophyta,Plantae,0.8840245587061152,True
13671,NEG_96558,965.6420782919728,Actinomycetota,Bacteria,0.5650229519854156,False
13676,NEG_78313,843.5382729304955,Actinomycetota,Bacteria,0.15932968968973055,False
13654,NEG_69032,801.5694662535078,Streptophyta,Plantae,0.5848549444656049,False
13678,NEG_63247,775.5511760936807,Actinomycetota,Bacteria,0.9040667871958451,True
13696,NEG_72964,818.5929763085281,Actinomycetota,Bacteria,0.6062581330804682,False
13704,NEG_34221,610.542390127291,Actinomycetota,Bacteria,0.10653200019818679,False
13730,NEG_36639,626.5736603524234,Evosea,Protozoa,0.06917593578381968,False
13734,NEG_40087,648.4703125174352,Actinomycetota,Bacteria,0.5226340088445023,False
13741,NEG_36040,622.5423641076088,Arthropoda,Animalia,0.2684842483544179,False
13743,NEG_68843,800.582495359975,Arthropoda,Animalia,0.0,False
13750,NEG_40122,648.5346616964679,Evosea,Protozoa,0.48329998012855463,False
13759,NEG_44158,673.4819941584758,Ascomycota,Fungi,0.9727802914912055,True
13788,NEG_78578,844.6083126154093,Arthropoda,Animalia,0.34312876021044314,False
13783,NEG_67196,793.5598300065284,Actinomycetota,Bacteria,0.37444247351417886,False
13808,NEG_42153,661.4827456591387,Actinomycetota,Bacteria,0.921842181799943,True
13826,NEG_82006,861.5899258599969,Arthropoda,Animalia,0.0,False
13799,NEG_72067,814.6063901027075,Mucoromycota,Fungi,0.49859140910513633,False
13819,NEG_64753,782.616305569213,Actinomycetota,Bacteria,0.4182984064027998,False
13846,NEG_31808,594.5474013059903,Arthropoda,Animalia,0.2567883304823211,False
13847,NEG_90870,915.5281830817162,Chlorophyta,Plantae,0.18172958454536628,False
13849,NEG_70752,808.631762311497,Actinomycetota,Bacteria,0.07517071213361069,False
13851,NEG_41585,657.5437254453068,Arthropoda,Animalia,0.9612774653350316,True
13860,NEG_33934,608.526469100564,Basidiomycota,Fungi,0.0,False
13878,NEG_54222,730.5402912461733,Actinomycetota,Bacteria,0.8649690688423232,True
13884,NEG_65540,786.5284104657034,Ascomycota,Fungi,0.2859014854048716,False
13891,NEG_51927,718.5399812933264,Pseudomonadota,Bacteria,0.815490472029529,True
13887,NEG_66290,789.5662946447745,Pseudomonadota,Bacteria,0.6947119300033139,False
13921,NEG_71088,810.5277235365373,Arthropoda,Animalia,0.18360537778385388,False
13942,NEG_62172,770.5714793528667,Discosea,Protozoa,0.8571520569628956,True
13952,NEG_74265,824.5431450018194,Pseudomonadota,Bacteria,0.19453150482997422,False
13956,NEG_79678,849.5865725677127,Arthropoda,Animalia,0.22023074222716685,False
13979,NEG_83479,869.5601364283308,Chlorophyta,Plantae,0.6848122452317167,False
13988,NEG_65595,786.5662307729928,Arthropoda,Animalia,0.036421296833790605,False
13989,NEG_66714,791.5449303239863,Chlorophyta,Plantae,0.011572416261918175,False
13990,NEG_71612,812.647372087895,Discosea,Protozoa,0.0,False
13992,NEG_76116,832.6091000567736,Mucoromycota,Fungi,0.49078243458517834,False
13996,NEG_69037,801.5730094831177,Actinomycetota,Bacteria,0.47406207643568843,False
13999,NEG_36337,624.5578640894008,Actinomycetota,Bacteria,0.25801176389934727,False
14012,NEG_86550,886.5816837390774,Arthropoda,Animalia,0.2074184434065693,False
14028,NEG_65167,784.5871108766871,Evosea,Protozoa,0.5598521798947974,False
14026,NEG_66543,790.6007235953083,Actinomycetota,Bacteria,0.19983179595224704,False
14064,NEG_81054,856.6085266456206,Actinomycetota,Bacteria,0.11666373472196855,False
14065,NEG_63691,777.565425131883,Actinomycetota,Bacteria,0.3966454803869213,False
14084,NEG_81243,857.6112605312833,Actinomycetota,Bacteria,0.0,False
14097,NEG_67957,796.631779447998,Discosea,Protozoa,0.0,False
14127,NEG_108515,1249.3100988805104,Arthropoda,Animalia,0.3812993209724904,False
14173,NEG_71516,812.5438786044331,Arthropoda,Animalia,0.0,False
14188,NEG_56941,744.5566865415658,Actinomycetota,Bacteria,0.5919356511160598,False
14192,NEG_54591,732.5529585829668,Actinomycetota,Bacteria,0.9084890036632113,True
14223,NEG_57928,749.5709176512961,Actinomycetota,Bacteria,0.0,False
14218,NEG_91418,918.6724626512656,Streptophyta,Plantae,0.0,False
14231,NEG_46392,687.4978057264279,Actinomycetota,Bacteria,0.7300748840061808,True
14230,NEG_74570,825.6264997266388,Discosea,Protozoa,0.04262627621402668,False
14239,NEG_66294,789.5688362706725,Actinomycetota,Bacteria,0.3727608224143354,False
14243,NEG_27183,561.4889684470364,Arthropoda,Animalia,0.06916509999018458,False
14253,NEG_34495,612.5582503055037,Evosea,Protozoa,0.33778952524623285,False
14268,NEG_56063,740.6063395994564,Chlorophyta,Plantae,0.0,False
14276,NEG_87748,893.6122491164008,Ascomycota,Fungi,0.0,False
14295,NEG_102700,1050.7323913965329,Bacillota,Bacteria,0.0,False
14292,NEG_33942,608.5631209840117,Arthropoda,Animalia,0.725284547280232,True
14296,NEG_49025,702.5449279962298,Actinomycetota,Bacteria,0.5610788965067903,False
14298,NEG_41051,654.5693458810118,Arthropoda,Animalia,0.3368391763938736,False
14300,NEG_84886,876.6368417118961,Streptophyta,Plantae,0.4373604662468449,False
14302,NEG_86609,886.6641722561891,Actinomycetota,Bacteria,0.8727235391892381,True
14286,NEG_44481,675.4978230767483,Actinomycetota,Bacteria,0.4993584565959161,False
14314,NEG_108380,1241.7930717519394,Actinomycetota,Bacteria,0.0,False
14334,NEG_93198,932.6878979558531,Actinomycetota,Bacteria,0.19106943005243823,False
14360,NEG_36800,627.5354001287529,Actinomycetota,Bacteria,0.0,False
14358,NEG_88828,900.5965269867235,Actinomycetota,Bacteria,0.8177296077630983,True
14366,NEG_81449,858.6243178002355,Actinomycetota,Bacteria,0.40043620736652696,False
14393,NEG_44040,672.5815263579531,Evosea,Protozoa,0.6783964017939357,False
14394,NEG_46777,689.5695114155546,Evosea,Protozoa,0.9300698173830888,True
14396,NEG_39210,642.5694578208323,Evosea,Protozoa,0.5299080310468227,False
14391,NEG_95917,958.7034414044437,Bacillota,Bacteria,0.0,False
14398,NEG_42331,662.5507191883663,Evosea,Protozoa,0.4999136483591299,False
14408,NEG_38532,638.5739516348655,Actinomycetota,Bacteria,0.0,False
14421,NEG_34494,612.5584213009025,Ascomycota,Fungi,0.4539129398066225,False
14437,NEG_34222,610.5429731365768,Ascomycota,Fungi,0.0,False
14443,NEG_59651,758.5711208388199,Arthropoda,Animalia,0.6068038208890763,False
14465,NEG_69573,803.5855901248797,Actinomycetota,Bacteria,0.18960365138348254,False
14451,NEG_53864,728.5612914889197,Actinomycetota,Bacteria,0.722771822802797,True
14454,NEG_79046,846.6243929274061,Arthropoda,Animalia,0.2196633371465972,False
14489,NEG_27435,563.5050413714317,Arthropoda,Animalia,0.39540932472838064,False
14499,NEG_59460,757.5930247520241,Chlorophyta,Plantae,0.03496608036999552,False
14504,NEG_88531,898.7549746760768,Streptophyta,Plantae,0.0,False
14514,NEG_48013,696.6157506824871,Chlorophyta,Plantae,0.3303969497821824,False
14547,NEG_83362,868.6528218633786,Streptophyta,Plantae,0.3346910547636418,False
14556,NEG_37142,629.5486889225734,Ascomycota,Fungi,0.0,False
14561,NEG_92486,926.611971414782,Discosea,Protozoa,0.9921070479164436,True
14597,NEG_71195,810.647524028008,Ascomycota,Fungi,0.0,False
14592,NEG_34121,609.5586280389363,Evosea,Protozoa,0.46079717272054505,False
14598,NEG_36635,626.5484518407268,Evosea,Protozoa,0.061970078828428046,False
14617,NEG_68416,798.6028155951491,Ascomycota,Fungi,0.42645152107766787,False
14623,NEG_86933,888.6788272714012,Streptophyta,Plantae,0.21919220535753858,False
14625,NEG_86022,883.5392319902406,Actinomycetota,Bacteria,0.35937336996760527,False
14632,NEG_95173,951.5261035961448,Chlorophyta,Plantae,0.03308655679036482,False
14640,NEG_60065,760.5854001952249,Actinomycetota,Bacteria,0.23128229712977144,False
14645,NEG_46122,685.5750136709133,Actinomycetota,Bacteria,0.006010383368084598,False
14650,NEG_43367,668.5848995122226,Actinomycetota,Bacteria,0.5799750111800566,False
14659,NEG_76784,835.6083744248905,Discosea,Protozoa,0.06385234030240769,False
14686,NEG_54057,729.6022806170133,Streptophyta,Plantae,0.0,False
14694,NEG_51198,714.5820874655151,Streptophyta,Plantae,0.4346526814435511,False
14693,NEG_53100,724.6110014533757,Streptophyta,Plantae,0.3842385906823719,False
14695,NEG_44969,678.6046743767437,Streptophyta,Plantae,0.3429790688174547,False
14696,NEG_56296,741.6013432306505,Streptophyta,Plantae,0.9862298800849142,True
14702,NEG_84528,874.6653664925074,Streptophyta,Plantae,0.40939592296942995,False
14724,NEG_44649,676.5668632435608,Evosea,Protozoa,0.4989254626616165,False
14743,NEG_58850,754.5804786060445,Evosea,Protozoa,0.0,False
14738,NEG_97199,972.7190844778412,Basidiomycota,Fungi,0.34976736226990024,False
14739,NEG_51413,715.5853717417962,Chlorophyta,Plantae,0.9934504050665297,True
14752,NEG_86150,884.5426361134007,Ascomycota,Fungi,0.0,False
14756,NEG_74983,827.6420741172192,Discosea,Protozoa,0.03865727293789911,False
14789,NEG_48819,701.5136280956872,Ascomycota,Fungi,0.6663902759536688,False
14806,NEG_46743,689.5139151470783,Actinomycetota,Bacteria,0.7551723551941851,True
14818,NEG_62645,772.5872567537425,Arthropoda,Animalia,0.2901820329799131,False
14805,NEG_38536,638.574452681115,Arthropoda,Animalia,0.0,False
14817,NEG_66552,790.6275390405892,Basidiomycota,Fungi,0.0,False
14824,NEG_55534,737.5953359932217,Ascomycota,Fungi,0.81503578013318,True
14846,NEG_54613,732.5925792879253,Chlorophyta,Plantae,0.19639104350627928,False
14848,NEG_59899,759.6113322063065,Chlorophyta,Plantae,0.9468804258748373,True
14860,NEG_42664,664.590542769599,Arthropoda,Animalia,0.0,False
14866,NEG_104572,1096.7316244971278,Streptophyta,Plantae,0.0,False
14871,NEG_103996,1079.7411915210482,Streptophyta,Plantae,0.17742634571421576,False
14887,NEG_67469,794.6144083003251,Chlorophyta,Plantae,0.7975994916458946,True
14894,NEG_47279,692.620109832043,Arthropoda,Animalia,0.0,False
14905,NEG_85249,878.6507607356175,Streptophyta,Plantae,0.30642967496539175,False
14910,NEG_89583,905.6702400210456,Streptophyta,Plantae,0.0,False
14911,NEG_78200,842.6715709334304,Streptophyta,Plantae,0.4852171969932189,False
14927,NEG_51786,717.6011049649156,Actinomycetota,Bacteria,0.9898531456752369,True
14930,NEG_46919,690.5820942711133,Actinomycetota,Bacteria,0.3295179189298928,False
14941,NEG_61704,768.5983458215383,Chlorophyta,Plantae,0.8527121353412145,True
14963,NEG_86021,883.5391515630449,Chlorophyta,Plantae,0.0,False
14959,NEG_43009,666.6057273255942,Arthropoda,Animalia,0.3511543402529919,False
14992,NEG_88985,901.550328673283,Streptophyta,Plantae,0.0,False
15032,NEG_50461,710.6316548929407,Chlorophyta,Plantae,0.5297920230913554,False
15034,NEG_53708,727.6217847126845,Chlorophyta,Plantae,0.0022921617458363346,False
15074,NEG_48876,701.6063834822695,Actinomycetota,Bacteria,0.9052716500193856,True
15090,NEG_104078,1081.7569135425365,Streptophyta,Plantae,0.0,False
15109,NEG_64746,782.6139927779499,Discosea,Protozoa,0.0,False
15162,NEG_85733,881.6528729333452,Streptophyta,Plantae,0.0,False
15185,NEG_83477,869.560199985049,Streptophyta,Plantae,0.39207975503088,False
15189,NEG_93721,937.5479559578608,Chlorophyta,Plantae,0.0,False
15223,NEG_104142,1083.772283321981,Chlorophyta,Plantae,0.0,False
15228,NEG_57196,745.632507358796,Chlorophyta,Plantae,0.9915184474009473,True
15220,NEG_103058,1057.7565175105535,Chlorophyta,Plantae,0.0,False
